AREAACRES,AREASQKM,STATES,HUC12,NAME,TOHUC,MeanCanHei,PctMarWetMeaH12,PctNatSemNatWoo12,PctTreCanBuf,dem_mean,aspect_sh3_mean,geomorph_sh3_std,PctCarbKarstH8,PctVolcKarstH8,hli_mean_rev,sbd250m_100bd_mean_rev,HydroSumW,HydroCompositeStd,PctChange_Bio18_MEAN,PctChange_Bio19_MEAN,MeanDifSWEH12,MeanJunFloPctCh2040,Back_rcp45_rev,Diff_bio8_rev,Diff_bio9_rev,Diff_bio5_rev,MeanDifPNVH12_rev,StrTemCha2040_rev,MacroSumW,MacroCompositeStd,sum_CI,Ave_CI,Macrorefugia,Hydrorefugia,Shape_Length,Shape_Area,HydroQuant,MacroQuant
26598.790000000000873,107.640000000000001,NM,1.30202E+11,Canada Lagunita-Arroyo Chico,1.30202E+11,-1.117290481,-0.44163384,-0.955894385,-1.230155201,-0.691684874,0.525659235,0.603700879,-0.74637128,-0.602836739,1.180521309932170,-0.778879939,-0.215103148,0.116165389,0.453058873,0.361900256,0.209349764,0.740246235,0.395038775,0.118540996,-1.560085727,0.370948228,-0.987339666,0.636469962,0.236554536,0.732556047,0.848721436,0.424360718,0.732556047,0.116165389,55483.893963120171975,107667223.948496222496033,2,4
34646.970000000001164,140.210000000000008,NM,1.30302E+11,Gallinas Canyon,1.30302E+11,0.350783151,-0.450217935,0.346325698,-0.210700522,-0.248413378,0.581752532,-1.843452825,-0.664344693,0.132556793,-2.28957996,-0.308652332,-0.509369935,0.031438069,0.909785377,-0.018555682,0.257969035,0.293535557,-0.696543726,-0.971011026,-0.955976256,-2.583613376,-0.272959221,0.238818148,-0.115679695,0.613825088,0.645263157,0.322631579,0.613825088,0.031438069,73822.153325238905381,140341941.825682550668716,1,2
31586.350000000002183,127.829999999999998,"CO,NM",1.108E+11,Gold Creek-Vermejo River,1.108E+11,-0.049623762,0.368574855,0.058564249,0.981861992,1.784280467759170,-1.279570858,-0.265956433,-0.482886884,-0.560610275,1.485328142497570,1.135499792612650,0.126785545,0.214604336,0.18678479,1.214092379251650,-0.529985305,-2.259733872,1.078792480342370,-0.270395794,0.507002248,0.105827866,0.579491437,-0.522684463,-0.231609813,0.574747415,0.789351751,0.394675876,0.574747415,0.214604336,33918.275837596222118,55495328.355391517281532,4,1
26718.529999999998836,108.129999999999995,NM,1.108E+11,Urraca Creek,1.108E+11,-0.627670033,0.119399788,-0.113215384,0.148383313,-0.086960079,-0.933521453,0.950969943,-0.42405683,-0.602836739,1.459277703625700,-0.529744971,0.0320285,0.187321236,-0.559696129,-0.618061775,0.202530417,-0.431488431,-0.181884742,0.368309671,0.642363921,0.384614756,-0.28532526,0.358589857,0.102046959,0.687216292,0.874537528,0.437268764,0.687216292,0.187321236,82386.284411231172271,108039869.167327791452408,4,3
11255.700000000000728,45.550000000000004,NM,1.30301E+11,Headwaters Tierra Blanca Creek,1.30301E+11,-1.117349612,-0.454849381,0.712636492,-0.242181531,-0.616165892,0.647937258,-1.569971104,-0.387058573,0.290966598,-0.041806797,0.770725928,-0.345774248,0.078541666,1.154592377395640,0.274090135,0.231108934,0.39543684,-1.144675285,-0.574567825,-0.251408645,-2.189401175,-1.50176287,0.44519999,-0.012291233,0.648675225,0.727216891,0.363608446,0.648675225,0.078541666,35302.219699510293140,45586125.045588903129101,1,2
13369.860000000000582,54.109999999999999,NM,1.108E+11,Outlet Cieneguilla Creek,1.108E+11,-0.312340224,3.197133829973160,0.022119222,0.047457481,1.375115127141980,-0.929365,0.482984803,-0.42405683,-0.602836739,-0.117939902,0.85509075,0.96692848,0.456504077,-0.349885847,-0.406127303,-0.649381615,-1.967194108,1.094028468738120,0.390376503,-0.500258725,1.049288743056870,1.636504109205910,-0.074703597,-0.133740728,0.607737083,1.064241160088900,0.53212058,0.607737083,0.456504077,41426.621601184102474,54063371.658570535480976,5,2
23634.799999999999272,95.650000000000006,NM,1.40801E+11,Farmington Glade,1.40801E+11,-0.16467994,-0.454849381,-0.592541032,-1.702123275,-1.232059572,0.456869427,0.096820868,-0.22392424,-0.602836739,0.713507849,-1.737878228,-0.344322085,0.078959783,0.555347321,-0.411470837,0.375367842,0.648733954,-2.477060134,-3.463283132,-0.15916435,0.276676361,-1.742579364,-2.115574913,-0.969918024,0.32587881,0.404838592,0.202419296,0.32587881,0.078959783,85633.595282775917440,95751421.797178864479065,1,1
16862.959999999999127,68.239999999999995,NM,1.108E+11,Rito San Jose,1.108E+11,0.383345893,1.616384665701700,2.179618749276280,1.930611411372440,1.163070780922090,-1.958093307,-0.774139201,0.857542582,0.023350144,0.565813864,1.520114212861850,0.539511426,0.333439215,-0.267369614,0.075801606,0.190281204,-1.299087411,-0.07327532,-0.714571387,0.811617178,-0.747085675,1.419786214086480,-0.720399926,-0.242557978,0.571057012,0.904496227,0.452248114,0.571057012,0.333439215,42811.861243932158686,68190150.353869587182999,5,1
20009.869999999998981,80.980000000000004,NM,1.30202E+11,Bluewater Lake-Bluewater Creek,1.30202E+11,-0.118024801,-0.023191667,-0.334987136,0.540968324,0.441792752,0.17206332,-0.175117124,-0.049312599,-0.031853023,0.49641808,-0.908697275,-0.009457633,0.175376262,0.15692063,-0.062209601,0.272374159,1.314395483837540,0.404757061,-1.346473476,-0.629873132,-1.053932952,0.108326739,0.328668097,0.027192384,0.661984345,0.837360608,0.418680304,0.661984345,0.175376262,54161.157292060255713,81074789.678165137767792,3,3
34596.690000000002328,140.009999999999991,NM,1.108E+11,Outlet North Ponil Creek,1.108E+11,-0.727008729,-0.136813203,-0.328600814,-0.032351776,0.360867346,0.176197169,-1.245692989,-0.42405683,-0.602836739,0.823608585,-0.516950108,-0.294209367,0.093388582,-0.611703732,0.062384901,-0.051560253,-0.368299211,0.417850354,0.541835146,1.498438912371480,0.513378079,0.067954058,0.291770418,0.174127416,0.711513141,0.804901722,0.402450861,0.711513141,0.093388582,90586.433289233609685,139896002.802520871162415,2,4
29455.420000000001892,119.200000000000003,NM,1.108E+11,Turkey Creek Canyon-Cimarron River,1.108E+11,-0.362043558,-0.056657147,0.444882022,0.359389756,-0.091257217,-0.388152163,0.414987243,-0.42405683,-0.602836739,1.224549177173090,-0.541284784,0.000899513,0.178358363,-0.638670111,-0.794922081,0.226162133,-0.97844582,0.128655613,0.142967572,0.980361049,-0.043006015,-0.068252859,0.383886705,0.062498872,0.67388544,0.852243803,0.426121902,0.67388544,0.178358363,69484.537143827095861,119106583.354702666401863,3,3
19318.439999999998690,78.180000000000007,NM,1.108E+11,York Canyon,1.108E+11,-1.089207669,-0.185084632,-1.039820811,0.294727395,0.533925056,-0.083893669,-0.903320299,-0.482886884,-0.560610275,0.45111935,-0.44156223,-0.329520912,0.083221439,-0.069009407,2.039079586441350,-0.31117222,0.345487477,0.289063588,0.548162474,1.495386388174390,0.539728291,0.936621151,0.188917631,0.31421408,0.758733491,0.84195493,0.420977465,0.758733491,0.083221439,54809.835011267794471,78116490.159384489059448,1,4
11472.270000000000437,46.430000000000000,NM,1.30301E+11,Mud Spring Canyon,1.30301E+11,0.936223001,-0.454849381,0.06935154,-0.019492891,0.088676039,0.330684738,-2.235298329,-0.200629213,-0.545037789,0.335518215,0.850834045,-0.38600514,0.066958111,1.383029136464910,0.542588742,0.21330617,0.411140138,0.996558297,-0.539468021,-0.792072307,-1.821425625,1.210311921541460,0.054598892,0.157441704,0.705888728,0.772846839,0.38642342,0.705888728,0.066958111,39670.992966089426773,46468086.059696651995182,1,4
29274.310000000001310,118.469999999999999,NM,1.504E+11,Ash Spring Canyon-Mangas Creek,1.504E+11,-0.967183463,-0.331995652,0.56030896,-1.010151415,-1.505553771,1.777908263198520,-1.494991856,-0.734180399,-0.602836739,-1.316179125,-0.525690495,-0.427582163,0.054986968,1.483838424209010,-0.320674473,0.236432771,0.337150938,0.05614837,-0.824713239,0.587857376,-1.511056604,-0.88529368,0.63380188,0.171143218,0.710507229,0.765494196,0.382747098,0.710507229,0.054986968,72177.277462666694191,118681633.418690249323845,1,4
23355.159999999999854,94.519999999999996,NM,1.504E+11,Lake Roberts-Sapillo Creek,1.504E+11,0.892431455,0.067827092,0.05831057,0.445018254,-0.51503632,0.671537729,-0.842270508,-0.745659554,-0.602836739,-0.718553047,0.142931074,-0.086004356,0.153336403,1.700491311192320,0.279800691,0.442996925,0.33502497,-0.181228779,-0.906377386,-2.417127945,-2.098813281,0.399512218,0.240835649,0.033894777,0.664243585,0.817579987,0.408789994,0.664243585,0.153336403,57198.813779738557059,94642745.161835595965385,3,3
20444.279999999998836,82.739999999999995,NM,1.108E+11,Headwaters North Ponil Creek,1.108E+11,-0.139221689,1.765306644276830,0.778783778,0.535488403,1.184225365184420,-1.494028211,0.681314096,-0.42405683,-0.602836739,1.498028107545820,0.707503353,0.630481032,0.359631811,-0.192666472,0.669939316,-0.207698417,-1.888286834,0.952845912,-0.15419774,0.956613214,-0.079377986,-0.174395736,-0.151696944,-0.117675548,0.613152327,0.972784137,0.486392069,0.613152327,0.359631811,47424.261134501692140,82669238.651085346937180,5,2
15144.880000000001019,61.289999999999999,NM,1.504E+11,Rocky Canyon,1.504E+11,1.371877051145950,-0.254233643,-0.059380627,0.710110373,-0.141460469,0.293152695,-1.105860596,-0.745659554,-0.602836739,-2.081034046,0.038278048,-0.296794423,0.092644275,1.557476688191110,0.340716589,0.430708762,0.274504849,-0.230223481,-0.252964903,-1.692566187,-1.299216638,0.329008652,0.191961981,0.148856058,0.702994683,0.795638957,0.397819479,0.702994683,0.092644275,54883.881829984522483,61363448.149274960160255,2,4
37048.059999999997672,149.930000000000007,NM,1.30301E+11,Seco Creek,1.30301E+11,-0.942624111,-0.454849381,2.099183801398980,-1.441888046,-1.437897347,-0.179248956,0.678959165,-0.200629213,-0.545037789,-0.607360614,0.26532101,-0.19545455,0.121822749,0.159693645,-0.35075746,0.230807304,0.362957644,0.067973006,-0.359397686,-1.097318662,-0.902840018,-2.11611914,0.484224238,-0.047453863,0.636822621,0.75864537,0.379322685,0.636822621,0.121822749,120608.303410036751302,150019805.396152168512344,2,2
30957.909999999999854,125.280000000000001,NM,1.504E+11,Cold Springs Canyon-Tularosa River,1.504E+11,-0.518711841,-0.022444776,-0.799470353,0.088208861,-0.14073485,0.053127854,-0.495703254,-0.74637128,-0.579192356,-1.041345179,0.336469445,-0.252360495,0.105437997,0.870097632,0.447864805,0.076902892,0.359135819,0.452102337,-0.211168913,0.920408928,-0.091296486,0.420838269,0.325650985,0.282380612,0.74800308,0.853441077,0.426720539,0.74800308,0.105437997,84033.112901273110765,125525334.547229558229446,2,4
36786.239999999997963,148.870000000000005,NM,1.504E+11,Lower Bear Creek,1.504E+11,-0.186577827,-0.454849381,0.827250959,-1.083087278,-1.675967491,1.219832724894780,-0.325741627,-0.734180399,-0.602836739,-1.824497236,-0.329970465,-0.320386217,0.085851563,1.298609578662830,-0.212778855,0.26863611,0.316786701,-0.200987276,-0.459410139,0.570281295,-0.986089707,-0.627078343,0.669569602,0.241996726,0.734390498,0.820242061,0.41012103,0.734390498,0.085851563,91974.214234260987723,149133144.999080836772919,1,4
26846.540000000000873,108.640000000000001,NM,1.30202E+11,Nogal Canyon-Rio Grande,1.30202E+11,0.093677495,-0.265424151,1.136642540170170,-1.210674019,-1.691019993,0.789122034,1.288594235942680,-0.532006347,0.00467343,-0.235278561,0.442822734,0.127613433,0.214842708,0.02463226,-0.517165913,0.223353935,0.128311262,-0.348390228,-0.886509513,-0.496518682,-0.98691708,-2.358685033,0.687418412,-0.098255312,0.619698491,0.834541199,0.417270599,0.619698491,0.214842708,91009.958079847114277,108672303.311300322413445,4,2
31515.110000000000582,127.540000000000006,NM,1.30201E+11,Arroyo de los Chavez-Rio Grande,1.30201E+11,0.193448231,0.22214706,2.997242216966480,-1.532655712,-1.323046305,2.217863791555540,2.669046990183400,0.134923718,2.201382555721970,0.413095637,-0.889965361,0.898543017,0.436814063,0.002117186,0.720720686,0.215433848,0.226433916,0.043525848,0.324489692,0.533544882,0.527255505,-0.803205418,0.574929387,0.297357307,0.753051418,1.189865481380180,0.594932741,0.753051418,0.436814063,91724.569018757116282,127464167.963430404663086,5,4
22761.779999999998836,92.109999999999999,NM,1.504E+11,Devils Creek,1.504E+11,0.705472146,-0.454849381,-0.286754083,0.309790909,-0.625749975,-1.031897296,-0.097883008,-0.74637128,-0.579192356,-1.84952864,0.370689952,-0.424996304,0.055731506,1.274925753020860,0.635385183,2.492787510228280,0.043067286,0.892706768,0.500757955,0.446227682,0.015561728,1.166875745358280,0.423635755,1.029969464917070,1.000000000000000,1.055731505856600,0.527865753,1.000000000000000,0.055731506,55775.655153212195728,92322052.003918379545212,1,5
44419.340000000003783,179.759999999999991,"AZ,NM",1.40802E+11,Whiskey Creek,1.40802E+11,1.496804983325210,-0.053804689,0.035435522,-0.032666768,0.778174203,0.693980827,-0.510893163,-0.1007709,-0.602836739,-0.145145668,-0.181807073,0.056056567,0.194239562,-0.536478655,0.052592734,0.332827692,0.580979568,-1.621210548,-1.062276507,-1.344342686,-2.143253492,-0.858504945,-5.916754387,-1.84025804,0.032504982,0.226744544,0.113372272,0.032504982,0.194239562,51451.256517756228277,86115152.684494048357010,4,1
33058.239999999997963,133.780000000000001,NM,1.30202E+11,Canada de Pedro Padilla,1.30202E+11,-1.079296088,-0.452798003,-1.136057171,-1.448378323,0.349406592,-0.454763618,0.605747328,-0.049312599,-0.031853023,0.117701854,-0.827464152,-0.298572331,0.092132367,0.08523237,0.071876463,0.265137679,2.282940370619800,-0.053428554,0.722780335,-0.214478181,1.397476285969340,-0.874817647,0.341968231,0.389521871,0.784118208,0.876250575,0.438125288,0.784118208,0.092132367,97330.562504866669769,133828343.037661060690880,2,5
31701.709999999999127,128.289999999999992,NM,1.30302E+11,Donahue Canyon-Mimbres River,1.30302E+11,0.096193341,-0.450191351,1.509627755632740,-0.82065635,-0.92882008,0.705640444,-1.675368612,-0.664344693,0.132556793,-2.034839355,-0.250514761,-0.472344154,0.042098787,0.72906469,-0.156290665,0.25028703,0.364510629,-0.538389217,-0.467148269,-0.190243701,-1.697276394,-0.780460544,0.480569239,0.046363736,0.668446616,0.710545403,0.355272701,0.668446616,0.042098787,70190.591290146010579,128410403.183572411537170,1,3
29063.100000000002183,117.609999999999999,NM,1.30302E+11,Whiterock Canyon,1.30302E+11,-1.117349612,-0.454849381,-1.107243485,-1.64681627,-1.591950746,1.115728647843000,-0.860072243,-0.664344693,0.132556793,-1.008501858,-1.76481445,-0.579588224,0.011220336,1.448907655963880,-0.546981924,0.224292988,0.369796808,-0.038159681,-0.523659159,0.353459599,-0.891054007,-1.715205535,0.638830713,0.163824723,0.708040314,0.719260649,0.359630325,0.708040314,0.011220336,61799.976705281413160,117804488.183892697095871,1,4
25104.279999999998836,101.590000000000003,NM,1.306E+11,Outlet Elk Canyon,1.306E+11,-0.989307658,-0.454849381,0.471384333,-0.045779425,-0.427212685,-0.489017592,-1.252480628,4.226727887391610,-0.602836739,-0.937372536,-0.217810528,-0.334915557,0.081668175,-1.027061237,-1.117397828,0.294978722,-0.00323949,0.764219426,0.90680722,-0.662328279,0.276803441,0.273040133,0.440026014,0.168672348,0.709674349,0.791342524,0.395671262,0.709674349,0.081668175,77513.163237731583649,101517057.811828151345253,1,4
23315.400000000001455,94.350000000000009,NM,1.30202E+11,Church Canyon-Jemez River,1.30202E+11,0.508562746,-0.348597802,1.011829567120260,0.887530603,-0.240889478,0.193061129,-0.153141932,1.113325668461200,-0.210928457,-0.086884019,0.355903166,0.060987671,0.195659359,-0.914728578,-0.561748081,0.475432424,-0.002503456,-1.601382821,0.093209615,-0.129975488,0.104963991,0.280280915,0.312607616,0.026325402,0.661692103,0.857351463,0.428675731,0.661692103,0.195659359,71644.381690341106150,94331586.624746501445770,4,3
28944.540000000000873,117.129999999999995,NM,1.30202E+11,Headwaters Borrego Canyon,1.30202E+11,1.627323238166580,-0.454849381,-1.015677029,0.998080865,-0.292437786,0.275602278,0.326196268,0.013349269,0.902057622,-0.312775317,-0.530449792,0.021220255,0.184209251,-0.630165069,-0.580204073,0.211066754,0.536434445,-1.668033131,0.772278199,0.920746245,1.190738453705980,-0.878761749,0.290776733,0.135498058,0.698491974,0.882701225,0.441350612,0.698491974,0.184209251,68988.524507816007826,117099698.017717406153679,4,4
30344.810000000001310,122.799999999999997,NM,1.306E+11,Cherokee Bill Canyon,1.306E+11,0.324617772,-0.344602009,-1.117714587,0.407049696,0.126636981,0.049495432,-0.956662752,2.952455048191210,-0.602836739,-0.738759268,0.489899473,-0.162072074,0.131434461,-0.398067969,-0.974182647,0.362954176,0.039024921,0.620833596,0.914775491,-0.401924543,0.547742454,0.977897111,0.110019886,0.22236289,0.727772333,0.859206794,0.429603397,0.727772333,0.131434461,68536.102954071015120,122714518.532808005809784,2,4
31683.840000000000146,128.219999999999999,NM,1.504E+11,South Fork Negrito Creek,1.504E+11,0.63696619,-0.2671805,-0.453552507,0.345874529,0.492003997,-0.809697234,-0.615418225,-0.74637128,-0.579192356,-0.610217598,-0.039488549,-0.332235151,0.082439936,1.444236411030750,0.461155496,1.597912223030900,-0.091780926,0.726154551,-0.202910599,0.582347369,-0.254798664,0.533522595,0.113930069,0.611325722,0.858883752,0.941323688,0.470661844,0.858883752,0.082439936,68144.978663315298036,128465211.742276161909103,1,5
23885.110000000000582,96.659999999999997,NM,1.30201E+11,Outlet Rio Tesuque,1.30201E+11,-0.586501705,-0.363029044,0.332311825,-1.195208763,-0.939689165,3.170237639640290,-0.874505127,0.134923718,2.201382555721970,0.537039843,0.092783845,0.18328549,0.23087219,-0.341343038,-0.093320043,0.097434624,0.262943541,0.502083579,-0.174240584,1.820480594172050,0.612772359,-0.433122704,0.433369677,0.218911862,0.726609062,0.957481252,0.478740626,0.726609062,0.23087219,58380.093944921973161,96601332.566091328859329,4,4
25882.000000000000000,104.740000000000009,"AZ,NM",1.504E+11,Vigil Canyon,1.504E+11,-0.710901121,-0.437275812,0.279304547,-0.807014041,-1.341892673,-1.466263197,0.629332157,-0.74637128,-0.579192356,-0.374246968,1.214389021914440,-0.378017648,0.069257924,2.032809470034150,0.898301771,0.718178823,0.332252523,0.362581602,1.423635167309290,0.714777042,1.271119375305770,0.177227424,0.509154427,0.829231215,0.93233524,1.001593163731600,0.500796582,0.93233524,0.069257924,46173.997275465015264,83404066.890352249145508,1,5
36902.279999999998836,149.340000000000003,NM,1.108E+11,Middle Ponil Creek,1.108E+11,-0.074104041,0.271542861,0.504506321,0.712309952,1.184079102528710,-1.393518416,-0.437101014,-0.42405683,-0.602836739,1.720439375869070,0.79971654,0.02501853,0.185302877,-0.248074098,0.168988329,-0.017299705,-1.521965661,0.785658502,0.346037917,0.948789747,0.541987344,0.366433387,-0.004417431,0.061981731,0.673711123,0.859014,0.429507,0.673711123,0.185302877,84836.808521961022052,149219490.610911399126053,4,3
24275.529999999998836,98.240000000000009,NM,1.104E+11,Oak Creek-Dry Cimarron River,1.104E+11,-0.712831186,-0.44412778,-0.962722575,0.059221046,-0.709487346,-0.594007875,-0.140949499,0.567905438,0.083128747,0.870695052,-0.679910324,-0.311471784,0.088418268,-0.075587834,2.039629885554700,0.228553262,0.350448838,0.25105756,-0.761662219,-0.136727122,-0.594242009,-0.458004399,0.576652043,0.18382053,0.714780491,0.803198759,0.40159938,0.714780491,0.088418268,61088.672640513657825,98183922.940068900585175,1,4
19811.299999999999272,80.170000000000002,NM,1.30202E+11,Rito de los Pinos-Arroyo San Jose,1.30202E+11,0.354380301,-0.159191959,0.079904687,0.414960022,0.085858021,1.344008048722290,0.70237496,-0.081206515,-0.520238879,0.045859656,-0.535281174,0.23554385,0.245918777,-2.281009501,0.405723066,0.147937658,1.928919259781780,-0.104484605,0.691003402,-1.710240052,0.615797949,0.951412557,0.089834596,0.056225844,0.671770931,0.917689708,0.458844854,0.671770931,0.245918777,60670.445289212606440,80171780.571395888924599,5,3
29734.670000000001892,120.329999999999998,NM,1.30202E+11,Headwaters Rio de las Vacas,1.30202E+11,1.933337356756110,2.430872074998170,2.388042179522240,2.154537288596940,1.575870963082680,0.516429707,-0.223826789,1.113325668461200,-0.210928457,-0.155983573,1.536457827237150,1.284070007507040,0.54781765,-2.146208768,-0.31585256,0.319790472,-1.535243887,-2.532356578,0.123843719,-0.940326289,-0.273667368,1.262071756469440,-0.530180568,-0.464017045,0.496407688,1.044225338209810,0.522112669,0.496407688,0.54781765,53219.378676159511087,120313815.625075891613960,5,1
28237.950000000000728,114.280000000000001,NM,1.108E+11,Headwaters Moreno Creek,1.108E+11,-0.409477835,1.820491375541890,-0.319072628,0.148026781,1.687644793645650,-0.868805288,-0.120365255,-0.42405683,-0.602836739,0.107999583,1.364960171679700,0.499357356,0.321877778,-0.250911259,-0.000375728,-1.712179357,-2.438581154,1.103198100286540,0.284599467,0.010220043,1.080428796341250,1.260164298290220,-0.282164191,-0.441425545,0.504022821,0.825900599,0.4129503,0.504022821,0.321877778,52239.014015107255545,114185500.167652279138565,5,1
29811.430000000000291,120.640000000000001,NM,1.30202E+11,Water Canyon-Rio Grande,1.30202E+11,0.33108475,-0.452825467,-0.171725033,-0.143308264,-0.49475252,0.117470397,0.629046807,0.013349269,0.902057622,0.856303924,-0.523514664,0.019219995,0.183633322,-0.694473336,0.205770841,0.071087338,0.393987124,-1.281039372,0.377985092,-1.000132871,1.432841079486150,-0.984542907,0.376137599,0.034821643,0.664556012,0.848189335,0.424094667,0.664556012,0.183633322,82945.379043620530865,120584508.351470753550529,4,3
38095.879999999997381,154.170000000000016,NM,1.306E+11,Carrizo Creek-Arroyo del Macho,1.306E+11,-1.117349612,-0.452374371,-1.109373821,-0.071620666,-0.661630575,-1.056679443,0.43255234,3.984926624263300,-0.602836739,-0.026363722,0.069977758,-0.181777835,0.125760643,-0.460637893,-1.406615836,0.234218681,0.131623702,0.654163078,1.309803161987890,1.551196718211480,1.512738014844910,-0.150908241,0.380117638,0.37348618,0.778712905,0.904473548,0.452236774,0.778712905,0.125760643,109671.944681019027485,154055249.254665851593018,2,5
21366.119999999998981,86.469999999999999,NM,1.104E+11,Archuleta Creek-Dry Cimarron River,1.104E+11,-0.705113483,0.689012173,-0.666049562,-1.215073825,-0.129913684,-0.926169613,0.068483307,0.567905438,0.083128747,1.339773615892980,-0.583506371,0.031464794,0.187158929,0.614445909,4.733742734386580,0.13796164,0.242666076,0.354632165,-0.243943653,-0.578240978,0.369742318,-0.311218191,0.511887954,0.43170181,0.798336203,0.985495133,0.492747566,0.798336203,0.187158929,50051.762323387258220,86410501.452786296606064,4,5
29646.170000000001892,119.969999999999999,NM,1.40801E+11,Laguna Seca Draw-Navajo Reservoir,1.40801E+11,-0.730061867,-0.454849381,-1.136057171,-0.990201372,-0.961193393,0.020000621,-0.351253902,-0.74637128,-0.602836739,0.994571244,-1.211406502,-0.465761636,0.043994071,0.343987908,0.427663289,0.634828439,0.238581924,-1.12355121,-1.251981278,0.092244787,1.253629626701960,-1.142418323,-2.731628432,-0.657792812,0.431089838,0.475083909,0.237541955,0.431089838,0.043994071,66767.555600874882657,120020829.188010379672050,1,1
20591.069999999999709,83.329999999999998,NM,1.108E+11,Manueles Creek-Ocate Creek,1.108E+11,-0.604550909,0.765893684,-0.156187653,0.328895151,0.826551979,-1.783117499,0.278664986,-0.201123834,-0.453300913,0.982540219,0.216259212,0.094913069,0.205427394,-0.35582957,-1.469900048,0.153650526,-1.315200305,0.387348954,-0.323999959,0.045164509,-0.313692219,0.61222487,0.072427092,-0.127685907,0.609778039,0.815205433,0.407602716,0.609778039,0.205427394,64572.052495131370961,83262701.452231973409653,4,2
33328.050000000002910,134.870000000000005,"CO,NM",1.301E+11,Lola Creek-Rio de los Pinos,1.301E+11,0.103505193,0.537984773,1.148427708013480,0.047675126,1.370695539704590,-1.709781445,-0.095590782,-0.74637128,1.774943003382460,1.512920667084360,0.920387672,0.236696823,0.246250749,-0.601499861,0.105161198,-0.537532891,4.320359378640230,0.5312644,1.443033298661730,0.319652913,1.730871154442390,0.153405071,-3.794916731,-0.578526561,0.457808871,0.70405962,0.35202981,0.457808871,0.246250749,65512.310865051360452,133774839.247560769319534,5,1
16743.760000000002037,67.760000000000005,NM,1.504E+11,Copperas Creek-Sapillo Creek,1.504E+11,0.919040283,-0.23241625,-0.403843776,0.54748106,-0.714511751,0.692258175,-1.087515909,-0.745659554,-0.602836739,-1.631108098,0.131548007,-0.28765929,0.095274525,1.390940201106710,0.037667493,0.326521965,0.318536869,0.439914239,-0.662605013,-1.514036349,-1.69519985,0.242007024,0.393161545,0.119948169,0.693250424,0.788524949,0.394262475,0.693250424,0.095274525,47824.097332315963286,67854184.062270253896713,2,3
42910.840000000003783,173.650000000000006,"AZ,NM",1.40802E+11,Crystal Creek,1.40802E+11,-0.739443958,1.009157707667280,-0.959279505,-0.37838406,0.535257794,0.471239078,-0.087443241,-0.1007709,-0.602836739,-0.46170606,-0.174590644,0.208181007,0.238040278,0.128066803,0.082873757,0.242351349,0.750735322,-0.879758087,-1.125898154,-1.250632391,-1.673264999,-0.442764625,-5.551564555,-1.620589588,0.106550727,0.344591005,0.172295503,0.106550727,0.238040278,66241.354194875879330,118002804.231902092695236,5,1
30449.450000000000728,123.219999999999999,NM,1.30201E+11,Canada del Agua-Rio Vallecitos,1.30201E+11,0.727696796,0.05731262,-0.207982982,1.456951525289400,0.712319367,0.135323386,-0.244124976,-0.619611268,-0.493272724,0.933947367,0.204805257,0.133804325,0.216625232,-1.078275019,-0.074965872,-0.30013659,0.258649268,0.862025367,0.14503885,0.228473628,-0.525073886,1.110210577744010,0.180676857,-0.009533398,0.649604835,0.866230067,0.433115033,0.649604835,0.216625232,62274.958184056187747,123159026.362683773040771,4,2
32907.620000000002619,133.170000000000016,NM,1.504E+11,Mineral Creek,1.504E+11,0.493036629,-0.453784142,0.707951521,0.064095144,-0.026299946,-0.271170525,-1.19684642,-0.74637128,-0.579192356,-0.775142894,-0.467151438,-0.435435625,0.052725745,1.501584903780630,0.531411252,2.126517440205160,-0.587413943,0.301609957,0.222738565,0.307317743,-0.591058245,1.680004063149340,0.122358912,0.771824701,0.912984677,0.965710422,0.482855211,0.912984677,0.052725745,72647.340754607503186,133465745.710394158959389,1,5
24537.200000000000728,99.299999999999997,NM,1.30202E+11,Outlet Arroyo del Puerto,1.30202E+11,-1.117349612,-0.454849381,-1.136057171,-1.519811176,-0.324583976,-0.003625638,0.734643499,-0.049312599,-0.031853023,-0.082936034,-1.263038133,-0.293590116,0.093566881,0.363780877,0.468489019,0.295922682,0.69713384,0.528640549,-0.64210819,-1.116299344,0.433966482,-0.980839859,0.558669329,0.179663134,0.713379118,0.806945999,0.403472999,0.713379118,0.093566881,51316.815763610728027,99375726.191160887479782,2,4
18030.100000000002183,72.969999999999999,"CO,NM",1.30201E+11,Town of Garcia-Costilla Creek,1.30201E+11,-0.546343745,-0.450911869,1.513438159256300,-0.741517454,0.689994553,-0.61660915,-0.028814525,0.134923718,2.201382555721970,1.365911927249000,-0.307220518,-0.001256038,0.177737722,0.074737148,0.90591049,-0.900244209,-0.758744069,0.407045142,0.666162256,0.152370493,1.095710864689200,0.173122004,0.084553685,-0.020362883,0.645954437,0.823692159,0.411846079,0.645954437,0.177737722,34170.078456745293806,37857487.803879246115685,3,2
16133.050000000001091,65.290000000000006,NM,1.30201E+11,Navajo Canyon-Canjilon Creek,1.30201E+11,-0.631341533,-0.452294575,-0.178385518,-0.268213141,0.004121024,0.456310623,0.074880726,-0.619611268,-0.493272724,0.65415696,-0.916989257,-0.186448074,0.124415955,-0.790924608,-0.060316389,-1.155158475,0.089227009,0.924118554,1.175444383834420,-1.744988192,1.278476506936120,0.054589361,0.447949916,-0.072717774,0.628306673,0.752722629,0.376361314,0.628306673,0.124415955,40268.682149846004904,65264475.583707489073277,2,2
36460.669999999998254,147.550000000000011,NM,1.502E+11,Upper Mangas Creek,1.502E+11,-1.117349612,-0.302253213,-1.021223876,0.356328158,0.478910019,-1.266314983,0.047166819,-0.630951865,0.231277834,-0.122541053,-1.687520028,-0.420849593,0.056925456,1.041962740932190,0.390421182,0.348590524,0.527336191,-0.005839239,-0.104956814,0.873868357,0.145197037,0.058058508,0.152559401,0.306107825,0.756001039,0.812926494,0.406463247,0.756001039,0.056925456,67939.732834193753661,147774274.389633893966675,1,4
12890.819999999999709,52.170000000000002,NM,1.305E+11,Cottonwood Wash,1.305E+11,-1.117349612,-0.454849381,-0.922209572,-0.288181357,-0.929136384,0.447208286,0.210326015,0.735663423,-0.286335422,-2.350914688,0.380312503,-0.287126757,0.095427855,-0.316375897,-0.677063816,0.413538542,0.078701126,-0.490701248,0.925406159,-0.305515716,0.194819146,0.490894554,0.495428658,0.264463834,0.7419637,0.837391556,0.418695778,0.7419637,0.095427855,65535.481565075264371,52134023.271226465702057,2,4
29462.470000000001164,119.230000000000004,NM,1.30201E+11,Abiquiu Creek,1.30201E+11,-0.073715995,-0.449321594,-0.63753644,0.02230247,0.523056181,-0.966381092,0.315662137,-0.619611268,-0.493272724,1.420914788800480,0.164482849,-0.190464529,0.12325951,-0.896831688,0.088382914,-0.567894289,-0.73384528,-3.17607752,1.329125630224380,-0.710278757,1.683353980141810,0.718131202,-0.026972515,-0.18584904,0.590172436,0.713431946,0.356715973,0.590172436,0.12325951,64584.716351421571744,119178612.857710644602776,2,1
20869.180000000000291,84.450000000000003,NM,1.30201E+11,Arroyo del Alamo-Rio Pueblo de Taos,1.30201E+11,-0.631469655,-0.439659144,-0.515373365,-0.402787616,-0.156113429,0.393477018,-0.808600326,0.134923718,2.201382555721970,1.399780028350570,-0.414970835,-0.134133331,0.139478777,0.518124084,0.340268017,-0.32645134,0.306069593,0.305653041,0.130199421,2.004032277628150,0.653520486,0.138109671,0.350153794,0.26100561,0.740798004,0.88027678,0.44013839,0.740798004,0.139478777,52903.056187953661720,84394832.296180620789528,3,4
21427.990000000001601,86.719999999999999,NM,1.30202E+11,Arroyo del Valle,1.30202E+11,-1.117349612,-0.389882165,-1.136057171,-1.322030611,-0.591502346,-0.358381475,0.696293372,-0.049312599,-0.031853023,0.052883211,-0.800890479,-0.301449124,0.091304061,0.020717536,-9.84765E-05,0.218316574,-0.114229054,-0.032449863,0.110941582,-1.118586274,0.4739332,-1.742343136,0.636867213,0.099137034,0.686235416,0.777539477,0.388769738,0.686235416,0.091304061,64299.116823039556039,86742719.219221696257591,2,3
17826.229999999999563,72.140000000000001,NM,1.306E+11,Bear Creek-Rio Penasco,1.306E+11,-0.134817125,-0.404416366,-0.914671763,-0.281882453,-0.040614672,-0.543552631,-1.248198581,4.226727887391610,-0.602836739,-0.731930354,1.066414229259640,-0.268818397,0.100699325,-1.052716666,-0.871616271,0.432121519,-0.05593452,0.8846431,0.312768215,-1.528139966,0.107133818,0.875790426,0.252539374,0.078871296,0.67940425,0.780103574,0.390051787,0.67940425,0.100699325,46049.262963699540705,72087252.566071569919586,2,3
20152.290000000000873,81.549999999999997,NM,1.30201E+11,Arroyo de los Frijoles-Rio Chama,1.30201E+11,-0.044386049,-0.395010196,1.509336943765430,-0.855412929,-0.655269729,1.031274200003390,0.75619149,-0.619611268,-0.493272724,1.544791080577530,-0.472730171,0.132779248,0.216330085,-0.341864207,2.134849847803990,-0.06123319,0.124839704,-0.525261309,1.353340979959160,-0.769406917,1.447057837337090,-0.753485081,0.52931876,0.324298241,0.762132656,0.978462741,0.48923137,0.762132656,0.216330085,50085.384612697489501,81519237.316494897007942,4,5
37761.129999999997381,152.810000000000002,"AZ,NM",1.504E+11,Steeple Canyon-Blue River,1.504E+11,2.552969759320330,-0.454849381,-0.603529688,0.08093181,0.136299802,-0.099378356,-1.148037068,-0.74637128,-0.579192356,-1.758508322,-1.048746667,-0.436406027,0.05244634,1.139614144280670,0.4186458,0.538193197,0.207158339,1.186550362600640,0.329497645,0.465620723,-0.151743393,1.136186282249590,0.156752772,0.470308908,0.811349867,0.863796207,0.431898103,0.811349867,0.05244634,43706.888446183183987,23010659.691667459905148,1,5
26231.700000000000728,106.159999999999997,NM,1.504E+11,Sign Camp Canyon,1.504E+11,0.982857883,-0.454637404,-0.05530654,0.749178038,-0.001222004,-1.183315465,0.341979726,-0.74637128,-0.579192356,-0.296625211,-0.09731618,-0.236068877,0.110128792,1.262853477104960,0.448061815,1.853980217189890,-0.030562491,0.95136264,-0.401531008,0.414427459,-0.791433956,0.848113379,0.274525683,0.669355905,0.878444541,0.988573333,0.494286666,0.878444541,0.110128792,47331.590947447301005,106377884.682021856307983,2,5
21501.540000000000873,87.010000000000005,NM,1.30201E+11,Rio de Truchas,1.30201E+11,0.439400685,-0.185968527,3.087120931069420,0.923973196,0.105766232,1.126846481792360,1.496310180210300,0.134923718,2.201382555721970,0.025208459,-0.435947195,0.662227462,0.368772461,-0.138409693,0.202109031,-0.888180742,-0.818895388,0.619057824,0.314778016,0.586611958,0.677600829,0.505015535,-0.140863337,-0.143229352,0.604538662,0.973311123,0.486655561,0.604538662,0.368772461,78500.160071030637482,86956499.436431676149368,5,2
48729.209999999999127,197.200000000000017,NM,1.305E+11,Bug Scuffle Canyon,1.305E+11,-1.117349612,-0.454849381,-0.750591468,-0.601323419,-1.797404518,-1.278321853,1.977764599495440,0.735663423,-0.286335422,-2.082327293,1.682510049523430,-0.19621767,0.121603026,-0.152321748,-0.115165638,0.392398313,0.053629036,-2.72532211,-0.311509239,-0.897287745,-0.972567835,-0.587710222,0.508395827,-0.088301013,0.623053882,0.744656908,0.372328454,0.623053882,0.121603026,128951.084265333440271,197076413.628848254680634,2,2
28891.010000000002037,116.920000000000002,NM,1.306E+11,Copeland Canyon-Arroyo Seco,1.306E+11,-1.117349612,-0.452410805,-0.902515334,-0.610848375,-0.665221728,-0.420118721,-0.172160729,3.984926624263300,-0.602836739,1.045633194447390,0.032924177,-0.163835645,0.130926682,-0.568072733,-1.339991251,0.219768981,0.067636772,0.531158823,0.28287025,1.187324766906970,0.017020446,-0.202735436,0.405319551,0.149776638,0.703304991,0.834231673,0.417115836,0.703304991,0.130926682,53079.929791658687463,116826572.653251513838768,2,4
30287.560000000001310,122.570000000000007,NM,1.40801E+11,Manzanares Canyon-San Juan River,1.40801E+11,-0.091333573,-0.005668868,0.186799642,-1.52492985,-1.292953936,0.622532982,0.053537432,-0.74637128,-0.602836739,0.877760883,-1.852929235,-0.170680009,0.128956005,0.424673474,-0.259735128,0.437989735,0.110917379,-1.880663698,-3.285831056,-0.095446413,0.353713992,-1.890075421,-2.969144253,-1.156715382,0.262913239,0.391869244,0.195934622,0.262913239,0.128956005,62768.088838679861510,122657569.732210084795952,2,1
16512.569999999999709,66.820000000000007,NM,1.30302E+11,Rio de Arenas,1.30302E+11,-0.539778088,-0.213642548,-0.011835245,-1.133689189,-1.198891666,0.20209703,0.302152673,-0.664344693,0.132556793,-1.656476479,-0.616321428,-0.27836568,0.097950405,1.143531303902160,-0.404670799,0.299407085,0.318407993,-0.129132534,-0.384692812,-1.264560149,-0.956156916,-0.751977527,0.547092696,0.110728676,0.690142721,0.788093127,0.394046563,0.690142721,0.097950405,56276.520624306453101,66919096.147538885474205,2,3
38144.330000000001746,154.360000000000014,NM,1.30202E+11,Arroyo de Los Pinos-Rio Puerco,1.30202E+11,-0.767388816,-0.413691612,-0.307679094,-0.862438136,-0.46450247,1.138405804889440,0.746220335,-0.081206515,-0.520238879,-0.01573517,-0.575305576,-0.034985678,0.168026052,-0.047427939,0.223834589,0.332136264,6.231353060541030,0.829170117,0.616230904,-1.603897446,1.030970269409070,0.589660257,0.447833121,0.679759601,0.881951414,1.049977465612500,0.524988733,0.881951414,0.168026052,63976.429366782642319,154360068.846346050500870,3,5
29541.150000000001455,119.549999999999997,NM,1.306E+11,Headwaters Elk Canyon,1.306E+11,-0.983031083,-0.454849381,-1.136057171,-0.166882632,0.444426994,-0.266571098,-1.444258308,4.226727887391610,-0.602836739,-1.223922714,2.093770149916230,-0.274568631,0.099043678,-0.294473586,-0.506860158,0.435896253,0.021926651,1.039869142499350,0.651070617,-0.887118223,0.558436116,0.955549125,0.033546681,0.218549409,0.726486887,0.825530564,0.412765282,0.726486887,0.099043678,54361.620960925662075,119463521.316914498806000,2,4
20859.619999999998981,84.420000000000002,NM,1.30301E+11,Salado Creek,1.30301E+11,-0.745223404,-0.454849381,-1.133004565,-1.699297889,-1.454042919,0.050303668,0.115120094,-0.200629213,-0.545037789,-0.647459558,0.512072987,-0.413785649,0.058959355,0.163405272,-0.41369025,0.223125543,0.357467475,0.449461179,-0.254659442,-1.184065836,-0.71542243,-2.243288124,0.498914107,-0.019250989,0.646329233,0.705288589,0.352644294,0.646329233,0.058959355,67650.681589739542687,84466674.769615024328232,1,2
31347.119999999998981,126.859999999999999,NM,1.108E+11,Outlet Van Bremmer Creek,1.108E+11,-1.115816612,-0.254205276,-1.109741231,-0.242942364,-0.712188468,-0.748807117,1.392867820116970,-0.482886884,-0.560610275,1.058158776119110,-1.3632336,-0.17386102,0.128040107,-0.475167209,0.581722846,0.135318819,0.310845258,-0.37015642,-0.036469084,0.733759998,-0.089321335,-0.279006303,0.504113189,0.160638951,0.706966455,0.835006562,0.417503281,0.706966455,0.128040107,77674.483584479632555,126756730.327927485108376,2,4
30141.830000000001746,121.980000000000004,NM,1.30202E+11,J L Draw,1.30202E+11,-1.117349612,-0.454849381,-1.136057171,-1.136706826,0.147622638,0.902675313,0.057446833,-0.741764338,-0.602836739,-0.190207448,-1.236046868,-0.309517693,0.088980903,0.85233967,0.341556844,0.233552622,0.383438678,0.142842754,0.036307799,1.700918216687140,0.090687749,-0.847664667,0.280844538,0.299918632,0.753914788,0.842895691,0.421447846,0.753914788,0.088980903,57919.275981332117226,122131501.802153095602989,1,4
31314.290000000000873,126.719999999999999,NM,1.108E+11,Griffin Canyon-Vermejo River,1.108E+11,-1.035058939,0.312918032,-0.932061887,0.187152744,0.458423486,0.234211436,-0.889794817,-0.482886884,-0.560610275,0.875538799,-0.563904847,-0.12284944,0.142727712,-0.344496284,1.451359759722510,-0.395406802,-0.450186216,0.66963099,0.400731316,1.595315433345190,0.326328212,0.500311245,0.203364041,0.171952021,0.71077986,0.853507572,0.426753786,0.71077986,0.142727712,62361.316470241879870,126623124.485033765435219,3,4
32272.020000000000437,130.599999999999994,NM,1.306E+11,Middle Rio Bonita,1.306E+11,0.339171799,-0.325176597,0.15496545,-0.663706362,-0.67934147,0.733033407,-0.237660282,2.952455048191210,-0.602836739,-0.565743694,-0.234802723,-0.009801802,0.175277167,-0.586030128,-2.080474429,0.249233324,-0.022240738,0.772504633,1.800984466030790,1.359671480737690,2.090535119701440,0.190296033,0.303692441,0.401188322,0.788050731,0.963327897,0.481663949,0.788050731,0.175277167,73051.332027527227183,130504733.233536422252655,3,5
12171.479999999999563,49.259999999999998,NM,1.108E+11,Arroyo Needam,1.108E+11,-1.117349612,-0.454849381,-1.136057171,-0.468887428,-0.456793334,-1.211500106,0.756580673,0.857542582,0.023350144,-0.332148941,-1.024480106,-0.354206664,0.076113747,-0.560778071,-1.757831938,0.216507295,0.016188815,0.582680452,-0.316427342,0.466461361,0.671736214,-0.353470289,0.488697291,0.071372138,0.676876437,0.752990184,0.376495092,0.676876437,0.076113747,33406.903229372226633,49216845.847669035196304,1,3
34690.790000000000873,140.390000000000015,NM,1.504E+11,Upper Mogollon Creek,1.504E+11,2.430676090952180,-0.45169804,-0.381593002,0.363811224,0.311971931,-0.253802438,-1.476710155,-0.745659554,-0.602836739,-1.150572204,0.029076382,-0.397841397,0.063550134,1.588344074931650,0.294598889,0.728824263,-0.181249976,0.138226784,-0.555609486,0.062948286,-1.598890644,1.289058866039260,0.089429826,0.272800304,0.744773754,0.808323888,0.404161944,0.744773754,0.063550134,72308.093117484721006,140659172.800601005554199,1,4
32467.400000000001455,131.390000000000015,"CO,NM",1.40801E+11,Arroyo Escondido-San Juan River,1.40801E+11,-1.117349612,-0.411949191,-0.756514694,0.035631091,-0.446609307,0.14593025,-1.022563218,-0.74637128,-0.602836739,2.402640594715700,-1.352210408,-0.404707116,0.061573309,0.154227922,0.27389817,0.696986896,0.410754951,-1.400043812,1.582248703070430,-0.076925088,0.676131295,-0.220623515,-3.036829867,-0.4219672,0.510581831,0.57215514,0.28607757,0.510581831,0.061573309,55470.986589380729129,37423388.435390003025532,1,1
11765.819999999999709,47.609999999999999,NM,1.30301E+11,Circle Seven Creek,1.30301E+11,0.074432015,-0.454849381,0.26966663,-0.097911292,-0.133505059,0.276773496,-1.386640779,-0.200629213,-0.545037789,-0.236672964,0.826818091,-0.332028165,0.082499533,0.96227593,0.252012594,0.218848516,0.399310304,0.963632085,-0.585091303,-0.817383925,-1.786492093,0.299302275,0.081470056,0.061355496,0.673500032,0.755999565,0.377999782,0.673500032,0.082499533,47629.950016611917817,47654659.792854078114033,1,3
31685.799999999999272,128.229999999999990,NM,1.30201E+11,Rio Nambe,1.30201E+11,1.165907217089070,-0.328392328,1.706631616544840,1.264557663917090,1.250108518835010,0.485720148,-0.199233835,0.134923718,2.201382555721970,-0.770403824,1.531697393482760,0.362240801,0.282398236,-0.413364038,-0.284845339,0.26457669,-1.761859438,0.682333128,0.532361493,1.891032031251820,0.849962119,1.323654333736590,-0.673054154,0.035123649,0.664657812,0.947056048,0.473528024,0.664657812,0.282398236,57127.900354559213156,128143329.349171370267868,5,3
16085.569999999999709,65.099999999999994,NM,1.306E+11,Canovas Canyon-Gallinas Creek,1.306E+11,1.745359361706910,-0.057837214,1.303659653700090,2.045150468359150,1.453591128869460,-0.606082557,-0.427349772,0.87030415,-0.602836739,0.878421023,0.132868459,0.231883061,0.244864737,-0.360181602,-0.310652883,0.406146778,-1.387190225,-0.831106079,-0.678234175,0.434976473,-0.729914979,1.788770859755880,-0.537542156,-0.211076191,0.581668879,0.826533616,0.413266808,0.581668879,0.244864737,48000.464254702746985,65047060.649095728993416,5,1
22315.939999999998690,90.310000000000002,NM,1.108E+11,Outlet Caliente Canyon,1.108E+11,-1.10948793,-0.129324294,-1.113764086,-0.198375089,-0.043773005,0.530313102,-1.441201802,-0.482886884,-0.560610275,0.360406519,-0.776465435,-0.404058518,0.061760058,-0.174107573,2.072793277224450,-0.134164052,0.400793509,-0.024810234,-0.082371374,0.933762869,0.061191626,1.196866102725930,0.377298604,0.274327132,0.745288417,0.807048474,0.403524237,0.745288417,0.061760058,63782.428030764378491,90237867.259210750460625,1,4
36823.400000000001455,149.020000000000010,NM,1.504E+11,Willow Spring Canyon-San Francisco River,1.504E+11,0.053222307,-0.387772029,0.053214477,-0.040547662,-0.909206061,-0.607033919,-0.464171388,-0.74637128,-0.579192356,-1.004721581,-0.739913307,-0.472052024,0.042182899,0.758066187,0.980186765,0.935417716,0.222739759,0.850280347,0.33425654,0.441791023,-0.197285417,0.673549738,0.56852921,0.621279015,0.862238804,0.904421703,0.452210852,0.862238804,0.042182899,63282.145318816707004,149355240.388429045677185,1,5
15092.100000000000364,61.079999999999998,NM,1.108E+11,Encinal Creek-Mora River,1.108E+11,0.231722323,-0.301872179,0.909678464,1.163015667515920,0.760677924,-1.493724951,-0.392603956,0.857542582,0.023350144,0.823551797,1.032883315170090,-0.055684842,0.162066206,-0.07763155,0.032740397,-0.201444648,-0.98971563,0.405172447,-1.002431712,0.322418149,-0.79637386,1.374196699503600,-0.149869018,-0.196634115,0.586537008,0.748603214,0.374301607,0.586537008,0.162066206,47435.793167386153073,61028789.519076339900494,3,1
15752.350000000000364,63.750000000000000,NM,1.306E+11,Carrizo Creek,1.306E+11,1.982489809690490,-0.16099464,0.894875702,0.831852126,0.152367646,0.387259117,-1.455446102,2.952455048191210,-0.602836739,-0.311351424,0.044310915,0.059918019,0.195351378,-0.34022851,-0.911411277,0.383762191,0.112894247,0.533426134,0.5252665,-0.184893635,-0.111937552,1.561315242908670,0.027731279,0.178259096,0.712905846,0.908257223,0.454128612,0.712905846,0.195351378,39035.557875968057488,63703757.874322287738323,4,4
7662.420000000000073,31.010000000000002,"AZ,NM",1.40802E+11,Prarie Dog Valley,1.40802E+11,2.863304572353580,-0.277304902,-0.122519092,0.980628346,0.933941024,0.396851347,-1.233835468,-0.1007709,-0.602836739,-0.427343336,-1.193872719,-0.113960673,0.145287027,-0.318683537,0.254892534,0.282772233,0.566502374,-2.129652598,-0.875820521,-1.282580426,-1.963882513,-1.044085847,-6.153393524,-1.885158511,0.017369951,0.162656979,0.081328489,0.017369951,0.145287027,32900.879556437801511,30812629.743163995444775,3,1
19805.450000000000728,80.150000000000006,NM,1.30202E+11,Canon Santo Domingo,1.30202E+11,0.326154789,-0.454849381,-1.131347762,0.200171262,-0.853892364,1.488913749120740,0.313430448,0.013349269,0.902057622,0.266898838,-0.898636217,0.045876154,0.191308347,-0.76932781,-0.539331449,0.203990062,0.491373241,-1.710244936,0.143000675,-1.498134722,0.662284963,-1.670331252,0.409016576,-0.108778601,0.616151306,0.807459653,0.403729827,0.616151306,0.191308347,59724.164873516936495,80120954.514738395810127,4,2
12877.630000000001019,52.109999999999999,NM,1.30201E+11,Outlet Rio Fernando de Taos,1.30201E+11,0.152375927,-0.352987329,0.56170182,1.167240832568160,0.279557199,-0.925649455,-0.376764859,0.134923718,2.201382555721970,0.131451872,0.037734125,-0.053724454,0.162630654,0.166844372,0.161790069,-0.19671638,-0.332173396,0.450882143,-0.493521594,-0.155595618,-0.216709758,0.989656117,0.041336718,-0.035176906,0.640960932,0.803591587,0.401795793,0.640960932,0.162630654,36617.380666259312420,52075181.177846997976303,3,2
19524.549999999999272,79.010000000000005,NM,1.306E+11,Arroyo del Vegoso-Pecos River,1.306E+11,0.193529069,-0.396176595,-0.380191346,0.77385075,-0.907245375,0.403392369,0.648244955,0.87030415,-0.602836739,0.877397903,-1.325205632,0.011019253,0.181272108,-0.44448261,-0.863004945,0.223811164,-0.062110311,0.71088914,-1.544187503,1.455122176527700,-1.706660049,-0.264276919,0.584486788,-0.04842317,0.636495887,0.817767996,0.408883998,0.636495887,0.181272108,62860.811579086679558,78953426.754400953650475,4,2
38435.300000000002910,155.539999999999992,NM,1.30201E+11,Boulder Creek-El Vado Reservoir,1.30201E+11,-1.077310467,-0.186127931,-0.933708971,0.005172558,-0.072574918,0.812816235,0.961821931,-0.619611268,-0.493272724,1.022312348580080,-1.131236158,0.043172563,0.190529911,-0.680248463,-0.241378435,-1.15019548,0.539725507,0.649874224,0.899072242,-0.306157755,0.533783912,-0.215542973,0.526093621,-0.047860644,0.636685504,0.827215414,0.413607707,0.636685504,0.190529911,83367.557174594578100,155517736.686635375022888,4,2
26672.159999999999854,107.939999999999998,NM,1.30202E+11,Seboyeta Creek,1.30202E+11,0.65344778,-0.325129359,-0.151562552,-0.280283931,0.577086845,-0.790840058,-0.026466284,-0.049312599,-0.031853023,0.413029683,-0.811795322,-0.185944891,0.124560835,0.126819803,0.095224895,0.239643298,2.256580286564980,-1.434410027,-0.274746423,-0.579903304,-0.22621779,-0.518188916,0.238991858,0.098413489,0.685991524,0.810552359,0.40527618,0.685991524,0.124560835,75032.426449041959131,107984421.817298755049706,2,3
19071.830000000001746,77.180000000000007,NM,1.504E+11,SA Canyon-East Fork Gila River,1.504E+11,1.365844917296880,0.079079122,1.467963757702960,-0.491073927,-0.93642197,0.60443863,-0.591890777,-0.745659554,-0.602836739,-0.918641151,0.121005333,-0.036966079,0.167455841,1.222017082558030,-0.071636147,0.344514949,0.35300037,0.734007065,0.054913044,0.520931522,-0.401461366,0.08440069,0.550468204,0.399155898,0.787365642,0.954821483,0.477410741,0.787365642,0.167455841,62430.716928370231471,77285244.896075159311295,3,5
11120.739999999999782,45.000000000000000,NM,1.30201E+11,West Fork Rio Brazos,1.30201E+11,0.405101332,8.558356208391620,3.408229680473690,0.019986859,2.502295239910130,-0.751439935,-0.496726549,-0.619611268,-0.493272724,0.88667393,2.975858339541300,2.854546295767870,1.000000000000000,-2.378182222,-0.253416637,-6.177004836,-0.752890992,0.326565962,4.891036171566380,-1.08754634,0.472765144,0.686993051,-0.671534537,-1.341420721,0.200652845,1.200652844983950,0.600326422,0.200652845,1.000000000000000,39663.605699866071518,44986017.167907983064651,5,1
28240.580000000001746,114.290000000000006,NM,1.306E+11,El Rito,1.306E+11,1.050257030209400,-0.295612052,0.0872677,2.067747338745460,-0.072790925,0.883114778,-0.854510947,0.87030415,-0.602836739,-0.920589223,-0.990166437,-0.040710448,0.166377737,-0.776201279,-1.646661802,0.22007461,0.295715671,-0.234083103,-1.584068271,2.279913911376530,-1.896075771,0.175618911,0.297465666,-0.166887151,0.596564101,0.762941838,0.381470919,0.596564101,0.166377737,62990.845110338254017,114199185.089173153042793,3,2
38336.529999999998836,155.140000000000015,NM,1.504E+11,Upper Bear Creek,1.504E+11,1.540304673465910,-0.453326107,-0.103797777,1.131144340991380,-0.500103665,-0.4359213,-0.365679673,-0.734180399,-0.602836739,-2.153145541,-0.554315326,-0.354351902,0.076071929,1.641778052334560,0.104099834,0.684048551,0.35322957,-0.529877278,-0.944497409,-1.543156232,-2.277794908,0.868056635,0.292438326,0.127954772,0.695949286,0.772021215,0.386010608,0.695949286,0.076071929,59678.268298353745195,155375878.018249452114105,1,3
31221.540000000000873,126.350000000000009,NM,1.504E+11,Corduroy Canyon,1.504E+11,-1.087221464,-0.302804153,-0.903067146,-0.090649346,-0.074978403,1.234837191099870,-0.584187491,-0.745659554,-0.602836739,-1.068271553,-0.155209032,-0.263395141,0.102260826,1.162386352836910,0.178744438,0.393187442,0.405738976,0.90472352,-0.314203161,-0.553862475,-0.725989012,-0.189824023,0.28554384,0.237873,0.733000474,0.8352613,0.41763065,0.733000474,0.102260826,67012.190561193856411,126490656.159234583377838,2,4
25664.709999999999127,103.859999999999999,NM,1.504E+11,Negrito Creek,1.504E+11,1.406811165600090,-0.393904139,0.040730194,0.585232445,-0.210679454,-0.994425395,-0.577200055,-0.74637128,-0.579192356,-1.355162062,-0.424805235,-0.407939753,0.060642546,0.934939349,0.497176314,1.207409546115180,0.186344975,0.909081604,-0.093889507,0.632596905,-0.342448843,0.803006891,0.333386317,0.57988334,0.848285168,0.908927714,0.454463857,0.848285168,0.060642546,61423.064879096724326,104073335.062211290001869,1,5
20211.330000000001746,81.790000000000006,NM,1.30301E+11,South Fork Cuchillo Negro Creek,1.30301E+11,-1.02999582,-0.454849381,0.417121924,-0.177995286,-0.408382671,1.119996369098390,-1.881098174,-0.200629213,-0.545037789,-0.195540139,0.485534778,-0.385912205,0.066984869,0.911946971,0.250511906,0.22448375,0.322235022,0.926313173,-0.609714919,-1.051812023,-1.829035565,-0.625356438,0.305042621,0.045288259,0.668084095,0.735068964,0.367534482,0.668084095,0.066984869,51555.330928037816193,81857581.613049000501633,1,3
28963.190000000002328,117.210000000000008,NM,1.306E+11,Arroyo Hermanos-Gallinas Creek,1.306E+11,0.839838602,-0.330309343,0.909471781,0.996612891,-0.181058299,0.286904798,-0.369115845,0.87030415,-0.602836739,0.414864113,-1.141612645,-0.018297458,0.172831039,-0.535826685,-1.652187867,0.218899804,-0.257540277,0.629859574,-1.746898449,1.822129275604550,-1.885848519,0.178436895,0.303774294,-0.174702883,0.593929578,0.766760617,0.383380308,0.593929578,0.172831039,71695.409126479047700,117118552.774112179875374,3,2
38511.840000000003783,155.849999999999994,NM,1.30202E+11,Lumbre Canyon-Rio Grande,1.30202E+11,0.130927501,0.174699989,0.602615683,-1.553287474,-1.827635508,0.200453885,3.035902725717790,-0.532006347,0.00467343,-0.019334056,0.388456859,0.42995632,0.301895354,0.202314873,-0.282083942,0.217891385,0.103119152,-0.298729179,-0.710291692,-0.516607581,-0.629545966,-2.443013503,0.679656032,-0.040717049,0.639093464,0.940988818,0.470494409,0.639093464,0.301895354,78000.443126100872178,155889032.855499714612961,5,2
26062.840000000000146,105.469999999999999,NM,1.30202E+11,Dead Cow Canyon-Rio San Jose,1.30202E+11,-1.025507419,-0.452958192,-1.019896198,-0.446222731,-0.538155234,1.157737542549330,3.202266308396810,-0.049312599,-0.031853023,0.54858986,-1.341452951,0.345103261,0.277463877,-0.037621446,0.57910241,0.229375235,1.481883927493990,0.267503358,-0.669211349,-2.333471196,0.129770314,-1.204916574,0.636077764,0.096583462,0.685374659,0.962838536,0.481419268,0.685374659,0.277463877,94148.049555991528905,105572946.387582376599312,5,3
26730.900000000001455,108.180000000000007,NM,1.30201E+11,Ute Creek-Costilla Creek,1.30201E+11,0.191953288,-0.427412169,0.896530661,1.039912714960880,1.951982935544780,-0.846795545,-0.405718207,0.134923718,2.201382555721970,0.933792378,1.327888828679670,0.138346491,0.217933044,0.23427124,0.502374777,-1.752598115,-1.18202123,0.781314264,0.605901313,-0.361978697,0.847271805,0.215414563,-0.942601643,-0.537796696,0.471538076,0.68947112,0.34473556,0.471538076,0.217933044,57753.295472963494831,108093481.426819995045662,4,1
28753.600000000002183,116.359999999999999,NM,1.30301E+11,Ash Canyon-Caballo Reservoir,1.30301E+11,-0.482865055,0.043472991,1.198615203994150,-1.748036637,-2.387730085,0.843424984,3.976975302028030,-0.200629213,-0.545037789,-1.536824343,0.073447138,0.485500298,0.317887959,-0.734167595,-0.967005592,0.228620569,0.171808248,-1.855951731,-1.340259643,-1.634762279,-1.592920579,-2.381818183,0.724653522,-0.389027063,0.521685278,0.839573237,0.419786618,0.521685278,0.317887959,93992.859847682426334,116400479.734192565083504,5,1
32784.220000000001164,132.670000000000016,"CO,NM",1.301E+11,Toltec Creek-Rio de Los Pinos,1.301E+11,0.737445673,2.334979894900060,1.714700973016480,-0.303457114,2.171804860289450,-0.831152272,-0.61437227,-0.74637128,1.774943003382460,1.823247691612530,2.745949055371120,0.997764114,0.465382485,-1.668568933,-0.195388151,-3.963165718,-0.299790146,0.606629148,3.426420507120140,-0.899426103,0.788969037,0.654303719,-4.915123339,-1.91782484,0.0063588,0.471741285,0.235870642,0.0063588,0.465382485,51833.674578885169467,59459172.070305861532688,5,1
36204.330000000001746,146.509999999999991,NM,1.30201E+11,Upper Red River,1.30201E+11,0.395657923,1.433788075646310,1.888097677870580,1.382862972875890,2.533578579860850,-1.383388158,-0.682937044,0.134923718,2.201382555721970,1.450287710873280,2.151802445434450,0.757093229,0.396086866,0.108996623,0.284040358,-2.055124641,-2.101701661,1.025019116322410,0.210064993,-1.144518706,0.512176225,1.206536219895310,-1.338539964,-0.82469088,0.374831911,0.770918778,0.385459389,0.374831911,0.396086866,79328.952540151236462,146400829.249087154865265,5,1
28845.840000000000146,116.740000000000009,NM,1.504E+11,Whiskey Creek,1.504E+11,-0.017615283,-0.096084983,-1.035646019,-0.020655445,0.346534419,-0.441989815,-0.092015727,-0.74637128,-0.579192356,-1.04288215,-0.217897623,-0.265448822,0.101669516,0.86071656,0.32408048,0.508233288,0.366909006,-0.086558997,0.114942269,0.892972595,0.69251112,0.102310759,0.273860211,0.397041337,0.786652867,0.888322382,0.444161191,0.786652867,0.101669516,63621.239005934308807,116964199.728718325495720,2,5
31984.530000000002474,129.439999999999998,NM,1.30201E+11,Black Mesa Arroyo-Rio Grande,1.30201E+11,0.047762544,-0.402352361,2.022780718449050,-1.60600639,-1.357904368,3.250970356020250,0.617128088,0.134923718,2.201382555721970,0.510715624,-0.953381125,0.447151453,0.306846295,-0.042787277,0.245692608,0.210667967,0.438495155,0.034420255,0.188406426,0.526346777,0.657036822,-0.442251125,0.566287515,0.287386503,0.749690464,1.056536759039220,0.52826838,0.749690464,0.306846295,86185.993917888074066,129361827.547488868236542,5,4
25642.170000000001892,103.769999999999996,NM,1.30201E+11,Outlet Arroyo Punche,1.30201E+11,-0.522409948,-0.454849381,-1.135573858,-0.947780268,0.316447901,-1.312472553,0.935320468,0.134923718,2.201382555721970,1.805758809016110,-0.35852732,-0.076551402,0.156058162,0.267822521,1.021649201572640,0.210820995,0.520406419,0.539082298,1.378738565880700,0.02841997,2.266933233470050,-0.429645839,0.164446195,0.471863798,0.811873989,0.967932151,0.483966075,0.811873989,0.156058162,81505.458724277646979,103700291.984902545809746,3,5
22645.590000000000146,91.640000000000001,NM,1.30201E+11,Canada de la Presa-Rio Chama,1.30201E+11,-0.056766879,-0.390783194,0.238339122,-0.045451044,0.085244059,0.724940163,0.289639462,-0.619611268,-0.493272724,0.794846387,-0.505956932,-0.004880667,0.176694094,-0.958853771,0.103199888,-0.287294196,0.316930823,-1.191508252,1.305985327262100,-0.648865943,0.923486118,-0.309875246,0.278734455,0.025995411,0.66158087,0.838274964,0.419137482,0.66158087,0.176694094,68578.389710655043018,91619200.086096495389938,3,3
14079.309999999999491,56.980000000000004,NM,1.306E+11,Apache Canyon,1.306E+11,-0.886731912,-0.451098416,-0.755808917,2.243505207931750,0.338270067,0.409255626,-0.775416753,0.87030415,-0.602836739,-1.141642121,2.469279617934710,-0.081630746,0.154595683,-0.681867266,-1.56093443,0.223539536,0.387160971,-0.563464645,-1.262090186,2.013280053939190,-1.436939114,0.237889573,0.034086699,-0.182133774,0.591424776,0.746020459,0.373010229,0.591424776,0.154595683,43656.384157902939478,56934522.716886430978775,3,2
20737.939999999998690,83.920000000000002,NM,1.306E+11,Outlet Salado Creek,1.306E+11,-1.02205172,-0.067102272,-1.092404139,-0.457259119,-0.657943156,-0.432540409,0.662261379,2.952455048191210,-0.602836739,-1.608270185,-0.072360585,-0.098432382,0.14975804,-0.749518693,-2.211667942,0.234891481,0.114481527,0.754321139,1.863168513139710,2.362598127770600,2.245321490316270,0.119879805,0.321306907,0.449745639,0.804418409,0.954176449,0.477088225,0.804418409,0.14975804,73776.227760925059556,83860981.131553053855896,3,5
35768.230000000003201,144.750000000000000,"AZ,NM",1.504E+11,Stone Creek-San Francisco River,1.504E+11,-0.450009137,1.450308049149540,0.787048082,-0.199535025,0.108828479,0.510775505,-0.440955861,-0.74637128,-0.579192356,-0.37919031,-0.490651908,0.331859548,0.273650656,1.070925025868370,0.551334677,0.52032792,0.19280136,1.047344347983980,-0.043097488,0.885273442,0.162440737,0.638347994,0.395806534,0.489185459,0.817712767,1.091363422659840,0.545681711,0.817712767,0.273650656,59582.617502830849844,98792887.225224182009697,5,5
20451.389999999999418,82.760000000000005,NM,1.108E+11,Headwaters Blosser Arroyo,1.108E+11,-1.089650088,-0.291082701,-1.118870233,-1.420736108,-0.441641734,-0.574172677,1.052654691389610,-0.482886884,-0.560610275,0.905389341,-0.763240686,-0.239143218,0.109243606,0.136912631,2.498107327519950,0.117348611,-0.832572906,0.258115649,-0.04301552,-0.117202944,0.945073527,-0.675290152,0.502943199,0.258154058,0.739836804,0.84908041,0.424540205,0.739836804,0.109243606,47195.923205683240667,82707429.112852215766907,2,4
37925.970000000001164,153.479999999999990,NM,1.30201E+11,Los Alamos Canyon,1.30201E+11,-0.142235206,-0.424310859,0.186356675,-0.21692815,0.044771196,0.19216368,0.522418904,0.134923718,2.201382555721970,1.244747096059150,0.244058738,0.168960385,0.226747607,-0.785737363,0.379838456,-0.002127861,0.265811457,-1.969988855,0.695067142,-1.112583557,1.252864441751060,0.005013579,0.213344134,0.005273458,0.654595923,0.88134353,0.440671765,0.654595923,0.226747607,67764.293829270609422,153409629.861221253871918,4,3
38051.910000000003492,153.990000000000009,NM,1.108E+11,Charette Lake-Ocate Creek,1.108E+11,-0.883177377,-0.247879486,-0.612716337,-1.157369466,-0.370981469,-2.066152023,0.537485759,-0.201123834,-0.453300913,1.056999198065750,-1.217867678,-0.448217044,0.04904563,-0.42902725,-1.969951182,0.220033044,-0.014761618,0.540551724,0.546226759,0.304904225,0.873202922,-0.251762051,0.432885115,0.158865995,0.706368828,0.755414458,0.377707229,0.706368828,0.04904563,69789.619587641398539,153867788.308702528476715,1,4
35844.770000000004075,145.060000000000002,NM,1.30302E+11,Cameron Creek,1.30302E+11,-0.336180186,-0.309505232,-0.242771159,-0.454471257,-1.017988282,-0.02996801,0.139390951,-0.664344693,0.132556793,-1.948844805,-0.916046882,-0.351221716,0.076973193,1.182029622956050,-0.327545412,0.328444945,0.320002338,-0.182514743,-0.553944897,-1.327730799,-1.312956169,-0.563888536,0.446253225,0.066359936,0.675186926,0.75216012,0.37608006,0.675186926,0.076973193,85011.089132750959834,145255788.280008196830750,1,3
27347.760000000002037,110.670000000000002,NM,1.30201E+11,Arroyo Alamo-Rio Grande,1.30202E+11,0.53906591,-0.438578375,0.799698655,-0.971535329,-0.953709894,1.715854502400990,0.125906267,0.134923718,2.201382555721970,0.928671298,-0.865123404,0.19826851,0.235186204,-0.518268075,0.36302757,0.151269456,0.496054977,-0.789903314,0.484632254,-0.36594008,1.189017463524900,-0.617492663,0.460537307,0.1790461,0.713171128,0.948357333,0.474178666,0.713171128,0.235186204,74738.274684163247002,110615166.554031506180763,5,4
35460.620000000002619,143.500000000000000,NM,1.108E+11,Outlet Wolf Creek,1.108E+11,-1.087556761,-0.263460758,-1.002416179,-0.825657101,-0.466995997,-1.71584641,1.231416911204560,0.857542582,0.023350144,0.599347279,-1.166721135,-0.254808855,0.104733049,-0.450524814,-1.672079624,0.221587351,0.147318591,0.542194227,-0.44666248,0.40929267,0.716998391,-0.244859409,0.536929908,0.094768283,0.684762799,0.789495848,0.394747924,0.684762799,0.104733049,97878.926110361542669,143389340.020049601793289,2,3
38784.029999999998836,156.950000000000017,NM,1.108E+11,Eagle Creek-Mora River,1.108E+11,-0.158241724,-0.149001165,0.023096682,0.058316241,-0.172096925,-0.457549491,1.821817087470880,0.857542582,0.023350144,0.638192596,-0.485934763,0.234705415,0.245677369,-0.459233672,-1.681697481,0.202050081,-0.998532595,0.43823539,-1.33783527,0.070243417,-0.85150503,0.147872478,0.336103264,-0.210402208,0.581896065,0.827573434,0.413786717,0.581896065,0.245677369,90928.940576317763771,156830136.343360185623169,5,1
21101.639999999999418,85.400000000000006,NM,1.108E+11,Outlet Cerrososo Creek,1.108E+11,-1.057280777,-0.207644812,-0.712415608,0.058391301,-0.486962776,-0.013890844,0.155733851,-0.42405683,-0.602836739,1.151800855998520,-1.233868102,-0.20619171,0.118731232,-0.452204866,0.088103234,0.175435786,0.468394628,-0.160156627,0.225145597,0.922724662,0.179151781,-0.33723844,0.455442559,0.204358327,0.721703363,0.840434594,0.420217297,0.721703363,0.118731232,76559.629437998344656,85327341.759777456521988,2,4
13528.409999999999854,54.750000000000000,NM,1.108E+11,Saltpeter Creek,1.108E+11,-1.117349612,-0.454849381,-1.119113043,0.160452284,-0.413557479,0.463111988,-0.520072621,-0.482886884,-0.560610275,0.064037869,-0.63357331,-0.369213777,0.071792795,-0.20869381,1.217392399074690,0.127072561,0.498185682,-0.122375599,-0.623329551,0.785056352,-0.719021232,0.751641606,0.473459228,0.186654444,0.715735746,0.787528541,0.393764271,0.715735746,0.071792795,52345.700140097607800,54704592.020873799920082,1,4
32955.440000000002328,133.370000000000005,NM,1.504E+11,Turkey Creek,1.504E+11,2.432101012240300,-0.454849381,-0.424791935,0.202584022,-0.513490386,0.017537169,-1.979949392,-0.745659554,-0.602836739,-0.944452415,-0.375649997,-0.511981281,0.030686192,1.777957270776320,0.228199991,0.276601102,0.370257085,-0.400084934,-0.317373131,0.338788987,-1.256116176,0.527972083,0.435954207,0.291125564,0.750950825,0.781637017,0.390818508,0.750950825,0.030686192,62879.562336306829820,133597717.331797763705254,1,4
29023.740000000001601,117.460000000000008,NM,1.306E+11,Indian Creek-Pecos River,1.306E+11,2.109609994066840,-0.297304607,0.265275587,2.138936336962860,1.505084466857090,-1.248566356,-0.626934099,0.87030415,-0.602836739,0.39031634,0.456081131,0.009130335,0.180728238,-0.282125564,-0.149744899,0.803466396,-1.444595414,0.53928826,-0.868351941,0.253610145,-0.863935906,1.682554127453260,-1.200432538,-0.24584444,0.569949213,0.750677451,0.375338726,0.569949213,0.180728238,55775.928423372759426,117372096.566309511661530,3,1
22548.639999999999418,91.250000000000000,"CO,NM",1.40801E+11,Eul Canyon-Navajo Reservoir,1.40801E+11,-1.016368931,-0.454849381,-1.129893267,0.132293964,-0.771151727,-0.799812675,1.237227894922180,-0.74637128,-0.602836739,0.636464802,-1.313704856,-0.280772965,0.097257283,0.186477791,0.288720095,0.634936911,0.089941704,-1.563999871,-1.842735243,-0.089261016,0.369478695,-0.465056823,-3.195970738,-0.912086301,0.345372701,0.442629984,0.221314992,0.345372701,0.097257283,52422.492452898113697,73020902.704000726342201,2,1
18782.400000000001455,76.010000000000005,"CO,NM",1.40801E+11,Murphy Arroyo-La Plata River,1.40801E+11,-0.510862613,-0.398169202,0.958282259,-1.073765328,-1.176143385,0.639861842,0.868537427,-0.22392424,-0.602836739,1.260291924479500,-1.260943069,-0.030295832,0.169376385,0.354931293,-0.042969963,0.394816901,0.30098816,-2.629151748,-3.045588053,-0.196738369,-0.200874756,-1.34870439,-2.102310995,-0.948721435,0.333023747,0.502400131,0.251200066,0.333023747,0.169376385,39710.794504554542073,63939874.186253681778908,3,1
28747.180000000000291,116.340000000000003,NM,1.108E+11,La Jara Creek,1.108E+11,-0.320687755,-0.43186147,-1.136057171,0.019938304,0.264808982,-1.045845115,1.571691943606950,0.857542582,0.023350144,0.168121963,-0.580847886,-0.040154107,0.166537922,-0.495656483,-1.752995079,0.227833704,0.523911332,0.53769595,-0.68257377,0.293540831,-0.216336629,-0.017272563,0.232113958,-0.034022258,0.641350141,0.807888063,0.403944031,0.641350141,0.166537922,89196.827666042314377,116243393.954203367233276,3,2
27520.830000000001746,111.370000000000005,NM,1.40801E+11,Tucker Canyon-Animas River,1.40801E+11,-0.062667987,-0.397725021,0.483975718,-1.361489958,-1.186796918,2.261213162864330,-0.600279149,-0.74637128,-0.602836739,0.695422158,-1.331240016,-0.1357829,0.139003821,0.51325712,-0.241810846,0.475710637,0.255606185,-2.244769724,-3.10385811,-0.08644196,0.154033166,-1.654445519,-2.284561814,-0.953388832,0.331450463,0.470454284,0.235227142,0.331450463,0.139003821,62581.775136203301372,111469315.420859694480896,3,1
29935.490000000001601,121.140000000000001,"CO,NM",1.30201E+11,Rio Chamita,1.30201E+11,-0.797630514,3.643274866402740,0.157441467,-0.307668273,0.781172252,0.592618523,-0.41508917,-0.619611268,-0.493272724,0.522763221,1.504936618166010,1.142865660873600,0.507161122,-0.746845148,-0.535760437,-1.928815147,-1.464725593,0.417386507,0.733116232,-0.467069821,0.165585296,0.77460002,0.263102499,-0.446336938,0.502367291,1.009528412695790,0.504764206,0.502367291,0.507161122,53800.453585724317236,81712511.103856518864632,5,1
26739.659999999999854,108.210000000000008,NM,1.30202E+11,Prop Canyon-Rio San Jose,1.30202E+11,-1.013712249,-0.405326777,-1.121426579,-0.449729092,-0.316121211,0.86064531,1.942195096438770,-0.049312599,-0.031853023,0.850876752,-1.420595801,0.131576644,0.215983823,0.112438842,0.570369646,0.23332095,1.171294041033070,0.387940878,-1.332893523,-1.504925015,-0.617313822,-0.923622874,0.548415861,0.019678904,0.659451705,0.875435527,0.437717764,0.659451705,0.215983823,62844.346336419774161,108326518.171895518898964,4,3
25049.920000000001892,101.370000000000005,NM,1.30201E+11,Rio Santa Barbara,1.30201E+11,0.799079239,-0.288569212,1.195014306295130,1.704133115281980,1.450348710002920,-1.429777892,-0.08595336,0.134923718,2.201382555721970,0.509729599,1.133981123078920,0.176951666,0.229048512,-0.166462796,0.107054037,-3.206807025,-2.157999683,0.739322267,-0.466833006,-1.133401666,-0.213501659,0.73026995,-0.507028314,-1.075618578,0.290249314,0.519297825,0.259648913,0.290249314,0.229048512,58439.282586497705779,101300788.843010604381561,4,1
15569.680000000000291,63.009999999999998,NM,1.306E+11,Middle Agua Chiquita Creek,1.306E+11,-0.442507909,-0.20010692,-0.427631138,0.063573654,0.062580173,-0.810298524,-1.436185532,4.226727887391610,-0.602836739,-0.932181218,2.433798971255270,-0.182958905,0.125420581,-1.018083146,-0.792619064,0.424792129,-0.039566299,0.976517685,0.331143318,-1.534302624,0.047268235,0.803423016,0.261316653,0.087044977,0.682159431,0.807580012,0.403790006,0.682159431,0.125420581,43040.971536596625810,62962079.121549867093563,2,3
28147.869999999998981,113.909999999999997,NM,1.108E+11,Vigil Canyon-Mora River,1.108E+11,-0.291223759,0.049963858,-0.132763115,0.902664915,0.83457672,-1.310666024,-0.304941568,0.857542582,0.023350144,0.151429346,1.004987653947110,-0.034090375,0.168283834,-0.224469328,-0.036893132,-0.47977196,-0.614718503,0.529545743,-1.023518076,-0.292405857,-0.780703792,0.993757248,-0.144436234,-0.300939123,0.551377922,0.719661756,0.359830878,0.551377922,0.168283834,48618.222166185849346,113822641.746365249156952,3,1
19463.529999999998836,78.769999999999996,NM,1.306E+11,Burnt Canyon,1.306E+11,-1.003212506,-0.454849381,-1.119432794,0.081253587,-0.412458017,-0.682410366,-1.158585662,4.226727887391610,-0.602836739,-0.745478026,0.634879077,-0.365419997,0.072885127,-1.088638109,-1.007382097,0.297502736,-0.047597977,0.738147072,1.134116559374940,-0.43895279,0.467704919,0.204308631,0.334690817,0.18156784,0.714021155,0.786906282,0.393453141,0.714021155,0.072885127,58430.649245594991953,78706756.630490437150002,1,4
22135.750000000000000,89.579999999999998,NM,1.30201E+11,Latir Creek,1.30201E+11,-0.296098342,-0.252288772,0.443396651,0.10862664,1.547151314506660,-1.943817484,0.455457737,0.134923718,2.201382555721970,0.279789193,1.000967884674430,0.025363485,0.185402198,0.03555377,0.620135705,-1.632832966,-0.635133066,0.729224941,0.762451452,-0.956074039,1.198614721416100,0.642435074,-0.658916063,-0.392808734,0.520410554,0.705812752,0.352906376,0.520410554,0.185402198,52548.631975033400522,89514072.150022909045219,4,1
32298.490000000001601,130.710000000000008,NM,1.108E+11,Upper Crow Creek,1.108E+11,-1.117349612,-0.454849381,-1.136057171,0.861970666,-0.102651266,-0.190877264,-1.389621295,-0.482886884,-0.560610275,0.568510313,-0.100249939,-0.494508491,0.035717078,0.104752278,2.608061499487250,-0.029441386,0.615341967,-0.111932119,-0.909080766,0.810878872,-0.94346512,1.491122637198130,0.388076346,0.227533084,0.7295151,0.765232178,0.382616089,0.7295151,0.035717078,57283.074240163776267,130605749.276033282279968,1,4
13075.909999999999854,52.920000000000002,NM,1.305E+11,La Luz Canyon,1.305E+11,0.646636745,-0.4496075,0.355992438,0.364233968,-0.291501165,0.391784028,-0.631109629,0.735663423,-0.286335422,-2.447687466,0.225285392,-0.224384134,0.113493144,-0.428345459,-0.640359398,0.623020553,-0.029887045,0.621923983,0.784497793,-0.015428892,-0.1614461,1.269162204135400,0.305319624,0.3274357,0.763190229,0.876683373,0.438341686,0.763190229,0.113493144,49012.006151373912871,52881493.792170912027359,2,5
23235.840000000000146,94.030000000000001,NM,1.306E+11,Arroyo Serrano,1.306E+11,-1.117349612,-0.454849381,-0.879653494,-1.017138872,-1.817217404,0.830026243,-1.123668456,3.984926624263300,-0.602836739,0.036283581,0.111500412,-0.288002365,0.095175744,-0.653821662,-0.91402452,0.211368642,-0.000895643,-0.078074751,-0.552343361,0.445933572,-0.958787746,-1.995170311,0.701241029,-0.067372683,0.630108394,0.725284139,0.362642069,0.630108394,0.095175744,67456.129092139657587,93957360.241917014122009,2,2
33093.919999999998254,133.930000000000007,NM,1.30202E+11,Shakespeare Canyon,CLOSED BASIN,-1.117349612,-0.454849381,-1.136057171,-0.677954859,-0.925422694,-2.145458095,0.947571083,-0.289431985,-0.436444122,1.263927905885420,0.004879992,-0.429441791,0.054451531,0.766881455,0.360776024,0.164305758,0.315896595,0.376824128,-0.382079282,-1.011581922,-0.31107626,-1.421435614,0.536915301,0.117864665,0.692548117,0.746999648,0.373499824,0.692548117,0.054451531,52061.408700294967275,133945733.160494491457939,1,3
26374.959999999999127,106.740000000000009,NM,1.30201E+11,Arroyo del Palacio-Rio Chama,1.30201E+11,-0.115191699,-0.439033875,0.9965469,-1.213187144,-1.073183591,2.691864841340760,0.878684306,-0.619611268,-0.493272724,0.87236991,-0.975697794,0.226927191,0.243437809,-0.115390698,1.601394034877020,0.136075558,0.237375666,-0.157705853,0.920245304,0.210881629,1.129055894395690,-0.853465512,0.562536114,0.377700854,0.780133585,1.023571394122360,0.511785697,0.780133585,0.243437809,62220.051255263257190,106680444.305798396468163,5,5
25398.380000000001019,102.780000000000001,NM,1.502E+11,Gatlin Lake,1.502E+11,-1.117349612,-0.446881074,-1.136057171,-0.407822328,0.230798141,-0.004231705,0.523019521,-0.630951865,0.231277834,-0.160467826,-0.728451788,-0.233132371,0.110974291,1.004871019725010,0.571348806,0.603294564,0.425951705,0.474746031,0.562191676,1.149016232545730,1.615487753048130,-0.143048086,0.236373708,0.563646136,0.842811939,0.95378623,0.476893115,0.842811939,0.110974291,51140.840358968642249,103009993.684279084205627,2,5
19402.600000000002183,78.519999999999996,NM,1.30301E+11,Madera Canyon-Cuchillo Negro Creek,1.30301E+11,-0.587928206,-0.454849381,0.756271,-1.602224298,-1.310885513,1.039070423887120,-1.183712005,-0.200629213,-0.545037789,-0.917495521,0.782953618,-0.384377506,0.06742675,-0.066173064,-0.520143002,0.221584029,0.37131681,0.791006588,-0.867961015,-0.992075936,-1.498750105,-2.315513101,0.51524398,-0.125016979,0.61067768,0.67810443,0.339052215,0.61067768,0.06742675,47174.566531161217426,78567222.825734615325928,1,2
30965.819999999999709,125.310000000000002,NM,1.502E+11,Harris Creek-Agua Fria Creek,1.502E+11,-1.117349612,-0.406061411,-1.076577364,-0.44592335,0.276313809,-0.442168153,0.519256399,-0.630951865,0.231277834,-0.390448482,-0.51423191,-0.275677715,0.098724343,0.923374016,0.427046479,0.547136586,0.442666777,0.149776227,0.260885386,0.752664878,1.254888261312010,0.064039883,0.256544471,0.464460071,0.809378344,0.908102686,0.454051343,0.809378344,0.098724343,67253.305736046677339,125554518.441856801509857,2,5
21003.049999999999272,85.000000000000000,NM,1.30202E+11,Tafoya Canyon-Rio San Jose,1.30202E+11,-0.719879964,-0.331324526,-0.946027128,-0.468769111,-0.431869385,-0.571360434,0.811845721,-0.049312599,-0.031853023,0.280622986,-0.807829458,-0.200662511,0.120323237,0.27904968,0.348766874,0.220222212,1.049546948686090,0.072478206,-0.064015187,-0.20386143,0.159278603,-1.497603372,0.554928185,0.216056279,0.725646503,0.84596974,0.42298487,0.725646503,0.120323237,57624.531128000693570,85054287.843986481428146,2,4
35393.940000000002328,143.229999999999990,NM,1.30201E+11,Headwaters Rio Puerco,1.30201E+11,1.299012478299380,0.322674473,1.198985373861350,1.814868704180240,0.889247592,-0.140140096,-0.002380666,-0.619611268,-0.493272724,1.464679105008050,1.134964670906780,0.41705199,0.298179851,-1.598526954,-0.100739319,0.3893679,-1.223124367,-2.646767548,0.879641008,-0.818267012,0.567080273,0.955387943,-0.403196338,-0.226130723,0.576594304,0.874774155,0.437387077,0.576594304,0.298179851,80637.667298137792386,143202395.181532204151154,5,1
32247.250000000000000,130.500000000000000,NM,1.30301E+11,Trujillo Canyon,1.30301E+11,-0.554720948,-0.454849381,-0.577071928,-1.367893137,-1.660269416,1.401188193227430,-0.455414468,-0.387058573,0.290966598,-0.560223037,0.224481542,-0.267211824,0.1011619,0.207843327,-0.259943347,0.220727319,0.397634506,-0.845018026,-0.508093049,0.451026671,-1.293088399,-2.126950691,0.65672366,-0.000443246,0.652668939,0.753830839,0.37691542,0.652668939,0.1011619,113814.922985546814743,130580228.028225243091583,2,2
14062.050000000001091,56.910000000000004,NM,1.40801E+11,Lower Pump Canyon,1.40801E+11,-1.033917131,-0.356028345,0.257913065,-1.349995092,-1.165016465,0.453046444,-0.81632533,-0.74637128,-0.602836739,0.913583201,-1.312773537,-0.440329967,0.051316532,0.566082834,-0.094451468,0.517054233,0.537123059,-1.918808188,-2.790376363,0.031549812,0.64147761,-1.830003037,-2.52617469,-0.902861044,0.348482347,0.399798879,0.19989944,0.348482347,0.051316532,47127.010233429107757,56945814.363278053700924,1,1
31074.889999999999418,125.760000000000005,NM,1.30201E+11,Jaroso Creek-Rio Vallecitos,1.30201E+11,-0.183356359,4.775276331012170,1.074126033321870,-0.057455643,2.001619868804190,-0.885804293,0.007481852,-0.619611268,-0.493272724,0.979636708,2.370338821698190,1.582177637463180,0.633650852,-1.935491182,-0.260205465,-2.242757914,-2.223899317,0.845139953,1.546682309627800,-0.80317267,0.746679726,0.93111183,-0.270618359,-0.659342377,0.430567511,1.064218363540640,0.532109182,0.430567511,0.633650852,55574.525756742666999,125695482.179505869746208,5,1
15706.940000000000509,63.560000000000002,NM,1.30201E+11,Chavez Creek,1.30201E+11,1.159462406298340,1.651238522918200,2.723465835283350,1.070814595195170,1.705650857563560,-0.781026917,0.145214043,-0.619611268,-0.493272724,-0.958585106,1.755922927947330,0.743433682,0.392153915,-2.010009628,-0.624375502,-3.23248763,-2.206963164,0.152625079,2.865823023135140,-0.725077473,0.368236283,0.6974067,-0.377211913,-0.859577667,0.363072289,0.755226204,0.377613102,0.363072289,0.392153915,43793.958709962287685,63539226.761063225567341,5,1
35811.930000000000291,144.930000000000007,NM,1.30202E+11,San Jose Arroyo-Rio Grande,1.30202E+11,0.059990367,-0.375797715,1.196205031308610,-1.390513304,-1.657946196,1.474283701432280,0.251062213,-0.532006347,0.00467343,-0.555954513,-0.130568048,-0.038144015,0.167116682,0.0166986,-0.599138715,0.221995104,0.249628693,-0.103842489,-0.74876481,-0.573290386,-0.948813303,-2.461655588,0.641473395,-0.087207788,0.623422386,0.790539067,0.395269534,0.623422386,0.167116682,85187.709247841616161,144967459.398396611213684,3,2
28530.880000000001019,115.460000000000008,NM,1.30202E+11,Middle Rio Salado,1.30202E+11,-1.117206919,-0.454849381,-0.888657171,-0.96333602,-0.955465106,1.599806946982030,0.800806044,1.113325668461200,-0.210928457,-0.626341137,-0.364356121,-0.001688601,0.177613175,-0.587683828,-0.634329087,0.216182947,0.872847122,-0.187246674,0.578016302,-1.136249527,1.042264182977610,-1.461371877,0.57563081,0.142423161,0.700826284,0.87843946,0.43921973,0.700826284,0.177613175,84438.220510324797942,115451684.432451009750366,3,4
26887.690000000002328,108.810000000000002,"AZ,NM",1.40802E+11,Upper Wheatfields Creek,1.40802E+11,1.137234067167680,0.221190555,-0.70378483,0.148914052,0.966144131,0.075892018,-0.26534418,-0.1007709,-0.602836739,-0.118231349,-0.583768653,0.044403091,0.190884213,-0.877807081,0.190455506,0.261584127,0.583623351,-2.239466638,-0.840410183,-1.351921314,-2.098702424,-0.864195636,-6.122428816,-1.936689228,0,0.190884213,0.095442106,0,0.190884213,54374.771169129417103,67046163.364837810397148,4,1
38117.309999999997672,154.259999999999991,NM,1.40801E+11,Slane Canyon-San Juan River,1.40801E+11,-0.572050316,0.576025278,0.82735756,-1.515978135,-1.377935617,1.040971877354480,0.201063595,-0.74637128,-0.602836739,0.775618652,-1.712132074,0.088284834,0.203518947,0.383610461,-0.575926387,0.366804447,0.310446638,-2.056710931,-3.342077125,-0.190778859,0.060393995,-1.938991015,-2.431630733,-1.082720344,0.287855454,0.4913744,0.2456872,0.287855454,0.203518947,89643.074179969422403,154380014.735548645257950,4,1
23039.229999999999563,93.239999999999995,NM,1.40801E+11,Outlet Canon Bancos,1.40801E+11,-0.794590503,-0.447531612,-0.781016786,0.352094892,-0.626641552,0.050496316,-1.007884133,-0.74637128,-0.602836739,0.242821279,-1.499947666,-0.519910354,0.028403199,-0.069789408,0.170414193,0.67633986,0.501184526,-1.231617169,-0.515739752,-0.180627529,0.497598505,-0.429872388,-2.938397093,-0.672655233,0.42608002,0.454483219,0.227241609,0.42608002,0.028403199,59509.568999868854007,93260823.775169551372528,1,1
13172.120000000000800,53.310000000000002,NM,1.30202E+11,Post Canyon-Alamosa Creek,1.30202E+11,-1.003538949,-0.380549416,-1.048038437,-0.576729437,-0.368868049,1.143750776879420,-0.712981102,-0.532006347,0.00467343,-1.911369847,-0.098876441,-0.361617362,0.073980007,0.569119515,0.067460712,0.064775002,0.256571262,0.658240777,-0.113044886,-1.062407549,-0.731734659,0.14246447,0.354391236,0.111286369,0.690330709,0.764310716,0.382155358,0.690330709,0.073980007,45181.447261760738911,53337211.110026694834232,1,3
26631.310000000001310,107.769999999999996,NM,1.504E+11,Indian Creek-Beaver Creek,1.504E+11,0.565364197,-0.287871226,-0.682286233,0.43831449,-0.13558672,0.303678083,-0.197634892,-0.745659554,-0.602836739,-0.512813474,-0.328884934,-0.180366958,0.126166872,1.320185037818910,0.154249542,0.329304264,0.393510074,0.873832696,-0.126785623,-0.27015889,-0.608097805,0.099739437,0.303892661,0.293241755,0.751664149,0.877831022,0.438915511,0.751664149,0.126166872,68765.599768534098985,107909918.980794966220856,2,4
34797.930000000000291,140.819999999999993,NM,1.30202E+11,Headwaters Santa Fe River,1.30202E+11,0.670806618,-0.425586801,0.594272313,1.408451798912530,0.43885531,0.968054277,-0.368050763,0.013349269,0.902057622,-0.537114998,0.806910877,0.154562594,0.222602096,-0.653899648,-0.665244482,0.400666291,-0.470062214,0.466311978,0.218816693,1.997161634637730,0.929104685,0.466399637,-0.048008686,0.182009291,0.71416996,0.936772055,0.468386028,0.71416996,0.222602096,98311.239206378726522,140732602.375131398439407,4,4
30993.520000000000437,125.430000000000007,NM,1.30202E+11,Upper Salado Creek,1.30202E+11,-1.117349612,-0.454849381,-1.136057171,-0.652623117,-0.059201357,-0.08721175,-0.198435635,-0.081206515,-0.520238879,0.622031663,-0.987482127,-0.377434544,0.069425815,0.012199405,0.172476017,0.207894625,-0.386531224,0.212409415,0.367950271,-0.193013486,0.457400609,-1.004643298,0.44165253,0.162510965,0.707597472,0.777023288,0.388511644,0.707597472,0.069425815,56999.479194694773469,125462109.268207907676697,1,4
26374.760000000002037,106.730000000000004,NM,1.108E+11,Middle Coyote Creek,1.108E+11,0.05190681,-0.053920022,0.233778829,0.953087453,0.793714697,-1.056050803,0.344387044,0.857542582,0.023350144,0.667921989,0.660580047,0.119342944,0.212461411,-0.469779066,-1.014155605,-0.764501037,-0.918763087,0.761521152,-0.96502103,0.014326207,-1.035402227,0.566332618,0.112324795,-0.393216278,0.520273179,0.732734591,0.366367295,0.520273179,0.212461411,60497.646407660766272,106650797.520191624760628,4,1
23816.270000000000437,96.379999999999995,NM,1.30202E+11,Agua Medio-Bluewater Creek,1.30202E+11,0.770157274,0.929096276,0.211264888,0.934143073,0.677080857,-0.014496363,0.315136568,-0.049312599,-0.031853023,0.574379505,0.121446375,0.492567103,0.319922682,0.190068908,-0.276260729,0.385730732,2.906996519457090,-0.507441277,-1.322650629,-0.696939977,-1.587242528,0.131597413,0.183011526,0.032310861,0.663709679,0.983632361,0.491816181,0.663709679,0.319922682,53063.997464923013467,96509063.745144858956337,5,3
33753.129999999997381,136.590000000000003,NM,1.305E+11,Arkansas Canyon-Sacramento River,1.305E+11,-1.117349612,-0.27845985,-0.718660991,1.103373969955320,0.521159435,0.049012144,-1.654344918,2.540561057315470,-0.602836739,-2.266257819,0.091307007,-0.369932536,0.071585845,-0.662477033,-0.441341402,0.596478945,-0.053374241,-0.003819428,0.12515679,-0.828183357,-0.936632532,0.913706959,3.546610164327870,0.924103068,0.964314602,1.035900447241810,0.517950224,0.964314602,0.071585845,78675.420210947588203,136500384.095173150300980,1,5
29272.260000000002037,118.460000000000008,NM,1.504E+11,Sand Canyon-Tularosa River,1.504E+11,-0.717747339,-0.087915252,-1.100810758,0.271936691,-0.02193262,-0.429192891,-0.496259068,-0.74637128,-0.579192356,-1.056833451,-0.013371604,-0.362386773,0.073758473,0.811094663,0.377527032,-0.179449164,0.365223816,0.302085919,-0.399187028,0.845805146,-0.384674615,0.467795244,0.3353797,0.17076739,0.710380544,0.784139018,0.392069509,0.710380544,0.073758473,58956.968241541879252,118678915.570997416973114,1,4
27191.190000000002328,110.040000000000006,NM,1.30201E+11,Stone Lake-Boulder Creek,1.30201E+11,-0.529582261,0.182523774,-0.807622827,0.383428218,0.213945955,1.117943721601720,0.129446649,-0.619611268,-0.493272724,0.80046634,-0.728378125,0.133533991,0.216547395,-0.894042424,-0.332869329,-1.714276079,0.634117873,0.687743522,1.111644613936910,-0.35869801,0.407402667,0.036075871,0.357626529,-0.213320366,0.580912414,0.797459809,0.398729905,0.580912414,0.216547395,56569.265306176494050,110028368.606440663337708,4,1
25574.709999999999127,103.500000000000000,NM,1.504E+11,South Diamond Creek,1.504E+11,0.910049997,0.165284179,1.348964805752960,1.030934582912240,0.262069901,0.539132793,-0.684179828,-0.745659554,-0.602836739,-1.059894774,-0.287924025,0.050915528,0.192759319,1.370357435789030,0.249068854,0.421713313,0.40866595,0.526137852,-0.681947973,-1.490073996,-1.762088641,0.751743663,0.01541685,0.086964289,0.682132232,0.874891551,0.437445776,0.682132232,0.192759319,62282.392590084826224,103609237.350586339831352,4,3
13728.989999999999782,55.560000000000002,NM,1.305E+11,Middle Tularosa Creek,1.305E+11,0.271050094,-0.454849381,0.466158435,-0.438996583,-1.123168963,0.647152046,-0.032552065,0.735663423,-0.286335422,-2.239561686,0.492104643,-0.169405044,0.129323102,-0.659760353,-1.306368545,0.344092458,0.075966387,-0.721217616,0.679953435,-0.08160886,0.021779194,0.714200442,0.499019011,0.16159206,0.707287728,0.836610831,0.418305415,0.707287728,0.129323102,47645.857204061445373,55524067.414178594946861,2,4
27796.500000000000000,112.490000000000009,NM,1.108E+11,Arroyo Chorro,1.108E+11,-0.705278214,-0.434346991,-1.136057171,-0.351249424,-0.789305429,-1.646066895,0.889725491,-0.201123834,-0.453300913,1.143257731026440,-0.984215795,-0.375382314,0.070016708,-0.417477974,-1.067377031,0.218264362,0.128311184,0.515962642,-0.539923576,0.365684098,-0.196278238,-0.350837211,0.521633629,0.057249103,0.67211585,0.742132558,0.371066279,0.67211585,0.070016708,54642.024757572522503,112399382.012062072753906,1,3
27788.540000000000873,112.460000000000008,NM,1.30301E+11,North Fork Palomas Creek,1.30301E+11,-0.127002288,-0.454849381,0.0354307,-0.898869629,-0.719208212,0.630360966,-0.95926346,-0.200629213,-0.545037789,-0.75260121,0.642660245,-0.344572162,0.078887779,0.528423244,-0.015781954,0.225268501,0.318184372,0.873922696,-0.583500802,-1.051629341,-1.496847958,-1.068529132,0.336875162,0.000877471,0.653114126,0.732001905,0.366000952,0.653114126,0.078887779,80753.403716970584355,112540896.981903314590454,1,3
26072.130000000001019,105.510000000000005,NM,1.30201E+11,Headwaters Rio Tesuque,1.30201E+11,0.959559348,-0.444853127,1.051527509705390,1.423764103127810,0.448153637,1.949090104456260,-1.050707578,0.134923718,2.201382555721970,-0.846857933,0.572515675,0.246159898,0.248975422,-0.567475797,-0.531734874,0.485388787,-0.691857126,0.476611803,0.308534233,2.016184007303750,0.716029066,1.182305314039990,-0.233918211,0.193128349,0.717917967,0.966893389,0.483446695,0.717917967,0.248975422,52569.187293414281157,105442397.432222455739975,5,4
29842.069999999999709,120.769999999999996,NM,1.30302E+11,Headwaters Whitewater Creek,1.30302E+11,-1.117349612,-0.454849381,-1.136057171,-1.09031688,-1.108805848,-0.419809566,0.332744112,-0.664344693,0.132556793,-1.906429162,-0.926285103,-0.532524132,0.024771353,1.069399774047010,-0.393909094,0.242118692,0.318898305,-0.036016985,-0.201452508,-0.890674827,-1.11406351,-0.910085177,0.549920111,0.119873129,0.69322513,0.717996483,0.358998241,0.69322513,0.024771353,68808.091146899212617,120921000.093606948852539,1,3
17745.950000000000728,71.820000000000007,NM,1.502E+11,Escondido Creek,1.502E+11,-1.117349612,-0.454849381,-1.136057171,-0.617452423,0.029962365,-0.749417316,1.126032641305230,-0.630951865,0.231277834,0.593732838,-0.18964057,-0.189823625,0.123444044,1.030587639829540,0.468000186,0.291138143,0.539848407,-0.095449974,0.145645731,0.766283366,0.863247406,-1.071278343,0.374386229,0.349597461,0.770660506,0.894104549,0.447052275,0.770660506,0.123444044,39756.924828980714665,71936123.817574456334114,2,5
32675.720000000001164,132.229999999999990,NM,1.504E+11,Coyote Canyon,1.504E+11,-1.117349612,-0.454849381,-1.136057171,-1.529045737,0.226338698,-1.100220289,-0.105006972,-0.745659554,-0.602836739,-0.715221763,-0.744817775,-0.613968259,0.001321399,1.183392744784810,0.3245851,0.337026353,0.423251917,0.390026459,1.143549227830410,1.991530345275870,1.910423290278920,-0.359054777,0.272474156,0.619451923,0.861622929,0.862944328,0.431472164,0.861622929,0.001321399,68923.079756960229133,132416247.676054045557976,1,5
22344.760000000002037,90.430000000000007,NM,1.306E+11,Magado Canyon,1.306E+11,-1.050171667,-0.264689514,-0.990669553,-0.529550661,-0.429312249,0.67716186,-0.736000695,2.952455048191210,-0.602836739,-0.157349051,0.076108417,-0.151466164,0.134488188,-0.493619282,-1.629804023,0.242549135,0.05510908,0.857431898,1.587929742026570,0.170439284,1.903689392327650,-0.156413816,0.247363806,0.314921452,0.758971932,0.89346012,0.44673006,0.758971932,0.134488188,50263.089663715931238,90361936.981471076607704,3,4
12668.870000000000800,51.270000000000003,NM,1.30202E+11,Seboyetita Creek,1.30202E+11,0.605378981,-0.362973585,0.773129493,0.287945434,0.467904211,-0.740794673,0.041011831,-0.049312599,-0.031853023,0.875062607,-0.455515709,-0.072501587,0.157224213,0.187307394,0.12452956,0.218985135,2.161292258038020,-1.62807133,-0.257364398,-0.572553596,-0.481573256,-0.730075871,0.192489417,0.052185584,0.670409042,0.827633255,0.413816627,0.670409042,0.157224213,59738.132017497184279,51291391.154015347361565,3,3
32745.860000000000582,132.520000000000010,NM,1.30202E+11,Grants Canyon-Rio San Jose,1.30202E+11,-1.094606061,0.041024275,-1.125805241,-1.249774474,-0.63300857,1.166505010281520,3.438280523669000,-0.049312599,-0.031853023,-0.651080595,-0.824996721,0.445071501,0.306247421,0.094139533,0.307288931,0.225483639,1.251729115578370,0.189720721,-0.156120844,-0.178167773,0.495017696,-1.379748483,0.63913475,0.251653908,0.737645736,1.043893157550240,0.521946579,0.737645736,0.306247421,73242.426058920260402,132623741.019329130649567,5,4
30787.299999999999272,124.590000000000003,NM,1.504E+11,Upper Corduroy Draw,1.504E+11,-1.11425099,-0.286565943,-0.985345931,-1.220293468,0.179520281,0.777510864,0.359133545,-0.745659554,-0.602836739,-0.773322944,-0.437313748,-0.209688552,0.117724397,1.117561569324300,0.350527532,0.259174959,0.357464218,0.915954501,0.078598752,-0.068762031,-0.124295425,-0.130302736,0.21222376,0.291060524,0.750928901,0.868653298,0.434326649,0.750928901,0.117724397,65687.036081757774809,124706147.639881014823914,2,4
23190.220000000001164,93.850000000000009,NM,1.108E+11,La Canada del Carro,1.108E+11,-0.819385527,-0.369334053,-1.068624937,1.067124472537070,0.655189978,-1.138553414,0.117806685,0.857542582,0.023350144,1.047716795176150,0.651585001,-0.115449229,0.144858432,-0.233702381,-0.690176367,0.091104819,0.247943323,0.503637813,-0.936685193,0.020844374,-0.905976465,0.527259145,0.026350039,-0.109640637,0.615860731,0.760719163,0.380359582,0.615860731,0.144858432,43695.696997551378445,93773985.240526214241982,3,2
14480.889999999999418,58.600000000000001,NM,1.30202E+11,Canon de la Canada,1.30202E+11,-0.157180665,-0.450297937,0.295917954,0.583476833,-0.210059192,0.615906578,0.501834613,1.113325668461200,-0.210928457,-0.532550112,-0.466142324,0.047547438,0.191789555,-0.868331173,-0.579845925,0.217643803,0.080872593,-1.66962198,0.794865216,1.172292582314830,1.010611753197840,0.187011935,0.211977689,0.128499421,0.696132876,0.887922431,0.443961216,0.696132876,0.191789555,47770.201334629680787,58587808.476017631590366,4,3
31459.869999999998981,127.310000000000002,NM,1.108E+11,Sanguijuela Arroyo-Sapello River,1.108E+11,-0.885993292,-0.124826977,-0.428754988,-1.331335261,-0.514229562,-1.015598369,1.900881601312810,0.857542582,0.023350144,0.695755382,-1.234880728,0.000586639,0.178268278,-0.552334948,-1.915781235,0.228716543,-0.755788117,0.659213471,-1.01377645,0.282917258,-0.175533074,-0.180063607,0.523161901,-0.087045879,0.623476962,0.80174524,0.40087262,0.623476962,0.178268278,76480.465425012749620,127212795.620659783482552,3,2
33509.569999999999709,135.610000000000014,NM,1.30202E+11,San Mateo Canyon-Alamosa Creek,1.30202E+11,0.71393124,-0.454849381,-0.280831672,0.017430343,-0.013259478,-0.014112304,-0.207597615,-0.532006347,0.00467343,-2.073191078,0.607037162,-0.250415388,0.105998046,0.448552903,-0.075495714,0.214752446,0.293138545,0.6492823,0.044263461,-0.522175197,-0.954711717,-1.442714406,0.230998509,0.054064409,0.671042355,0.777040401,0.388520201,0.671042355,0.105998046,64755.007606890772877,135676501.574820607900620,2,3
30089.909999999999854,121.769999999999996,"AZ,NM",1.504E+11,Big Pine Canyon-San Francisco River,1.504E+11,1.396719491250080,-0.454849381,1.104132881070210,-1.259157913,-1.696964923,-0.60931176,-0.634255363,-0.74637128,-0.579192356,-1.310419526,-0.750011267,-0.520837593,0.028136222,1.514698363611050,0.237439616,0.238474263,0.276024101,-0.20803498,0.563249384,0.40006915,0.085324695,-1.272330064,0.581249634,0.378623099,0.780444455,0.808580677,0.404290339,0.780444455,0.028136222,57035.921063861889706,121684201.903151378035545,1,5
29506.279999999998836,119.409999999999997,"AZ,NM",1.504E+11,Lower Pueblo Creek,1.504E+11,0.178361608,-0.454849381,-0.223494091,-0.634787515,-1.082963422,0.234136339,-0.782875062,-0.74637128,-0.579192356,-0.353706792,0.912713776,-0.36702012,0.072424408,2.004556996629610,1.192335713898650,0.311662687,0.22895489,0.989328861,1.348578932598870,0.590992524,0.972375488,-0.297213806,0.496136438,0.713222882,0.893231202,0.96565561,0.482827805,0.893231202,0.072424408,48841.386856205223012,113098777.534476444125175,1,5
35602.980000000003201,144.080000000000013,NM,1.305E+11,Rinconada Creek,1.305E+11,-1.117349612,-0.454849381,-1.136057171,0.574531198,-0.305406766,0.460941972,-0.968382851,0.735663423,-0.286335422,-2.352139556,-0.144658575,-0.439375685,0.051591295,-0.556574812,-1.248031701,0.539771983,0.069493275,-0.659119237,0.947622742,0.597471273,0.281582467,1.217694274232490,0.292742953,0.273043771,0.744855822,0.796447117,0.398223559,0.744855822,0.051591295,56291.084829406565404,143986747.401666730642319,1,4
25705.600000000002183,104.030000000000001,NM,1.104E+11,Pinabete Creek,1.104E+11,-0.212762988,-0.454849381,-1.126531638,-0.868162553,-0.585696153,-1.219911746,0.39985302,0.567905438,0.083128747,1.213304786947390,-0.825925764,-0.319788949,0.086023532,-0.105238074,1.716657364900280,0.227178803,0.451155674,0.217608655,-0.276590711,-0.504821214,0.380530615,-0.355544011,0.58483504,0.260845182,0.740743927,0.826767459,0.41338373,0.740743927,0.086023532,57736.137749747227645,103967447.756016716361046,1,4
31337.750000000000000,126.820000000000007,NM,1.504E+11,Snow Canyon,1.504E+11,-0.72352007,0.011077311,-0.875708464,-0.97021429,0.457853931,-0.675761917,0.546939214,-0.745659554,-0.602836739,-0.742787687,-0.048065305,-0.204597158,0.119190346,1.399403046733690,0.503442774,1.088031403369810,-0.017127864,0.915284692,0.033951209,0.752369252,0.415665583,0.279518512,0.129251568,0.561531919,0.842099279,0.961289625,0.480644813,0.842099279,0.119190346,62945.403766317438567,127052835.654898539185524,2,5
39156.260000000002037,158.460000000000008,NM,1.30201E+11,Rito de Tierra Amarilla,1.30201E+11,0.127052403,0.294744141,0.573674115,0.116874412,0.948478285,0.300430354,0.015508931,-0.619611268,-0.493272724,-0.278343185,0.484462798,0.177737033,0.22927464,-1.419587547,-0.668915914,-1.4076652,-1.94683936,0.599680097,1.400904706225090,-0.47418985,0.523072675,0.662453902,0.247361097,-0.324909245,0.543298084,0.772572724,0.386286362,0.543298084,0.22927464,72924.086718871083576,158400599.271473973989487,4,1
19525.010000000002037,79.010000000000005,NM,1.108E+11,Outlet Manuelitas Creek,1.108E+11,-0.399498191,-0.143263083,-0.629013562,0.772842616,-0.063332806,-0.144448712,-0.245192555,0.857542582,0.023350144,0.17794691,-0.416730931,-0.086374908,0.153229711,-0.375769796,-1.500606944,0.219584954,-0.234820941,0.496932801,-1.118828381,1.911017082271530,-0.660269629,0.272503374,0.281586516,-0.022996568,0.645066676,0.798296386,0.399148193,0.645066676,0.153229711,42480.393633994965057,78953186.026881903409958,3,2
14805.010000000000218,59.910000000000004,NM,1.30202E+11,Outlet San Antonio Creek,1.30202E+11,1.071560899149960,0.458121189,0.246305603,1.534268988994620,0.808095896,0.838125285,0.599939878,1.113325668461200,-0.210928457,0.191896883,1.470040887272030,0.660658142,0.368320612,-0.740339051,-0.128586173,0.908173637,-1.492840173,-0.392559536,-0.0972975,-0.598239673,-0.425252399,1.400224585771310,0.187056871,0.091707198,0.68373097,1.052051581812280,0.526025791,0.68373097,0.368320612,60051.790968362452986,59897777.882080554962158,5,3
21818.110000000000582,88.290000000000006,NM,1.108E+11,Quemado Canyon-Mora River,1.108E+11,-0.045681518,0.599772436,-0.071138759,0.792876242,1.615656405998910,-1.745326545,-0.297472093,0.857542582,0.023350144,-0.138918412,1.577970762221800,0.142497391,0.219128199,-0.25511595,0.053818319,-2.58403852,-1.098626808,1.005347158568680,-0.457885842,-0.292085216,-0.112343127,1.254679828340810,-0.435996159,-0.769303835,0.393501752,0.612629951,0.306314976,0.393501752,0.219128199,66990.286042642052053,88226184.392727732658386,4,1
27646.420000000001892,111.879999999999995,NM,1.306E+11,Perk Canyon,1.306E+11,-1.117349612,-0.376608577,-1.136057171,0.588041838,0.198106814,-0.807808852,-1.529329739,4.226727887391610,-0.602836739,-0.992343516,0.266145915,-0.397832304,0.063552752,-1.014795929,-0.694569605,0.374632177,-0.060340275,1.110903498484640,0.22879319,-1.582110595,-0.180944797,0.679807199,0.233372536,0.047283381,0.66875661,0.732309362,0.366154681,0.66875661,0.063552752,65769.356892545998562,111799415.569650515913963,1,3
23431.069999999999709,94.820000000000007,NM,1.305E+11,Lee Canyon Spring-Salt Creek,1.305E+11,-1.116355769,-0.454849381,-0.618196508,-1.71364856,-2.337758146,-0.632000956,2.524372259871570,0.735663423,-0.286335422,-0.264672969,1.009834982860830,-0.043390719,0.165606014,0.229611359,-0.709552295,0.22363579,0.317074996,-1.897391612,-1.094189003,-0.914158114,-1.493699344,-2.31313881,0.73093781,-0.212196647,0.581291196,0.746897211,0.373448605,0.581291196,0.165606014,66838.731805397866992,94789780.520186379551888,3,1
35432.510000000002037,143.390000000000015,NM,1.30302E+11,Cherry Creek-San Vicente Arroyo,1.30302E+11,-1.117349612,-0.454849381,-1.054793687,-1.666424632,-1.91772179,0.406608069,2.428118876262130,-0.664344693,0.132556793,-0.808391836,-0.239149457,-0.05931715,0.161020367,1.264822100201260,-0.496680699,0.219883697,0.353215068,-0.304316112,-0.716362081,-0.236612961,-0.899342609,-2.008350671,0.697552614,0.083414051,0.68093552,0.841955886,0.420977943,0.68093552,0.161020367,137651.526338357682107,143589156.270974576473236,3,3
11316.329999999999927,45.800000000000004,NM,1.30201E+11,Sunset Rapids-Rio Grande,1.30201E+11,-0.573639449,-0.404127718,-0.398070683,-1.710843411,-0.590064661,-0.227618285,0.805459561,0.134923718,2.201382555721970,0.872338261,-1.168690666,-0.08252777,0.154337405,0.850629376,0.70467,-0.184260513,-0.220593227,0.107091921,0.344494705,3.620463227265190,1.126527809840610,-0.612177365,0.544665654,0.441310834,0.801575209,0.955912614,0.477956307,0.801575209,0.154337405,36648.582334974315017,45763659.894453421235085,3,5
21759.220000000001164,88.060000000000002,NM,1.504E+11,Largo Canyon,1.504E+11,-0.044711333,-0.188103388,0.612418555,-0.441559838,-0.339579778,0.465589911,-0.67890247,-0.74637128,-0.579192356,-0.732087402,-0.381290758,-0.242191391,0.108365956,0.810180655,0.773272617,0.58310997,0.351873517,0.492136831,0.187485858,0.894261978,0.295048911,0.412049005,0.448937044,0.50888087,0.824351687,0.932717642,0.466358821,0.824351687,0.108365956,70131.570140657408047,88246142.571334242820740,2,5
27544.680000000000291,111.469999999999999,NM,1.30202E+11,Tres Hermanos Peaks-Rio Salado,1.30202E+11,-1.065142858,-0.345852288,-0.921428699,-1.317161862,-0.807615928,1.094986640962120,-0.339020907,-0.345091612,-0.602836739,0.062729346,-0.674341769,-0.304845294,0.090326212,0.733721412,0.145163488,0.226335503,0.300192145,0.554877326,0.168691455,-0.940859173,-0.03573811,-1.395631311,0.559143152,0.212767809,0.724538027,0.81486424,0.40743212,0.724538027,0.090326212,94435.311641907057492,111530585.332563370466232,2,4
34944.520000000004075,141.420000000000016,NM,1.504E+11,Outlet Black Canyon,1.504E+11,2.437322479784330,-0.394471234,0.209768179,0.76144844,-0.114331815,0.34911723,-0.893649428,-0.745659554,-0.602836739,-1.243423531,-0.13303043,-0.192474804,0.122680698,1.473852658712560,0.275964104,0.441986595,0.400548112,0.519526302,-0.391297571,-1.617371911,-1.315505884,0.376535254,0.195318156,0.176568663,0.712336035,0.835016733,0.417508367,0.712336035,0.122680698,83635.870796171890106,141582296.285955995321274,2,4
35186.419999999998254,142.390000000000015,NM,1.108E+11,Headwaters Cieneguilla Creek,1.108E+11,-0.525071202,3.370982853126910,-0.330680969,0.231590188,1.413617135856680,-0.941091451,0.377309529,-0.42405683,-0.602836739,0.663357136,0.917368734,1.025349821760820,0.473325152,-0.282698787,-0.3231291,-1.040911853,-2.048552477,1.046157038198740,0.050329121,-0.491706048,0.519594193,1.619933426558440,-0.166960767,-0.312419537,0.547508109,1.020833261259980,0.510416631,0.547508109,0.473325152,61565.414047953447152,142282612.444423794746399,5,1
31938.049999999999272,129.250000000000000,NM,1.30202E+11,Castillo Canyon,1.30202E+11,0.933089427,-0.437975505,-0.452140489,0.164076022,0.025508611,-0.534830953,0.149577545,-0.049312599,-0.031853023,-0.187958331,-0.070857662,-0.159616193,0.132141575,0.122681458,0.082485718,0.213260491,2.406387343521120,-0.794031206,-0.315806274,-0.962612672,-0.541373948,-1.107518756,0.300583645,0.078597376,0.679311917,0.811453493,0.405726746,0.679311917,0.132141575,66030.678657636919525,129314618.844573706388474,2,3
36080.080000000001746,146.009999999999991,NM,1.504E+11,Cienega Canyon-San Francisco River,1.504E+11,0.060181493,-0.111250619,0.574930202,-0.583856325,-0.680011758,0.490793535,0.30119001,-0.74637128,-0.579192356,-1.068949559,-0.222051607,-0.0855077,0.153479403,0.235473477,0.903157406,0.392984443,0.299431546,0.391703577,-0.200183575,0.627114186,-0.319156667,0.478978563,0.525797351,0.346473942,0.769607632,0.923087035,0.461543517,0.769607632,0.153479403,77433.441312747818301,146335948.782619029283524,3,5
14688.979999999999563,59.439999999999998,NM,1.104E+11,Village of Folsom-Dry Cimarron River,1.104E+11,-0.903589921,-0.449398286,-0.60625711,-0.476348156,-0.649204742,0.01160783,0.452646349,0.567905438,0.083128747,1.639103761013440,-0.85596782,-0.121925604,0.142993709,-0.094681624,2.038772629577230,0.231522443,0.325172058,0.210194026,-0.502728849,-0.341678312,-0.032440784,-0.413334184,0.596461509,0.233315804,0.731464336,0.874458046,0.437229023,0.731464336,0.142993709,40536.155972146581917,59409351.889078989624977,3,4
38134.739999999997963,154.330000000000013,NM,1.30202E+11,East Fork Jemez River,1.30202E+11,-0.749239218,4.971291543978310,-0.633217469,0.286773263,1.263410136929400,-0.322627438,1.829502235572350,1.113325668461200,-0.210928457,0.060921252,2.795642289479640,1.953872263650640,0.740671729,-0.799928022,-0.214153996,0.408382829,-1.188677326,-1.058372056,0.015265572,-0.547927222,0.07654805,1.430424015510170,0.016227108,-0.053583691,0.634756381,1.375428110537900,0.687714055,0.634756381,0.740671729,67177.080443535727682,154272428.367021173238754,5,2
36777.760000000002037,148.830000000000013,NM,1.504E+11,Cherry Creek-Blue Creek,1.504E+11,0.052456841,-0.445799874,0.479963358,-1.267157408,-1.362053121,-0.424811417,-0.380634545,-0.734180399,-0.602836739,-1.501939,-0.421641226,-0.526427329,0.026526787,1.580554815227220,-0.142666862,0.228611655,0.346210547,0.537867296,1.024677743723560,0.699684974,0.773413882,-1.666275138,0.591033303,0.488342493,0.81742862,0.843955406,0.421977703,0.81742862,0.026526787,63550.745728943125869,149199307.693896025419235,1,5
39638.739999999997963,160.409999999999997,NM,1.502E+11,Middle Rio Nutria,1.502E+11,-0.8651634,2.205480650821550,-0.973759619,-0.109615246,-0.220073304,0.582690692,0.845445,-0.119304281,2.107859648898060,-0.304587534,-1.984863947,0.752330348,0.394715505,-0.428736212,-0.596835138,0.273281165,0.636425489,-0.647490178,-1.790108393,-0.756347086,-1.514425581,-0.322428853,0.201706241,-0.276369724,0.559659764,0.954375269,0.477187634,0.559659764,0.394715505,78148.722616096376441,160695970.539488196372986,5,1
21269.420000000001892,86.070000000000007,NM,1.30201E+11,Rito de la Olla,1.30201E+11,1.986020397705520,-0.188900265,0.19069654,2.231990024721710,1.894656206929380,-1.819841758,-1.003443793,0.134923718,2.201382555721970,0.242867075,1.484021029152010,0.068869965,0.197928884,0.003520254,0.133939666,-1.438720402,-1.488424345,0.565680807,-0.268728052,-0.865631545,0.006674227,1.681633874363550,-0.818285306,-0.591169897,0.453547061,0.651475945,0.325737972,0.453547061,0.197928884,52621.067842465665308,86009143.156084865331650,4,1
37414.580000000001746,151.409999999999997,NM,1.305E+11,Alamo Canyon,1.305E+11,-1.117349612,-0.454849381,-0.779325829,-0.022104829,-1.872047477,-0.410300857,2.521480453718690,0.735663423,-0.286335422,-1.462885791,0.356502012,-0.005539624,0.176504362,0.829825187,0.392688795,0.48282795,-0.08577541,-2.338596621,-0.369128278,-0.730216053,-0.915137054,-0.711920466,0.151521072,-0.035037362,0.64100797,0.817512332,0.408756166,0.64100797,0.176504362,90434.383030555560254,151320043.172857195138931,3,2
25063.350000000002183,101.430000000000007,NM,1.504E+11,Big Dry Creek,1.504E+11,0.63109424,-0.453143133,0.525150122,-0.662098582,-0.464409325,-0.024840464,-0.814900132,-0.74637128,-0.579192356,-1.686634275,-0.831204476,-0.466605536,0.043751089,1.429469860020330,0.241263966,0.584056095,-0.995992401,0.119781944,-0.104580075,0.091595169,-0.980352172,0.49990415,0.220607535,0.248858196,0.736703359,0.780454448,0.390227224,0.736703359,0.043751089,66370.021164126388612,101655527.640974953770638,1,4
25047.750000000000000,101.359999999999999,NM,1.30201E+11,Rio Chiquito,1.30201E+11,1.578308541485160,-0.149288185,0.574862221,1.970672338960090,1.546029286417080,-1.475209003,-1.164655614,0.134923718,2.201382555721970,0.277787653,1.045282959035940,0.045377241,0.191164697,0.067270311,0.141777061,-0.659879105,-0.996208207,0.614469546,-0.173375187,-0.525760605,0.071283686,1.205418391290250,-0.388083529,-0.252317909,0.567767139,0.758931836,0.379465918,0.567767139,0.191164697,69462.206411433318863,101287908.308208465576172,4,1
33493.120000000002619,135.539999999999992,NM,1.504E+11,Long Canyon-Tularosa River,1.504E+11,0.025219613,-0.17149283,-0.6226276,0.453275195,-0.041152877,-0.60969443,-0.258540052,-0.74637128,-0.579192356,-0.788445811,0.144281162,-0.281346637,0.097092108,0.943017132,0.507389309,0.185137962,0.292370059,0.587697961,0.054381826,0.868005115,0.076604831,0.653473856,0.300857431,0.361293673,0.77460306,0.871695168,0.435847584,0.77460306,0.097092108,75811.626708448151476,135804742.807373344898224,2,5
30454.479999999999563,123.250000000000000,NM,1.306E+11,Headwaters Rio Penasco,1.306E+11,1.457149588409190,0.213429669,-0.533025959,1.366925156045900,1.037614645837490,-0.911218467,-0.92332065,4.226727887391610,-0.602836739,-1.10790294,0.562892525,0.118739208,0.21228758,-0.131193725,0.089093417,0.907483317,-0.096818772,0.920066816,-0.068242864,-1.836338788,-1.337763844,1.677174600091150,-0.253538587,0.103029522,0.687547494,0.899835074,0.449917537,0.687547494,0.21228758,65227.484385049494449,123160272.482042074203491,4,3
31280.380000000001019,126.590000000000003,NM,1.30202E+11,Arroyo Calabasas,1.30202E+11,-1.117349612,-0.454849381,-1.135248315,-1.174474311,-0.744005984,0.675152528,0.914145171,0.013349269,0.902057622,0.295921864,-0.584520634,-0.078754804,0.155423743,-0.51776856,-0.111058525,0.186681135,0.503908479,0.361742178,0.164230484,1.595066046590570,1.835413534421030,-1.201188374,0.532101752,0.30523993,0.755708489,0.911132232,0.455566116,0.755708489,0.155423743,63808.961423123924760,126515320.175327107310295,3,4
25227.389999999999418,102.090000000000003,NM,1.504E+11,Gilita Creek,1.504E+11,0.56914298,0.316239647,-0.262750703,-0.364206144,1.039843098203890,-0.903037378,-0.136165014,-0.745659554,-0.602836739,-0.067130145,0.610948063,-0.030991161,0.169176181,1.780832377646090,0.618823712,1.877951920925180,-0.87379552,0.123504835,-0.291983426,0.133406488,-1.033318923,1.718979288340540,-0.197965353,0.548453201,0.837690711,1.006866891280230,0.503433446,0.837690711,0.169176181,65746.156993987417081,102293663.642111703753471,3,5
32316.119999999998981,130.780000000000001,NM,1.30202E+11,San Pablo Canyon,1.30202E+11,-0.117300732,-0.257363389,-0.069471413,0.704391803,0.214435819,0.849768409,0.032847519,-0.081206515,-0.520238879,-0.601972828,0.089670648,0.020704394,0.184060721,-1.212430445,-0.019413125,0.585227856,1.562300316944830,-0.310316699,1.108200365846140,-1.364784062,1.263568919562380,1.443241091819360,0.142696363,0.335763033,0.765997203,0.950057924,0.475028962,0.765997203,0.184060721,62460.918791616306407,130768482.924619227647781,4,5
33881.230000000003201,137.110000000000014,NM,1.30201E+11,Arroyo Seco-Rio Pueblo de Taos,1.30201E+11,-0.405801007,-0.24542304,0.257394817,-0.89488331,-0.037953647,-0.379658411,1.989490776161420,0.134923718,2.201382555721970,0.442839377,-0.570201992,0.261411723,0.253366833,0.414280726,0.46081846,-0.873923362,-0.023360777,0.377924899,0.15995867,0.200203479,0.852848462,0.361072474,0.202169311,0.008395745,0.655648382,0.909015215,0.454507608,0.655648382,0.253366833,87237.466815701394808,137013012.320401430130005,5,3
13953.540000000000873,56.469999999999999,NM,1.504E+11,White Creek,1.504E+11,2.439803223742680,-0.311747438,-0.223922644,0.466671273,0.634969912,-0.416276781,-0.533781081,-0.745659554,-0.602836739,0.189446151,-0.158760477,-0.132577201,0.139926828,1.822695931649760,0.463961732,0.883312223,-0.601230887,1.140217588619690,-0.093824878,0.347782071,-0.880161612,1.599943116137800,0.027008261,0.465652191,0.809780183,0.949707011,0.474853506,0.809780183,0.139926828,42252.486072380161204,56572380.763372287154198,3,5
35452.599999999998545,143.469999999999999,NM,1.30202E+11,Headwaters Arroyo San Jose,1.30202E+11,0.060468468,0.40139239,0.064224272,0.776804153,0.329746026,1.016745048750340,0.550263403,-0.081206515,-0.520238879,-0.268436077,-0.301212817,0.348072954,0.278318931,-2.415071397,0.0364094,0.496888897,2.304714768285880,-0.174556652,0.853642846,-0.785244113,0.704705411,1.019916062337860,-0.079794525,0.157429372,0.705884571,0.984203503,0.492101751,0.705884571,0.278318931,58623.479509260294435,143465376.297680646181107,5,4
21431.490000000001601,86.730000000000004,NM,1.306E+11,Glorieta Creek,1.306E+11,-0.138772452,-0.362875865,0.010694527,1.972238845067250,0.194403738,0.836246512,-0.240277102,0.87030415,-0.602836739,0.559186797,1.440570655426370,0.176507728,0.22892069,-0.951553998,-1.75554723,0.243823128,0.363212974,0.804259112,-0.821138157,1.453963172431020,-0.754380618,0.202159002,0.074961055,-0.079818303,0.62591323,0.85483392,0.42741696,0.62591323,0.22892069,49825.305452724576753,86670476.546599373221397,4,2
14500.829999999999927,58.680000000000000,NM,1.30201E+11,Canon de los Alamos-Rio Tusas,1.30201E+11,-0.790785718,-0.315857872,1.087190354635230,-0.008881412,-0.282542934,1.207630044467240,-0.911162184,-0.619611268,-0.493272724,0.744623376,-0.888045625,-0.151996543,0.134335478,-0.264194837,1.190805973908780,0.206620436,0.350602392,0.512565136,0.09565448,-0.228443081,-0.053256249,-0.250287714,0.33242014,0.199822349,0.720174377,0.854509855,0.427254927,0.720174377,0.134335478,41707.822255220467923,58647954.591147504746914,3,4
28514.470000000001164,115.390000000000001,NM,1.30202E+11,Patterson Canyon,1.30202E+11,-1.117349612,-0.454849381,-1.136057171,0.031603514,0.306950703,-1.238117485,-0.221806393,-0.741764338,-0.602836739,-1.442636763,-0.603886,-0.597836086,0.005966285,0.930614934,0.282847934,0.08100366,0.430958882,0.06748839,-0.11059214,1.326713770391170,0.095510036,-0.496862384,0.195273354,0.227626264,0.729546509,0.735512794,0.367756397,0.729546509,0.005966285,55470.178208600031212,115569008.271041750907898,1,4
38809.090000000003783,157.050000000000011,NM,1.30202E+11,Arroyo Seccion,1.30202E+11,-0.635592106,-0.454849381,-1.097116909,-0.430622467,0.016092328,-0.167278021,0.408460834,-0.74637128,-0.602836739,0.613978911,-0.992087989,-0.284471074,0.096192498,0.385504016,0.400459587,0.229980241,1.704603693207730,0.778330412,0.205381761,-1.230623842,0.41443669,-0.496879977,0.412073822,0.310072644,0.757337498,0.853529996,0.426764998,0.757337498,0.096192498,71955.820365243314882,157108584.895251125097275,2,4
38413.120000000002619,155.450000000000017,NM,1.30202E+11,Ojito Canyon,1.30202E+11,-0.304172082,-0.454676803,-0.716563515,-0.595899698,-1.62638906,-1.238751913,1.363954846561480,-0.289431985,-0.436444122,-0.159293105,-0.434123614,-0.308690473,0.089219082,-0.668185162,-0.258014638,0.242232365,0.408275747,-2.812437071,-0.121706737,0.536080441,-0.141593201,-1.360983923,0.687248827,-0.019192383,0.646348988,0.73556807,0.367784035,0.646348988,0.089219082,86420.681089820544003,155406983.619417905807495,1,2
39315.120000000002619,159.099999999999994,NM,1.30202E+11,Rio Guadalupe,1.30202E+11,0.832267196,-0.450378012,-0.018433468,1.556688826610150,0.071605869,0.904454083,-0.567468788,1.113325668461200,-0.210928457,0.725734877,0.107094404,0.09811627,0.206349681,-0.305659353,-0.187546179,0.263695967,1.014528833289540,-1.405544207,0.551146438,0.193890735,0.391516292,-0.325390272,0.166941222,0.133160119,0.697703902,0.904053584,0.452026792,0.697703902,0.206349681,80519.045262970379554,159077800.128084808588028,4,3
35673.779999999998836,144.370000000000005,NM,1.30202E+11,Arroyo Salado,1.30202E+11,-1.117349612,-0.454849381,-1.136057171,0.488364336,-0.23890433,-0.387851992,1.047237507382530,0.013349269,0.902057622,-0.229676208,-0.448617922,-0.103656736,0.148253808,-1.416959597,-2.149430897,0.244563454,0.362736539,0.666591754,-0.222058097,1.483895647100700,0.409460284,-0.374805958,0.327957959,0.0143826,0.657666429,0.805920237,0.402960118,0.657666429,0.148253808,63637.027913057703699,144268088.522628515958786,3,3
28333.850000000002183,114.659999999999997,NM,1.40801E+11,Horn Canyon-San Juan River,1.40801E+11,-0.493050831,-0.326003268,0.748362586,-1.567449884,-1.532367188,0.671974495,1.012983669419310,-0.74637128,-0.602836739,1.014924916143360,-1.705140347,-0.095113286,0.150713697,0.229828089,-0.712923029,0.295909931,1.010475370538090,-2.398593842,-3.673219905,-0.40723216,-0.644152076,-1.544794043,-2.028794354,-1.057463054,0.29636917,0.447082867,0.223541433,0.29636917,0.150713697,74523.021500496994122,114781219.636927500367165,3,1
36648.090000000003783,148.310000000000002,NM,1.108E+11,Headwaters Palo Blanco Creek,1.108E+11,-1.0581836,-0.295963026,-0.946877884,-1.39099767,-0.588141268,-1.337078942,0.086398485,-0.259135936,-0.573024288,1.016734205942750,-0.723597693,-0.477509244,0.040611619,-0.155927382,1.533321726290170,0.211632206,-0.494786109,0.478100268,-0.108762039,0.098139107,0.395576098,-0.578904147,0.564924321,0.233949764,0.731678031,0.77228965,0.386144825,0.731678031,0.040611619,72060.765227101917844,148217225.889748066663742,1,4
26174.959999999999127,105.930000000000007,NM,1.504E+11,Spur Lake Draw,1.504E+11,-0.996354938,-0.450373682,-1.136057171,-1.109499704,0.167006304,0.558226373,1.355721752003100,-0.74637128,-0.579192356,-0.808778362,-0.574333204,-0.127202432,0.141474369,0.973314977,0.610741853,0.641315117,0.304244552,0.969262287,0.307831196,1.158273105030190,1.100166782707140,0.009279172,0.355626595,0.573316797,0.846071721,0.98754609,0.493773045,0.846071721,0.141474369,57387.925739897269523,106177609.413897305727005,3,5
36027.590000000003783,145.800000000000011,NM,1.30201E+11,Abiquiu Reservoir-Rio Chama,1.30201E+11,-1.041735261,-0.454849381,-1.11338161,-0.316217547,-0.346243381,-0.0601106,1.731684394397710,-0.619611268,-0.493272724,0.349367197,-0.412399245,-0.059984171,0.160828314,-0.695749886,1.439762843455870,-0.400150817,0.336106245,0.146224683,1.412118610535280,0.162728761,1.500496407547430,-0.408734414,0.471693549,0.282191401,0.747939301,0.908767614,0.454383807,0.747939301,0.160828314,87184.261013049661415,145740623.576408922672272,3,4
27060.389999999999418,109.510000000000005,NM,1.108E+11,Bracket Canyon-Vermejo River,1.108E+11,-1.11493493,0.424746718,-1.075951482,-0.491203248,0.018063171,0.650916382,-1.181300777,-0.482886884,-0.560610275,1.038299395442980,-0.921905998,-0.1622766,0.131375573,-0.331879395,1.533224949871660,-0.218320617,-0.193566702,0.136155049,0.113261917,1.168527524533110,0.209829479,0.149938752,0.381131118,0.175872087,0.712101234,0.843476806,0.421738403,0.712101234,0.131375573,86161.437159250534023,109422203.015780016779900,2,4
19872.229999999999563,80.420000000000002,NM,1.306E+11,Headwaters Salado Creek,1.306E+11,-0.965536125,-0.377865689,-0.889790285,-0.105653742,-0.510010384,0.659842392,-0.165099093,2.952455048191210,-0.602836739,-0.960530024,0.899292426,-0.066452354,0.158965949,-0.52527498,-1.716025553,0.22994181,0.115265207,0.782255804,1.902836477992970,0.979991138,2.431364179066680,-0.242104171,0.324009832,0.42177484,0.794990025,0.953955974,0.476977987,0.794990025,0.158965949,52258.913823822331324,80362451.339174225926399,3,5
22089.680000000000291,89.390000000000001,"CO,NM",1.102E+11,Headwaters San Isidro Creek,1.102E+11,0.468359736,-0.040206204,0.8650172,0.035814696,0.171733575,-0.871179829,-0.546155456,0.092475453,-0.290077315,1.720653079359440,-0.078801464,-0.065347688,0.159284013,1.160572015184310,7.292360003260790,0.050466614,-0.044802039,-0.46903544,-0.144681526,-0.319453328,0.125099441,0.402493456,-2.131185646,-0.090255919,0.622394923,0.781678936,0.390839468,0.622394923,0.159284013,41820.759264739237551,55441702.116684496402740,3,2
39401.470000000001164,159.450000000000017,NM,1.108E+11,Headwaters Una de Gato Creek,1.108E+11,-0.641245541,-0.180152897,-0.693422995,-1.187652042,0.058666057,-0.723430233,0.0859229,-0.482886884,-0.560610275,0.774948118,-0.418569979,-0.291199473,0.094255211,0.784872292,5.358251705582140,0.014046589,0.088115724,-0.616528393,0.144491868,-0.173101962,0.782950303,-0.037831916,0.424844788,0.466830157,0.810177251,0.904432462,0.452216231,0.810177251,0.094255211,64746.523430654000549,159343414.266100674867630,2,5
30196.340000000000146,122.200000000000003,NM,1.30202E+11,Sawmill Canyon,1.30202E+11,-1.117349612,-0.454849381,-0.513031221,-0.238495414,-0.290633024,-0.568174288,0.230374325,-0.289431985,-0.436444122,-0.311141772,0.644419823,-0.301390901,0.091320825,0.818645531,0.452133617,0.222244467,0.219861326,0.467665442,-0.479941641,-0.98107563,-1.189677573,-1.655358161,0.422894099,0.045851642,0.668274,0.759594825,0.379797412,0.668274,0.091320825,65253.101641612207459,122219247.182907178997993,2,3
18012.360000000000582,72.890000000000001,"CO,NM",1.30201E+11,Wolf Creek,1.30201E+11,1.243010057366380,1.939277161963740,3.081790570550050,0.85223511,1.706120881573290,0.178653187,0.43942982,-0.619611268,-0.493272724,0.096546138,1.978036554795640,1.078242535778630,0.488554387,-1.767274463,-0.524150069,-7.482441443,-0.445011571,-0.015225217,2.279851597952340,-0.893031494,-0.394747747,0.673108272,-0.196502801,-1.817906909,0.040039091,0.528593478,0.264296739,0.040039091,0.488554387,34175.178543245259789,48035431.390570387244225,5,1
22418.010000000002037,90.719999999999999,NM,1.108E+11,Curtis Creek,1.108E+11,-1.11566432,-0.350866073,-1.1348674,-0.641745838,-0.887570206,-1.485873976,2.330872207200250,-0.482886884,-0.560610275,1.155576483585800,-1.010724307,-0.152301154,0.134247772,-0.313029709,1.061358639867330,0.200224711,0.465141557,-0.646995177,-0.885965684,0.655520778,-0.727435563,-0.242255809,0.581378751,0.100114153,0.686564783,0.820812555,0.410406277,0.686564783,0.134247772,55990.918754080630606,90652505.029584914445877,2,3
20418.420000000001892,82.629999999999995,NM,1.30202E+11,Canada de Cochiti-Rio Grande,1.30202E+11,-0.237649259,-0.195824027,0.324856116,-1.240533749,-1.587858782,1.609777049012290,2.353437792742840,0.013349269,0.902057622,-0.267583554,-1.216767458,0.365457262,0.283324341,-0.739699114,-0.572268874,0.215365375,0.262865415,-2.032665312,-0.950586714,0.526136049,-0.247450996,-1.818221245,0.66456572,-0.144409438,0.604140879,0.88746522,0.44373261,0.604140879,0.283324341,44917.128071481143706,82593012.932426080107689,5,2
17843.830000000001746,72.210000000000008,NM,1.306E+11,Agua Chiquita Creek-Blackwater Canyon,1.306E+11,-1.117349612,-0.454849381,-1.081854732,-1.32099249,-1.665322662,0.820814392,-0.819874239,2.952455048191210,-0.602836739,-0.583041455,0.131009513,-0.337648535,0.080881277,-0.90464262,-1.351991153,0.211168681,0.017279781,0.217305769,0.218985359,0.632493815,-0.319175594,-1.821286051,0.673710619,0.033797796,0.664210894,0.745092172,0.372546086,0.664210894,0.080881277,53181.759715255924675,72154091.264170944690704,1,3
29939.450000000000728,121.159999999999997,NM,1.504E+11,Big Bear Canyon-Middle Fork Gila River,1.504E+11,2.597500328678170,-0.374304887,0.025234152,0.411617223,-0.35735503,0.007776628,-0.38395002,-0.745659554,-0.602836739,-1.523732073,0.06331052,-0.182996256,0.125409827,1.351303935783120,0.109400398,0.352629824,0.222805858,0.859913825,-0.243013627,0.891671842,-0.76499587,0.070509462,0.372765361,0.341632682,0.767975742,0.893385568,0.446692784,0.767975742,0.125409827,73660.805290578311542,121340377.370056301355362,2,5
21611.180000000000291,87.460000000000008,NM,1.504E+11,Headwaters Black Canyon,1.504E+11,3.073985173583890,-0.432407529,-0.099277596,0.676447241,0.831757068,-0.200849497,-1.284967526,-0.745659554,-0.602836739,-1.278279152,-0.479439998,-0.294857941,0.09320184,1.448160026843680,0.411488736,0.43873232,0.380546259,0.713720683,-0.823329235,-1.527023411,-2.19841846,0.69797384,-0.218273289,0.012611176,0.657069318,0.750271158,0.375135579,0.657069318,0.09320184,48545.185812084775534,87546729.643937483429909,2,3
32430.549999999999272,131.240000000000009,NM,1.504E+11,Clayton Creek-Middle Fork Gila River,1.504E+11,1.527141538880380,-0.189190115,0.083322038,0.240966149,0.412097335,-0.669150371,-0.002315371,-0.745659554,-0.602836739,-0.377306066,-0.339601877,-0.1322056,0.140033822,1.512761915715530,0.39775704,0.912622875,-0.417388756,0.838651288,-0.391023293,0.427073415,-0.853031345,1.175421896885890,0.098355916,0.406614737,0.789879864,0.929913686,0.464956843,0.789879864,0.140033822,73043.114615164362476,131479616.929644063115120,3,5
39424.489999999997963,159.550000000000011,NM,1.108E+11,Outlet Sweetwater Creek,1.108E+11,-1.035370873,-0.32005242,-0.931412518,-1.360306144,-0.889638704,-2.044406216,0.44908326,-0.201123834,-0.453300913,0.809882113,-1.280723533,-0.559328199,0.017053742,-0.482393342,-0.800347819,0.213975878,0.460116135,0.341997528,0.463845389,0.599993945,0.540021656,-0.514393613,0.59851995,0.246924941,0.736051698,0.75310544,0.37655272,0.736051698,0.017053742,77805.897929341852432,159418941.488124012947083,1,4
22136.560000000001310,89.579999999999998,NM,1.30201E+11,Outlet Rio Grande del Rancho,1.30201E+11,0.21205697,-0.186373276,0.959417886,1.043814211957810,0.165855322,-0.670854486,0.503158287,0.134923718,2.201382555721970,0.341506064,-0.078903607,0.189680013,0.232713345,0.257080632,0.204052966,-0.313552308,0.056846295,0.378511631,-0.499418588,-0.294626081,-0.215874274,0.506353799,0.191989082,-0.027253081,0.643631892,0.876345237,0.438172618,0.643631892,0.232713345,66220.576902613611310,89517946.703114762902260,4,2
18531.920000000001892,75.000000000000000,NM,1.504E+11,Headwaters Centerfire Creek,1.504E+11,-0.609099349,0.059894268,-0.992065046,-0.375244137,0.121686,0.791878181,-0.372364469,-0.74637128,-0.579192356,-1.005977301,-0.333884818,-0.165881133,0.130337731,0.811240783,0.402683763,0.590240278,0.366170814,1.026227195375030,0.354354555,1.257049968234370,1.049023767349490,-0.0658451,0.356793538,0.547083648,0.837229062,0.967566793,0.483783397,0.837229062,0.130337731,63016.788353891199222,75166715.155365332961082,2,5
25134.580000000001746,101.719999999999999,NM,1.108E+11,Headwaters Caliente Canyon,1.108E+11,-1.049693628,-0.32992717,-1.110966321,0.412293585,0.203922467,0.008306372,-1.342253865,-0.482886884,-0.560610275,0.491916027,-0.528172037,-0.449532063,0.048667001,0.033025699,2.699858883360330,-0.10702004,0.390145956,0.025567355,-0.061795736,0.993549743,0.000162043,1.683568881482400,0.296922252,0.338624915,0.766961885,0.815628886,0.407814443,0.766961885,0.048667001,55708.729581358667929,101635571.168284952640533,1,5
43551.529999999998836,176.250000000000000,NM,1.30201E+11,Urraca Canyon,1.30201E+11,-0.225253407,-0.454849381,-1.135449426,0.300222047,0.54405806,-1.604554489,1.492528685394480,0.134923718,2.201382555721970,0.471784361,-0.445188976,-0.003865781,0.176986307,-0.019197376,0.757271813,-0.587343094,0.264831738,0.553542901,0.557324016,-0.358384192,1.145650674028660,0.120380466,0.251073432,0.11062896,0.690109109,0.867095416,0.433547708,0.690109109,0.176986307,64255.234073875042668,176117292.940073996782303,3,3
21813.479999999999563,88.280000000000001,NM,1.30201E+11,Upper Rio Nutrias,1.30201E+11,0.724589747,1.054705297657980,4.592441551902110,0.319668889,1.046790830103990,0.287208025,0.790222729,-0.619611268,-0.493272724,-0.41147126,0.796804076,0.787134834,0.404736652,-1.583138511,-0.681782507,-0.89209135,-1.875575756,0.706738748,1.584260080902850,-0.003916168,0.883711372,0.924225671,0.121302658,-0.164144398,0.597488627,1.002225279332480,0.50111264,0.597488627,0.404736652,50070.398535026150057,88240458.789533838629723,5,2
34019.000000000000000,137.670000000000016,NM,1.504E+11,South Dugway Canyon-San Francisco River,1.504E+11,0.160721857,-0.360967552,0.446761411,-1.16945308,-1.601508623,0.162057972,0.005620266,-0.74637128,-0.579192356,-1.175961407,0.562242468,-0.299392804,0.091896131,1.542274415814540,0.324142787,0.67900875,0.104620316,0.060949532,0.476719153,0.389655547,0.044502213,0.039595028,0.534412644,0.535224278,0.833231511,0.925127642,0.462563821,0.833231511,0.091896131,68142.835467907163547,138001619.421799987554550,2,5
36862.900000000001455,149.180000000000007,NM,1.502E+11,Lower Rio Nutria,1.502E+11,-1.051260353,1.863204819426310,-0.383286598,-0.794920665,-0.514827023,0.971326537,0.370616771,-0.119304281,2.107859648898060,0.106488415,-1.977599999,0.612521136,0.354460673,-0.059133883,-0.071249602,0.319189136,0.594676504,-1.209894246,-1.624380948,-0.628980949,-1.220040274,-0.527372763,0.389788775,-0.160304821,0.59878287,0.953243544,0.476621772,0.59878287,0.354460673,78188.236688981429324,149474041.290509045124054,5,2
21552.560000000001310,87.219999999999999,"AZ,NM",1.504E+11,Upper Pueblo Creek,1.504E+11,1.152012195985370,-0.454849381,-0.429248045,0.334349201,-0.351769075,0.311506422,-1.396685805,-0.74637128,-0.579192356,-1.07958203,-0.967550864,-0.461479806,0.045226925,1.362750824011030,0.753784125,0.411865341,0.223469267,1.142432977140260,0.684267809,0.550668429,0.240055637,0.655703293,0.365847449,0.567666031,0.844166963,0.889393888,0.444696944,0.844166963,0.045226925,53046.931932693114504,87404201.529554456472397,1,5
24146.630000000001019,97.719999999999999,NM,1.30201E+11,Canada de la Laguna-Willow Creek,1.30201E+11,-0.839353628,-0.086271072,-0.988200702,-1.093140533,0.068578959,0.574333298,1.570468050476190,-0.619611268,-0.493272724,1.202702104964810,-1.299376495,0.105156555,0.208376769,-0.59975864,-0.708230867,-1.716205815,-0.204741772,0.674186383,0.909468039,-0.309341415,1.091545608799250,0.11245708,0.464067931,-0.212278064,0.581263752,0.789640521,0.394820261,0.581263752,0.208376769,47430.174382916266040,97691549.965689003467560,4,1
30083.770000000000437,121.740000000000009,NM,1.30201E+11,Encinado Creek-Rio Brazos,1.30201E+11,0.783179921,0.398292687,1.692254878278700,0.632598172,1.421797963961740,-0.300288873,0.234324807,-0.619611268,-0.493272724,0.664191294,1.362476395091490,0.398347111,0.292794213,-1.544159832,-0.50647324,-2.843256656,-1.67585131,0.295759946,2.528988170376630,-0.592097482,0.542688988,0.539974351,-0.083940791,-0.637406379,0.437961688,0.730755901,0.365377951,0.437961688,0.292794213,65851.071458668127889,121696131.199497953057289,5,1
25046.959999999999127,101.359999999999999,"AZ,NM",1.504E+11,Dry Blue Creek,1.504E+11,1.641561117367870,-0.364271303,0.391217429,0.34481548,-0.00342204,0.496232872,-0.828935919,-0.74637128,-0.579192356,-0.92768046,0.86609147,-0.132166456,0.140045093,0.927070214,0.457636048,0.553904458,0.23872503,1.114262927483410,-0.412495854,0.514735512,-0.631484615,0.961282519,0.356809908,0.392615726,0.785161084,0.925206176,0.462603088,0.785161084,0.140045093,45128.512807581806555,77901740.476261332631111,3,5
14396.870000000000800,58.259999999999998,NM,1.306E+11,Panchuela Creek,1.306E+11,1.997488884077710,-0.058733329,2.407985160359130,1.983723373778410,2.403852782954810,-2.187214286,-0.701748082,0.87030415,-0.602836739,0.365007072,2.047155726657680,0.167755012,0.226400548,-0.09772249,0.245420495,1.597613229134820,-2.167342901,1.084372490178550,-0.245431694,0.791013587,0.006841864,1.508252595294660,-2.413012385,-0.210460586,0.581876387,0.808276935,0.404138467,0.581876387,0.226400548,37090.088441841027816,58221112.811399571597576,4,1
10411.930000000000291,42.140000000000001,NM,1.30201E+11,Gavilan Creek,1.30201E+11,1.413310437828890,-0.451693727,-1.01968288,-1.014881063,2.150105063293720,-0.687836277,0.34887605,-0.619611268,-0.493272724,0.679066983,2.244313418988430,0.010258762,0.181053142,-2.229633345,-0.265752081,-4.061112561,-2.065201022,0.453097531,2.781712435549020,-0.805702923,1.360744704492540,0.16683535,-0.404539021,-1.032354257,0.304832832,0.485885974,0.242942987,0.304832832,0.181053142,32952.232017682035803,42116375.527225375175476,4,1
10690.829999999999927,43.259999999999998,NM,1.30202E+11,1.30202E+11,1.30202E+11,-1.117349612,-0.454849381,-1.136057171,-0.72575323,-1.317804189,2.723588808734990,-1.324231228,0.013349269,0.902057622,0.191994419,-1.07745001,-0.220624736,0.114575576,-0.532726822,-0.541216441,0.210121837,0.493299944,-1.987441963,-0.035444479,-0.343129152,0.679842307,-1.876237338,0.553152401,-0.035573078,0.640827391,0.755402967,0.377701483,0.640827391,0.114575576,58008.598442269707448,43248625.479349829256535,2,2
23877.850000000002183,96.629999999999995,NM,1.30202E+11,Arroyo del Pino,1.30202E+11,0.419058013,-0.454071596,0.537357974,0.202084838,-1.119704076,1.349316064084460,2.976230880741250,-0.289431985,-0.436444122,-0.659470558,0.007039977,0.457715601,0.309887997,-0.857702294,-0.493252609,0.413011834,0.547056139,-2.021217984,0.035371468,-1.013743779,0.133158217,-0.103860643,0.50861761,0.012456386,0.657017141,0.966905139,0.483452569,0.657017141,0.309887997,74823.019247048025136,96599401.600816547870636,5,3
13842.280000000000655,56.020000000000003,NM,1.30201E+11,Canada de Ojo Sarco,1.30201E+11,-0.335016496,-0.439265427,0.248555076,1.086709834278870,0.024781299,2.117013845102230,0.016889609,0.134923718,2.201382555721970,0.848839611,-0.496067249,0.332152627,0.273735041,0.055029467,0.201532856,-0.082030663,-0.060740436,0.591741045,0.18296341,1.862689870901860,0.732275051,1.173122596016370,0.126140658,0.262061203,0.741153823,1.014888863953920,0.507444432,0.741153823,0.273735041,48817.933678610803327,55979987.115690626204014,5,4
26511.690000000002328,107.290000000000006,NM,1.504E+11,Sycamore Canyon-Gila River,1.504E+11,1.619457502046930,-0.206504332,1.240401783710480,0.225870935,-0.887432971,-0.113059915,-1.29173161,-0.745659554,-0.602836739,-0.74482672,0.918088703,-0.243020295,0.108127292,1.428360470498240,-0.000711363,0.311953262,0.289658807,0.630444575,-0.561962035,0.390901723,-1.494157643,0.309889402,0.500578717,0.272720441,0.744746834,0.852874126,0.426437063,0.744746834,0.108127292,57089.858368394263380,107449468.981601879000664,2,4
26626.040000000000873,107.750000000000000,NM,1.30201E+11,Canada de Tio Roque,1.30201E+11,-1.044927304,-0.387087487,-1.116003548,-1.175577903,0.241488025,1.562341877734770,0.673965838,-0.619611268,-0.493272724,1.459173890554850,-0.686195394,0.027698775,0.186074591,-0.633985052,-0.654295763,-1.73964927,0.173615502,0.676526387,1.356403759840340,-0.18172665,1.546644090054270,0.267956411,0.374872221,-0.131195963,0.608594871,0.794669462,0.397334731,0.608594871,0.186074591,47819.922304859130236,107727341.736324429512024,4,2
37772.650000000001455,152.860000000000014,NM,1.30202E+11,Arroyo Jara,1.30202E+11,-1.109060926,-0.444640195,-0.869835128,-1.339447674,-0.889648553,1.028286791896960,1.577775039673900,0.013349269,0.902057622,0.165482766,-0.785386718,0.060580033,0.19554199,-0.802245797,-0.683624342,0.219664588,0.333056611,0.273509138,-0.472734729,2.274426644760490,0.226770349,-1.239679887,0.532292387,0.125186145,0.695016039,0.890558028,0.445279014,0.695016039,0.19554199,91052.173287535668351,152761816.940111011266708,4,3
21271.170000000001892,86.079999999999998,NM,1.30201E+11,Rito Angostura-Rio Pueblo,1.30201E+11,0.494831905,1.226858819176920,0.914088838,1.484220271422960,2.334026837664170,-2.401544502,-1.145163777,0.134923718,2.201382555721970,1.992754178479310,2.236089592454710,0.468040903,0.31286093,0.121909791,0.403466568,-1.525287274,-2.154943198,0.537509026,0.014415938,-0.57626635,0.563489582,1.726904362755390,-0.962266138,-0.588837719,0.45433319,0.76719412,0.38359706,0.45433319,0.31286093,43433.664257498116058,86016756.863702148199081,5,1
23811.049999999999272,96.359999999999999,NM,1.30202E+11,Sierra Ladrones-Rio Puerco,1.30202E+11,-1.06454354,-0.395030588,-0.828207188,-1.556111512,-1.888252726,0.314404843,2.285267948820750,-0.081206515,-0.520238879,0.267556387,-0.012914916,0.005802205,0.17976998,0.296118382,0.155306983,0.223774714,0.5687756,-4.655179935,0.815516518,-0.096165769,0.526785038,-2.285575778,0.795500369,0.087338122,0.682258244,0.862028224,0.431014112,0.682258244,0.17976998,72125.511184595685336,96358528.863025918602943,3,3
33236.300000000002910,134.500000000000000,NM,1.504E+11,Little Dry Creek,1.504E+11,0.138044841,-0.450581551,0.072721871,-1.341740579,-1.56162729,1.236844393241110,-0.060387519,-0.74637128,-0.579192356,-1.367097344,-0.962714532,-0.309453302,0.088999443,1.452383570504950,0.113230633,0.2690413,0.079566166,0.199091122,0.521101875,0.440952659,0.293910597,-0.884807677,0.558987375,0.404427962,0.789142747,0.87814219,0.439071095,0.789142747,0.088999443,70062.954818099067779,134816846.824405908584595,1,5
25983.770000000000437,105.150000000000006,NM,1.504E+11,Pine Cienega Creek,1.504E+11,-0.841371678,-0.446280724,-0.254359565,-1.002233273,-1.348688181,0.856148952,-0.576696722,-0.74637128,-0.579192356,-1.006286615,-0.85794711,-0.456215023,0.046742797,1.606658773975270,0.054237092,0.26454865,0.375417798,0.540383839,0.423174888,0.370534633,0.098739766,-1.343743615,0.554837959,0.400388986,0.787781291,0.834524088,0.417262044,0.787781291,0.046742797,68082.151435932406457,105422692.703498959541321,1,5
28928.220000000001164,117.070000000000007,NM,1.30302E+11,Brunner Canyon-Mimbres River,1.30302E+11,-0.33776175,-0.395464278,0.299412596,-0.42257193,-0.827766478,0.411901258,-0.507370307,-0.664344693,0.132556793,-1.02933109,0.613635825,-0.264701771,0.101884612,1.286334424530280,0.065438215,0.261153861,0.335375213,-0.263727771,-0.245586173,-0.927938059,-1.467518121,-0.371025315,0.406974738,0.122542832,0.694125032,0.796009644,0.398004822,0.694125032,0.101884612,73284.267952165988390,117198822.911366239190102,2,3
25230.040000000000873,102.100000000000009,NM,1.504E+11,Hells Canyon-Gila River,1.504E+11,1.862768921655530,-0.247308074,1.068566015097130,0.326859039,-0.870246328,-0.666082024,-1.122402964,-0.745659554,-0.602836739,-0.647328115,0.255861951,-0.317915156,0.086563048,1.624017016644620,0.061728203,0.331498841,0.296785779,0.196809964,-0.626144849,0.421713494,-1.673770616,0.436206644,0.510403524,0.270676918,0.744058004,0.830621052,0.415310526,0.744058004,0.086563048,50142.836331032602175,102267792.150926142930984,1,4
34419.860000000000582,139.289999999999992,NM,1.306E+11,Rio Mora,1.306E+11,2.026180291177720,0.151895451,1.023179153222140,1.704346103127190,2.420571650251210,-2.711652633,-0.159651381,0.87030415,-0.602836739,-0.916536894,1.650085721538570,0.087386967,0.203260427,-0.285258605,0.051221516,1.430770703216860,-2.843645369,0.765996929,-0.400716053,-1.675398676,-0.011079146,1.575804216796650,-1.517007724,-0.244771974,0.57031072,0.773571146,0.386785573,0.57031072,0.203260427,62568.498224030437996,139189785.342638224363327,4,1
28065.889999999999418,113.579999999999998,NM,1.108E+11,Cimarroncito Creek,1.108E+11,-0.201090545,-0.201854729,0.790623284,0.613906554,0.497063261,-0.822896431,0.438409399,-0.42405683,-0.602836739,2.458088298264630,0.118978245,0.069759423,0.198184983,-0.319120644,-0.557049194,0.171384302,-0.948917144,0.248672556,0.349819497,0.828113846,0.162882814,-0.007069291,0.036287579,0.038528347,0.665805466,0.863990449,0.431995224,0.665805466,0.198184983,65508.162457377562532,113487915.538782194256783,4,3
33083.879999999997381,133.890000000000015,NM,1.30201E+11,Headwaters Rio Fernando de Taos,1.30201E+11,0.323269309,1.284064132779890,0.867336555,1.687148620390570,1.421618359558600,-1.371030701,-1.028551103,0.134923718,2.201382555721970,0.625515346,0.836904595,0.44920875,0.307438647,0.051535103,0.176307092,-1.270953088,-0.966997918,0.788907162,-0.171080072,-0.532675213,0.020684141,1.406691667305120,-0.336661239,-0.366771018,0.529187336,0.836625982,0.418312991,0.529187336,0.307438647,64342.635845765056729,133782870.925480455160141,5,1
11309.989999999999782,45.770000000000003,NM,1.30202E+11,San Jose Canyon,1.30202E+11,0.300820938,-0.341598577,0.185278653,-0.041615166,-0.134137268,-0.73464864,0.236662354,-0.049312599,-0.031853023,-0.981114901,-0.325867992,-0.213534398,0.116617074,0.083782371,-0.012173577,0.21607849,1.056919558545710,-0.762519035,-0.029908461,-0.613063404,-0.099025394,-1.781147128,0.440532741,0.065895006,0.675030208,0.791647282,0.395823641,0.675030208,0.116617074,38415.532934128925262,45796735.570023745298386,2,3
31774.389999999999418,128.590000000000003,NM,1.30201E+11,Ute Mountain-Rio Grande,1.30201E+11,-0.603418179,-0.44665916,-0.887616792,-1.676229599,0.109888941,-0.852930517,1.517844084946440,0.134923718,2.201382555721970,1.133073389815930,-0.825440776,-0.014639484,0.173884268,0.31705534,1.288443104696040,0.095532015,0.146284939,0.386229144,1.150485013459430,-0.390538407,2.201089474020430,-0.289744541,0.301430555,0.423995614,0.795738603,0.969622871,0.484811435,0.795738603,0.173884268,78245.152676149693434,128495677.797995463013649,3,5
23336.569999999999709,94.439999999999998,NM,1.30201E+11,Middle Rio Gallina,1.30201E+11,-1.061956786,-0.27787291,-0.930782934,0.389757463,0.2132328,0.529887181,0.838452947,-0.619611268,-0.493272724,0.12844199,-0.552330228,-0.021391381,0.171940215,-1.995930786,-0.23042,-0.626392796,0.5155478,-0.890002529,0.758983559,-0.54737842,0.29295344,0.655454066,0.207059182,-0.193677341,0.587533676,0.759473891,0.379736946,0.587533676,0.171940215,44147.826227247664065,94424835.337547481060028,3,1
16084.170000000000073,65.090000000000003,NM,1.30202E+11,Sulphur Creek,1.30202E+11,0.416316925,1.290887526413600,-0.475246054,1.249372994620630,1.234512768001940,0.046763729,0.515899138,1.113325668461200,-0.210928457,-1.077062155,1.973589713976180,0.695794117,0.378437204,-0.95377386,-0.461655202,0.952310416,-1.48894992,-1.496506675,-0.043061233,-0.667731406,-0.345590698,1.429256996752110,-0.1003852,-0.052680965,0.635060672,1.013497875569950,0.506748938,0.635060672,0.378437204,40697.128616316964326,65071452.597992278635502,5,2
31723.100000000002183,128.379999999999995,NM,1.504E+11,Hardcastle Canyon,1.504E+11,-0.961444526,-0.430399165,-1.136057171,-0.512252228,0.180675616,0.661799856,0.149951652,-0.74637128,-0.579192356,-0.606580322,-0.506306349,-0.260792092,0.103010314,0.792342538,0.396874656,0.563854646,0.341239023,0.339685216,0.220780781,1.185709438110350,1.073552947118170,0.04066896,0.297908035,0.476214538,0.813340534,0.916350848,0.458175424,0.813340534,0.103010314,61665.463824332829972,128654222.643183797597885,2,5
39082.480000000003201,158.159999999999997,"AZ,NM",1.504E+11,Apache Creek,1.504E+11,0.032383381,-0.443099159,-0.10382373,-1.321459691,-1.48352984,0.341046376,-0.723652985,-0.734180399,-0.602836739,-2.295716189,-1.555148964,-0.618557615,0,1.154374141291370,-0.328185668,0.266246773,0.31927081,0.695301804,0.412594662,0.343478823,-0.156322335,-1.262917315,0.585911844,0.342764169,0.768357143,0.768357143,0.384178571,0.768357143,0,50900.151857945980737,87781718.895773813128471,1,5
30130.979999999999563,121.939999999999998,NM,1.30201E+11,Canada de la Entranas-Rio Grande,1.30201E+11,0.372605891,-0.449746761,-0.446622863,0.467865513,-0.426215752,0.817426131,1.285353102734690,0.134923718,2.201382555721970,0.255069893,-0.686868503,0.27492028,0.25725631,0.020344088,0.392951101,0.09811851,0.011885388,0.322984994,0.526455041,2.203775907787540,0.849202342,-0.058180119,0.29712523,0.345283191,0.769206254,1.026462563336210,0.513231282,0.769206254,0.25725631,87344.794036947496352,121857854.921595335006714,5,5
23371.029999999998836,94.579999999999998,"NM,TX",1.306E+11,Upper McKittrick Canyon,1.306E+11,-1.117349612,-0.454849381,1.047986503819330,-0.415281209,-0.722343578,0.709599806,-2.335834279,0.58445466,-0.602836739,-2.311707952,0.758787902,-0.572034637,0.013395216,-6.506134763,-5.209331424,0.21328877,-0.163763961,-0.476737377,-1.374367945,0.283387985,-0.880957891,-1.586912918,0.493778368,-0.955879607,0.330610873,0.34400609,0.172003045,0.330610873,0.013395216,13699.776609329224812,8436632.427911166101694,1,1
32465.520000000000437,131.379999999999995,"AZ,NM",1.502E+11,Canovas Creek-Coyote Creek,1.502E+11,-1.117349612,-0.454849381,-1.136057171,0.159749921,0.45417547,0.021901763,0.683248327,-0.74637128,5.279971262824160,-0.518661743,-0.392202946,0.080534789,0.2012875,1.279012654280140,0.626493243,0.798348475,0.272718344,0.680631778,0.51816993,0.837331302,1.405009166793370,-0.282676922,1.398707072319860,0.893390208,0.953961925,1.155249424906490,0.577624712,0.953961925,0.2012875,50234.090973291647970,71776709.333306476473808,4,5
30027.110000000000582,121.519999999999996,NM,1.30201E+11,Middle Rio Ojo Caliente,1.30201E+11,-0.423064084,-0.45390571,-0.116906523,-1.590990759,-0.812168837,1.984682661525490,0.620591631,-0.619611268,-0.493272724,0.400009512,-0.956526255,-0.010348835,0.175119661,0.040570944,1.667543239093360,0.223674646,0.215396354,0.043389117,0.663480944,0.692183663,0.987741375,-1.083030881,0.497284282,0.384727462,0.782502111,0.957621772,0.478810886,0.782502111,0.175119661,70593.345764524492552,121443811.755230158567429,3,5
21855.090000000000146,88.439999999999998,NM,1.504E+11,Indian Creek Canyon,1.504E+11,1.616338591799700,-0.368229907,-0.570220807,0.78926732,0.324210532,-0.644049795,0.167333488,-0.745659554,-0.602836739,-1.199495791,0.929989767,-0.137929036,0.138385891,1.400198485404160,0.322650973,0.413486258,0.290140075,0.994387908,-0.059598353,0.966458306,-0.367361967,0.326617588,0.160838187,0.385347211,0.782711016,0.921096907,0.460548453,0.782711016,0.138385891,52259.321053494131775,88578358.203185230493546,3,5
33555.540000000000873,135.789999999999992,NM,1.30202E+11,Arroyo San Jose-Rio Puerco,1.30202E+11,0.572654678,0.478558813,1.005049619255780,0.399096332,0.262151958,1.202562048147260,0.238229873,-0.081206515,-0.520238879,-0.50699672,0.029685027,0.398576575,0.292860282,-1.868220772,0.144756952,0.365575687,0.504405197,-0.510797245,0.69456745,-2.674406388,0.670565454,1.175912550886390,-0.03130062,-0.037667827,0.640121294,0.932981576,0.466490788,0.640121294,0.292860282,76796.973627548344666,135787015.028930366039276,5,2
20911.610000000000582,84.629999999999995,NM,1.30201E+11,Rio Lucero,1.30201E+11,0.548514285,1.698083562909540,3.567093666257340,0.78754126,1.641026585766620,-1.999604239,-0.099643212,0.134923718,2.201382555721970,-0.803205101,1.562045118751880,0.723068303,0.386290175,-0.057911867,0.177442908,-1.691953521,-1.268882797,0.666468869,0.258522489,-0.881529382,0.579950521,0.972380725,-0.685381013,-0.551781418,0.466824112,0.853114287,0.426557144,0.466824112,0.386290175,55064.224772104280419,84562847.462457180023193,5,1
19940.069999999999709,80.689999999999998,NM,1.30201E+11,Canada la Lemitas,1.30201E+11,-0.934203947,-0.454849381,-1.135611499,-1.635333442,-0.774712449,0.608370341,0.921609605,-0.619611268,-0.493272724,0.407346698,-1.008354747,-0.21883529,0.115090805,0.213912892,1.216434069656270,0.218510561,0.474770021,0.092001318,0.68305247,1.566181905907620,1.189977324505710,-0.898900131,0.49385856,0.458388914,0.807331881,0.922422686,0.461211343,0.807331881,0.115090805,46306.212017869562260,80644746.033625811338425,2,5
17603.119999999998981,71.239999999999995,NM,1.306E+11,Bull Creek,1.306E+11,1.676831283746830,0.282655079,1.247942801692890,2.316109368738660,1.394805050184990,-0.714426469,-0.058151166,0.87030415,-0.602836739,-1.559490728,2.585087774450620,0.385668632,0.289143738,-0.540840743,-0.696619752,0.323866672,0.04810105,-2.059976899,-0.802138833,0.762420524,-0.832697163,0.996114747,-0.645953366,-0.311901379,0.547682769,0.836826507,0.418413254,0.547682769,0.289143738,53402.848037686097086,71184537.909262865781784,5,1
33073.849999999998545,133.849999999999994,"CO,NM",1.40801E+11,Outlet Los Pinos River,1.40801E+11,-0.566044309,-0.363458912,-0.927992963,-0.4177694,-0.843209103,-0.340003444,-0.295422912,-0.74637128,-0.602836739,0.933501694,-1.623980647,-0.445922535,0.049706281,0.426115548,0.245204056,0.613083389,0.143553305,-1.634071917,-2.567368786,-0.015378105,0.254880757,-1.346145117,-2.978850449,-0.971104743,0.325478791,0.375185073,0.187592536,0.325478791,0.049706281,64004.834587232857302,126378361.599561914801598,1,1
16646.010000000002037,67.359999999999999,NM,1.30201E+11,Allen Creek-Costilla Creek,1.30201E+11,-0.18133365,1.516636003552620,0.393981017,1.077933619436190,2.409008994821030,-1.236290719,-0.796408412,0.134923718,2.201382555721970,0.442931965,1.793438525942050,0.58842156,0.347521758,0.329517939,0.791925057,-1.856530947,-1.575795869,1.130478532990600,0.451890616,-0.394646846,0.921863818,0.464475572,-0.995107959,-0.56150269,0.46354727,0.811069028,0.405534514,0.46354727,0.347521758,41182.374502807877434,67311168.996461078524590,5,1
21599.869999999998981,87.409999999999997,NM,1.30201E+11,Arroyo de la Presa-Rio Chama,1.30201E+11,0.281576278,-0.427182896,3.356419520633080,-0.994369782,-1.181338795,1.689659171216090,1.333220849676520,-0.619611268,-0.493272724,1.151533884380940,-0.834152984,0.338995697,0.275705345,-0.023331578,1.043217451832840,0.199565794,0.008722336,-0.309184774,0.761757874,0.246100496,0.937436549,-0.815540886,0.557595007,0.327010622,0.763046944,1.038752289305000,0.519376145,0.763046944,0.275705345,52611.147618577044341,87364704.531490355730057,5,5
21090.840000000000146,85.350000000000009,NM,1.40801E+11,Salvador Canyon-San Juan River,1.40801E+11,-0.607439878,0.023089809,1.040544762311730,-0.988991271,-1.159642056,0.389676554,-1.007514689,-0.74637128,-0.602836739,0.820177374,-1.472521526,-0.300233885,0.091653961,0.380725748,-0.030333634,0.519207014,-0.310953402,-1.795642971,-2.705691996,-0.01932357,0.621197505,-1.721857096,-4.251847177,-1.383449019,0.186485965,0.278139926,0.139069963,0.186485965,0.091653961,65966.846766389571712,85402700.795940011739731,2,1
33640.080000000001746,136.140000000000015,NM,1.502E+11,Middle Mangas Creek,1.502E+11,-1.117349612,-0.454849381,-1.136057171,-0.697525161,0.130843745,-1.001101042,0.180811859,-0.630951865,0.231277834,0.117361224,-1.333464524,-0.457960633,0.046240189,0.866466554,0.405706531,0.301911807,0.528098243,-0.018790608,0.160453633,1.287509262948000,0.787575211,-0.471124976,0.263424929,0.363665616,0.775402593,0.821642783,0.410821391,0.775402593,0.046240189,56981.596473925244936,136340721.827235370874405,1,5
37185.069999999999709,150.479999999999990,NM,1.306E+11,Middle Rio Ruidoso,1.306E+11,0.40443811,-0.345292995,-0.134666745,-0.307169366,-0.594934872,0.481294207,-1.121666762,2.952455048191210,-0.602836739,-0.666696426,-0.176713089,-0.185308976,0.124743932,-0.656542579,-1.868231319,0.251721515,-0.150178345,0.714238184,1.439421961189890,0.470224903,1.266069965779970,0.269186698,0.233225405,0.255679061,0.739002533,0.863746466,0.431873233,0.739002533,0.124743932,77979.535018482682062,150372057.567216724157333,2,4
16675.470000000001164,67.480000000000004,NM,1.30301E+11,Cave Creek,1.30301E+11,1.109138325082270,-0.454849381,-0.82339428,-0.990053539,-0.931174346,0.134965321,-0.706705558,-0.200629213,-0.545037789,-0.598513289,0.350853049,-0.371564619,0.071115925,0.586582736,0.024022392,0.231338123,0.373048541,-0.513777635,-0.352524953,-0.200322261,-1.408005389,-1.843027824,0.330797755,-0.024080052,0.644701455,0.71581738,0.35790869,0.644701455,0.071115925,46670.097261848823109,67531760.367715537548065,1,2
25824.279999999998836,104.510000000000005,NM,1.30201E+11,Headwaters Rio Grande del Rancho,1.30201E+11,2.073078928827930,-0.260128723,0.117504798,2.266235720252390,1.499860403554490,-1.468166135,-0.712134379,0.134923718,2.201382555721970,0.626587118,1.319903355128940,0.132977529,0.216387175,-0.024136948,0.233070946,-0.335541391,-1.420890782,0.495658952,-0.428763424,-0.923156504,-0.319228319,1.652277028286020,-0.502059849,-0.284007279,0.5570853,0.773472476,0.386736238,0.5570853,0.216387175,60246.020754222830874,104429619.849350035190582,4,1
30585.790000000000873,123.780000000000001,NM,1.30301E+11,Indian Creek-Palomas Creek,1.30301E+11,-0.62570971,-0.454849381,0.007166182,-1.741186523,-1.761474572,1.223098399732450,-0.631960263,-0.200629213,-0.545037789,-0.59189685,0.543867514,-0.336157151,0.081310687,-0.148218336,-0.792037938,0.219876602,0.356988551,0.331656163,-0.643790118,-1.037047417,-0.820004015,-2.430177901,0.572830519,-0.10450458,0.617591991,0.698902678,0.349451339,0.617591991,0.081310687,57001.450605955069477,123843215.249080911278725,1,2
16664.290000000000873,67.439999999999998,NM,1.502E+11,Demetrio Creek,1.502E+11,-1.117349612,-0.454849381,-1.028538768,-0.348441948,0.242566419,0.20442094,0.297822666,-0.630951865,0.231277834,0.360894666,-0.513682658,-0.199741081,0.120588541,1.023525106504230,0.564478054,0.498404427,0.359478506,0.197730735,0.46827641,0.887910575,1.460874427793210,-0.314619981,0.269841046,0.490717821,0.818229294,0.938817836,0.469408918,0.818229294,0.120588541,45856.026488079580304,67575615.496198460459709,2,5
38428.330000000001746,155.509999999999991,NM,1.30201E+11,Arroyo Hondo-Rio Grande,1.30201E+11,0.243923986,-0.365289945,0.276035478,0.420029994,-0.310195599,0.365658705,0.191459951,0.134923718,2.201382555721970,0.361891218,-0.298571656,0.119480823,0.212501111,0.207113186,0.410370015,0.054607424,0.156845359,0.219259811,0.27865676,1.593351417900770,0.607491772,0.056409522,0.373334572,0.310272833,0.757404978,0.969906088,0.484953044,0.757404978,0.212501111,77624.997369647549931,155408642.266660660505295,4,4
36282.840000000003783,146.830000000000013,NM,1.30202E+11,Headwaters San Antonio Creek,1.30202E+11,-0.918611314,3.083791706564250,-0.996388537,-0.256935551,1.396284110333320,-0.859805031,0.601718266,1.113325668461200,-0.210928457,-0.402375495,2.975142462332880,1.054510708647720,0.481721356,-1.053312461,-0.364585932,0.75140605,-1.56902385,-0.035547946,-0.027050602,-0.624192572,0.2354456,1.447908836355820,-0.186976885,-0.024080408,0.644701335,1.126422690564380,0.563211345,0.644701335,0.481721356,71002.311125065549277,146780252.027031302452087,5,2
39068.080000000001746,158.099999999999994,NM,1.30202E+11,Upper Mitchell Draw,1.30202E+11,-1.117349612,-0.454849381,-1.136057171,-1.12212239,-0.161812007,0.372427158,0.815233416,-0.049312599,-0.031853023,0.306014514,-1.796395152,-0.2097767,0.117699017,-0.059339777,0.178869052,0.177512644,0.757425082,0.02994967,-1.911993792,-0.883944416,-0.803445737,-0.694239025,0.422260133,-0.134217149,0.607576491,0.725275508,0.362637754,0.607576491,0.117699017,60817.089145461955923,158311006.973881006240845,2,2
20395.180000000000291,82.540000000000006,NM,1.108E+11,Rito Cebolla ,1.108E+11,-0.404648369,-0.278122745,-0.618810939,0.457540367,0.018197388,-0.890997135,1.150475924546450,0.857542582,0.023350144,0.776347834,-0.021375079,0.044987078,0.191052358,-0.384811029,-1.277239683,0.21608766,0.082760018,0.175569927,-1.207625353,0.808075734,-0.819065785,0.216457729,0.276424081,-0.087833629,0.623211427,0.814263786,0.407131893,0.623211427,0.191052358,58954.679993995458062,82472009.716403931379318,4,2
34865.819999999999709,141.099999999999994,NM,1.504E+11,Whitewater Creek,1.504E+11,0.663614179,-0.445391414,0.085656168,-0.183264548,0.040660738,-0.563907879,-1.13107353,-0.74637128,-0.579192356,-0.971125964,-0.74705304,-0.515204283,0.029758203,1.459641411901400,0.42457812,2.058283408595520,-0.838551169,0.172118767,0.091412616,0.16593971,-0.848455106,1.639098764629600,0.120922325,0.68810885,0.884765775,0.914523979,0.457261989,0.884765775,0.029758203,67711.468843620197731,141412973.814500242471695,1,5
10158.819999999999709,41.109999999999999,NM,1.108E+11,Ute Creek,1.108E+11,0.297769051,0.292174983,1.244276496831680,1.230062931155320,1.595483819033740,-1.951628243,-0.260190676,-0.42405683,-0.602836739,2.544863771168010,1.263479997129220,0.156308076,0.223104667,0.056376474,0.274995219,0.129970214,-1.828107939,0.895683696,0.192304652,0.336088182,0.384703983,1.093891614754860,-0.290256677,0.025190574,0.661309576,0.884414243,0.442207121,0.661309576,0.223104667,33028.855869852748583,41078624.069745250046253,4,3
25376.909999999999854,102.700000000000003,NM,1.305E+11,Dog Canyon,1.305E+11,-1.117349612,-0.454849381,-0.76290011,-0.20532563,-1.318485809,-1.156558081,1.735646794930530,0.735663423,-0.286335422,-2.810829374,0.399116863,-0.275407597,0.098802117,-0.4047271,-0.323985516,0.329017928,0.052736952,-2.18781347,-0.203147047,-0.404118994,-1.034182798,-0.284934515,0.467361011,-0.070802185,0.628952379,0.727754496,0.363877248,0.628952379,0.098802117,57296.584716226461751,102632069.969027802348137,2,2
34037.980000000003201,137.750000000000000,NM,1.30301E+11,South Fork Palomas Creek,1.30301E+11,-0.220324174,-0.41375481,0.465994873,-0.783774072,-0.720059474,1.155442950177450,-1.398296855,-0.200629213,-0.545037789,-0.131353009,0.517430091,-0.289015681,0.094883984,0.740278625,0.147339276,0.222914482,0.366690465,0.871179422,-0.500168914,-1.072888615,-1.408652957,-0.648419648,0.253520752,0.042567301,0.667166915,0.762050899,0.381025449,0.667166915,0.094883984,94558.291616796501330,137854546.265085518360138,2,3
26901.770000000000437,108.870000000000005,NM,1.30202E+11,Capulin Canyon-Rio Grande,1.30202E+11,-0.147883598,-0.340523102,-0.500155041,-0.468678028,-0.657098993,0.872058883,-0.440501995,0.013349269,0.902057622,0.584219728,-0.375320637,-0.097162297,0.150123731,-0.727990181,-0.056094284,0.210366523,0.345279684,-1.920639345,0.308559454,-0.761567531,1.067504471022210,-1.295311374,0.384164889,-0.01052221,0.649271527,0.799395258,0.399697629,0.649271527,0.150123731,63075.395664261908678,108819920.066892355680466,3,2
37480.370000000002619,151.680000000000007,NM,1.30202E+11,Outlet Rio de las Vacas,1.30202E+11,1.419881758738140,0.853756489,0.746149072,2.119892366069100,0.776828311,0.775811064,-0.736987291,1.113325668461200,-0.210928457,0.54850511,0.860615218,0.608014348,0.353163048,-1.412930884,-0.145831245,0.207399425,0.084065251,-0.282240111,0.238049311,-0.672686547,-0.105114428,1.031624611196850,0.046226017,-0.040676626,0.639107089,0.992270137,0.496135069,0.639107089,0.353163048,73809.338233249960467,151654907.079326093196869,5,2
26769.959999999999127,108.329999999999998,NM,1.504E+11,Little Creek,1.504E+11,1.652620075352120,-0.454849381,-0.397703612,0.699369373,-0.306015945,0.689997828,-1.086436222,-0.745659554,-0.602836739,0.188838349,1.431961807897260,-0.131449636,0.140251485,1.791595251324850,0.26373347,0.344617895,0.384644702,1.095414817335760,0.072414869,0.720718359,-0.6247034,0.555357494,0.360563836,0.462604864,0.808752991,0.949004476,0.474502238,0.808752991,0.140251485,60342.918987908662530,108503911.526228487491608,3,5
38316.230000000003201,155.060000000000002,NM,1.30201E+11,Canada del Aqua-Rio Tusas,1.30201E+11,-0.028892885,-0.137291963,0.054467659,1.158057663110730,1.034310431212050,-0.201075486,-0.572347824,-0.619611268,-0.493272724,0.750483335,0.41889583,-0.042893227,0.165749256,-1.157597085,0.066392341,-0.225148311,0.341387732,0.985796355,0.325419718,-0.1712092,0.026379767,0.209988423,0.015268323,-0.039439851,0.639523981,0.805273236,0.402636618,0.639523981,0.165749256,63951.535271359003673,154972142.322394281625748,3,2
24062.770000000000437,97.379999999999995,NM,1.30201E+11,Rio Frijoles,1.30201E+11,2.057114210988600,-0.200639026,1.047381167779480,1.888454376913210,1.203750369765720,0.232384961,-0.975899814,0.134923718,2.201382555721970,-0.429728712,1.202340630874580,0.280299919,0.258805252,-0.367517717,-0.210416053,0.322523601,-1.441785216,0.822776644,0.578771357,1.924319477884840,0.917694506,1.262176569199890,-0.875466452,0.038828183,0.665906535,0.924711787,0.462355894,0.665906535,0.258805252,60194.947168234233686,97313964.310764878988266,5,3
40403.559999999997672,163.509999999999991,"CO,NM",1.301E+11,Canada de los Ranchos-Rio San Antonio,1.301E+11,-0.640380179,0.465762912,-0.572255267,-1.026486114,1.329987133110980,-1.272496649,0.452677112,-0.74637128,1.774943003382460,1.358050992968340,0.555230803,0.157173992,0.223353988,-0.60946838,-0.023516128,-0.235302796,2.721527048906780,0.63532016,2.056694271653490,1.131219569248150,2.819464363861370,-0.145950704,-3.67696384,-0.424716049,0.50965525,0.733009238,0.366504619,0.50965525,0.223353988,82782.261146269855089,163340616.830610185861588,4,1
20810.139999999999418,84.219999999999999,NM,1.306E+11,Lower Rio Ruidoso,1.306E+11,0.753199751,-0.45365951,1.729990066933970,-1.200260537,-1.319672401,0.346039749,-1.015736807,2.952455048191210,-0.602836739,-0.59185029,-0.295948855,-0.193978381,0.122247777,-0.83048402,-2.192775149,0.220588272,0.066736801,0.331453663,1.247248680873780,1.948733607345970,0.84113275,-0.405588249,0.362843541,0.240513445,0.733890514,0.856138291,0.428069146,0.733890514,0.122247777,57033.808624930999940,84150841.815805882215500,2,4
24592.630000000001019,99.519999999999996,NM,1.30301E+11,Headwaters Berrenda Creek,1.30301E+11,-1.117349612,-0.454849381,-0.04306968,-1.040905013,-1.331471719,0.595666363,-0.548441369,-0.387058573,0.290966598,-0.782903568,0.261111724,-0.363625727,0.073401745,0.530316614,-0.118086399,0.221264026,0.38155309,-0.631947843,-0.320216803,0.478351576,-1.509453231,-1.985753341,0.58893573,0.046480233,0.668485885,0.74188763,0.370943815,0.668485885,0.073401745,77299.307947720648372,99593120.764844983816147,1,3
34729.360000000000582,140.539999999999992,NM,1.30302E+11,Powderhorn Canyon-Mimbres River,1.30302E+11,1.350314701504060,-0.329321204,0.117019824,0.427982335,0.446972567,0.170058872,-1.31756928,-0.664344693,0.132556793,-2.040970204,0.133592159,-0.296666878,0.092680998,1.437844582201550,0.358659647,0.463955837,0.266544898,-0.192646684,-0.949789099,-1.771660447,-2.449522149,0.707607806,-0.140699836,-0.055903988,0.633974257,0.726655255,0.363327628,0.633974257,0.092680998,62958.188736070194864,140691466.012646168470383,2,2
34247.139999999999418,138.590000000000003,NM,1.30202E+11,Cuervo Canyon-Rio Grande,1.30202E+11,0.292765172,-0.283028863,1.715434616192750,-1.659780769,-1.927248155,1.498623551688590,1.092251136862510,-0.532006347,0.00467343,-0.447012525,0.153986317,0.160634285,0.224350299,-0.102725725,-0.638494864,0.220637207,0.187332888,-0.270701052,-0.99762868,-0.526197222,-0.942624228,-2.531536451,0.697728411,-0.126576149,0.610152116,0.834502415,0.417251207,0.610152116,0.224350299,73984.243302733550081,138628194.760945081710815,4,2
25718.529999999998836,104.079999999999998,NM,1.305E+11,White Oaks Draw,1.305E+11,-1.117349612,-0.446568415,-1.061948204,0.331013587,-0.704584885,-0.624230499,0.697631509,0.735663423,-0.286335422,-1.009558852,0.657333673,-0.226353101,0.112926225,-0.550516647,-1.188208368,0.294423244,0.200826822,0.607804342,1.058218572499540,0.659122105,0.98691265,0.399741233,0.463046596,0.341996579,0.768098404,0.881024629,0.440512315,0.768098404,0.112926225,61375.435193967983651,104008370.225313320755959,2,5
36186.129999999997381,146.439999999999998,NM,1.306E+11,Gunsight Canyon-Black River,1.306E+11,-0.949806139,-0.42921278,2.964585256072580,-1.321503404,-2.172756658,0.355026418,0.16885173,0.58445466,-0.602836739,-0.903571618,0.810904561,-0.145072041,0.136329228,-5.328035616,-4.12085762,0.213159346,-0.044414194,-1.261957607,-1.567048799,-1.257433297,-1.276876212,-1.929082848,0.811019336,-0.885223783,0.354427507,0.490756735,0.245378367,0.354427507,0.136329228,69572.841213797131786,146327128.336864441633224,3,1
15700.729999999999563,63.539999999999999,NM,1.108E+11,Chicoso Creek,1.108E+11,-1.117349612,-0.423688147,-1.092583541,-1.247757844,-0.642771445,-0.478370414,0.841390404,-0.42405683,-0.602836739,1.648676448628660,-0.956948936,-0.275488873,0.098778715,-0.750365407,-0.978493215,0.220899321,0.501522355,0.048541626,0.648598955,0.583260018,0.722904915,-0.354362544,0.504214949,0.217011297,0.72596842,0.824747136,0.412373568,0.72596842,0.098778715,40738.766728526577936,63487854.500137746334076,2,4
32429.420000000001892,131.240000000000009,NM,1.108E+11,Ponil Creek,1.108E+11,-0.473077624,0.180313903,-0.259757159,-0.129476594,-0.388028025,-0.576791896,0.879201725,-0.42405683,-0.602836739,1.092045175685820,-0.95544731,0.015166971,0.182466348,-0.525832787,-0.190618083,0.222354312,-0.049387889,-0.076608787,0.60961984,1.076524278469540,0.552728323,-0.235197448,0.435217834,0.238002597,0.733044158,0.915510506,0.457755253,0.733044158,0.182466348,95935.156781397512532,131132523.014125406742096,4,4
13047.139999999999418,52.800000000000004,NM,1.305E+11,Rock Springs Canyon,1.305E+11,-1.117349612,-0.454849381,-1.136057171,-1.342649393,-1.931597293,-0.947193921,0.845611537,0.735663423,-0.286335422,2.167052206449140,0.351638099,-0.257723328,0.103893893,-0.603566873,-0.981949889,0.210286497,0.184550353,-3.93252193,-0.822402361,-1.349032521,-1.894445359,-2.633634309,0.692470199,-0.449218732,0.501395897,0.60528979,0.302644895,0.501395897,0.103893893,38832.905337632437295,52784132.602959364652634,2,1
27123.970000000001164,109.769999999999996,NM,1.30201E+11,Rio Quemado,1.30201E+11,1.700627952555020,-0.271407796,1.045256210088910,1.559301659419020,1.223729663825480,0.227431922,-0.388686687,0.134923718,2.201382555721970,0.022058865,0.927789927,0.330872838,0.273366556,-0.162874474,0.13952402,-3.0108387,-2.298341102,0.973502679,0.1922416,0.314531009,0.639975631,1.194027607961870,-0.824450462,-0.891585553,0.352283085,0.62564964,0.31282482,0.352283085,0.273366556,68821.069657391679357,109691969.667262554168701,5,1
32289.760000000002037,130.670000000000016,NM,1.30201E+11,Rito Primero-Rio Grande,1.30201E+11,-0.335708391,-0.441185195,-0.130939971,0.289642727,0.412607819,-1.442230199,1.007451158017630,0.134923718,2.201382555721970,0.414197265,-0.224840354,-0.013596743,0.174184501,-0.11836854,0.817330735,-0.679350816,0.059349591,0.55528925,0.384441678,-0.627392151,0.904979728,0.373347203,-0.040134409,-0.034766661,0.641099218,0.815283719,0.407641859,0.641099218,0.174184501,78893.054643541661790,130578020.498964816331863,3,2
26736.159999999999854,108.200000000000003,NM,1.502E+11,Sawmill Canyon-Largo Creek,1.502E+11,-1.117349612,0.248199474,-0.94517364,0.341392285,0.628269516,-0.78817619,-0.056303855,-0.630951865,0.231277834,-0.445522811,-1.239502716,-0.193083537,0.122505427,1.131471753298900,0.51201879,0.532137462,0.483000555,0.100203448,-0.013536854,0.484951608,0.480043864,0.134101189,0.137820084,0.374126772,0.778928835,0.901434262,0.450717131,0.778928835,0.122505427,74007.753086397016887,108388186.161133065819740,2,5
29055.380000000001019,117.579999999999998,"CO,NM",1.30201E+11,Little Willow Creek-Rio Chama,1.30201E+11,0.902998918,0.107693535,1.650846419510470,1.093887526290130,1.268637624488850,0.313185511,-0.362578694,-0.619611268,-0.493272724,-0.094288654,1.443169068164160,0.277150877,0.257898558,-1.361881182,-0.626115609,-6.626134592,-0.839052411,0.110397696,1.575565127827920,-0.647941923,-0.101971221,0.68875716,0.108589936,-1.574423675,0.122112312,0.380010871,0.190005435,0.122112312,0.257898558,62266.507881822159106,85695372.275126039981842,5,1
22145.490000000001601,89.620000000000005,NM,1.30201E+11,Polvadera Creek,1.30201E+11,1.055576762124990,0.122490037,0.966698567,0.98252342,1.177815360961670,-1.407111591,0.432530622,-0.619611268,-0.493272724,0.643399256,1.260590922677920,0.179654838,0.229826827,-1.005445567,-0.405054916,-0.88357178,-1.785428851,-3.14530785,1.219308498993230,0.108981746,1.287401862140750,1.154283974069890,-0.322733134,-0.400050135,0.517969626,0.747796453,0.373898227,0.517969626,0.229826827,56656.327287238025747,89584739.568452626466751,4,1
20410.319999999999709,82.600000000000009,NM,1.502E+11,Paradise Canyon-Largo Creek,1.502E+11,-1.117349612,1.632416016150200,-0.620966255,-0.248426992,0.159984176,-0.118790215,0.93651732,-0.630951865,0.231277834,-0.264929779,-1.013863669,0.454313019,0.308908303,0.880339124,0.494649478,0.490361012,0.522912494,-0.179406276,0.154726881,0.710652685,1.232661395980390,-0.057062496,0.343820298,0.43966482,0.801020372,1.109928674329130,0.554964337,0.801020372,0.308908303,53144.397574709895707,82748614.061200305819511,5,5
17694.580000000001746,71.609999999999999,NM,1.30201E+11,Town of Carson,1.30201E+11,-0.836405882,-0.454849381,-1.135262848,-1.561033934,-0.420618846,-0.553062029,1.031668874442960,0.134923718,2.201382555721970,1.165304259825730,-1.166343019,-0.12117571,0.143209624,0.607083712,0.787110524,-0.182362299,0.530574045,0.398206088,0.504921003,3.616570823055590,1.350583697264730,-0.605468396,0.436455962,0.485490335,0.816467216,0.95967684,0.47983842,0.816467216,0.143209624,48429.578151085086574,71558722.062830507755280,3,5
28444.990000000001601,115.109999999999999,NM,1.30202E+11,Peralta Canyon,1.30202E+11,1.150407873398140,-0.454849381,-1.134466642,0.76399173,-0.336456418,1.503871866227540,-0.712758221,0.013349269,0.902057622,0.830824922,0.477453688,0.073220136,0.199181415,-0.648392479,-0.255343011,0.175187248,0.202144801,-2.247376267,-0.008319252,-1.22253507,0.054300906,-0.610967415,0.258318242,-0.153365507,0.601121971,0.800303386,0.400151693,0.601121971,0.199181415,71410.107083413837245,115070473.047795012593269,4,2
19286.979999999999563,78.049999999999997,NM,1.30202E+11,Outlet Borrego Canyon,1.30202E+11,-0.178903118,-0.454849381,-1.134161612,-0.064379884,-1.029066367,0.914108941,1.003373147425040,0.013349269,0.902057622,0.570349791,-0.76880487,0.058359249,0.194902566,-0.504196938,-0.525083177,0.212763614,0.522564987,-1.801402981,0.56591178,0.057692972,1.328385222187470,-1.74161688,0.510209037,0.095104822,0.68487624,0.879778806,0.439889403,0.68487624,0.194902566,72035.137783194135409,78025047.398879244923592,4,3
37124.770000000004075,150.240000000000009,NM,1.502E+11,Tohdildonih Wash,1.502E+11,-0.211763374,0.047381534,-0.72451204,-0.565469834,0.296097301,0.564988414,0.350919248,-0.315754732,-0.602836739,0.036619794,-1.0702998,-0.010838824,0.17497858,0.096681417,0.072023496,0.22493299,0.656270189,-1.471498746,-0.7002017,-0.947645677,-1.007148516,-0.387706767,0.307784674,-0.086817047,0.623554097,0.798532677,0.399266338,0.623554097,0.17497858,85892.295648539817194,150584434.682407200336456,3,2
26075.709999999999127,105.519999999999996,"CO,NM",1.40801E+11,Cox Canyon,1.40801E+11,0.524370534,-0.454849381,-1.080596229,-1.134682407,-1.035398324,1.066832199666920,-0.617973895,-0.74637128,-0.602836739,1.136726939076780,-1.573399182,-0.330424281,0.082961334,0.45936466,-0.183974793,0.516430667,0.553405028,-2.257978978,-2.683558959,0.069571059,0.371466012,-1.399572392,-2.349545798,-0.866476714,0.360746761,0.443708095,0.221854047,0.360746761,0.082961334,36015.337923634215258,52039928.596561305224895,1,1
24858.279999999998836,100.600000000000009,NM,1.504E+11,Outlet Diamond Creek,1.504E+11,0.225801851,0.382472519,-0.433424458,0.310260922,-0.438390375,1.778483667672710,-0.384663043,-0.745659554,-0.602836739,-1.234949084,1.676185941966990,0.218241739,0.240937034,1.231076123466160,0.060831994,0.417446299,0.382821327,0.659268856,-0.426291762,-1.132309367,-1.102143659,0.576999145,0.307334013,0.213748783,0.724868694,0.965805728,0.482902864,0.724868694,0.240937034,93673.122566081205150,100716310.001206040382385,5,4
35049.319999999999709,141.840000000000003,NM,1.30201E+11,Arroyo del Palacio-Rio Grande,1.30201E+11,0.616003921,-0.435915858,-0.015894064,-0.70609278,-0.799187692,1.832428982944810,2.083015781204520,0.134923718,2.201382555721970,0.462504548,-0.941102145,0.494829514,0.320574091,0.126312359,0.693230672,0.149249519,0.31357727,0.128352728,0.750498256,2.250722774840630,1.083155612676870,-0.576306627,0.438251866,0.438794762,0.800727093,1.121301183614250,0.560650592,0.800727093,0.320574091,77792.650306066381745,141753275.962002903223038,5,5
18283.000000000000000,73.989999999999995,NM,1.40801E+11,Miller Canyon,1.40801E+11,-1.117349612,-0.454849381,-1.136057171,-0.880918483,0.136534652,0.847597371,0.218406423,-0.74637128,-0.602836739,1.083990563276820,-0.669537768,-0.186141339,0.124504273,-0.635501004,-0.331735382,-1.237367645,0.57385447,0.642148057,1.228219407211610,-0.283078489,0.877817014,0.26275089,-2.734165241,-0.810600638,0.379581444,0.504085717,0.252042858,0.379581444,0.124504273,50976.108861187196453,73980128.156853377819061,2,1
18042.400000000001455,73.019999999999996,NM,1.306E+11,Porvenir Canyon,1.306E+11,1.785835759402570,-0.031729093,1.393202561826490,2.085554264537860,1.434510530309900,-0.641453654,-0.627877258,0.87030415,-0.602836739,1.222868707239930,-0.674067692,0.186381182,0.231763523,-0.302965709,-0.250877284,0.368013402,-1.883397465,-0.966523433,-0.574416499,0.912512692,-0.748026609,1.776886740764350,-0.407687024,-0.181568014,0.591615483,0.823379005,0.411689503,0.591615483,0.231763523,49846.865914498477650,72959793.839945465326309,4,2
18499.069999999999709,74.859999999999999,NM,1.108E+11,Spring Canyon-Vermejo River,1.108E+11,-0.797305357,-0.114633199,0.536006808,-0.475084004,-0.848084503,0.143497891,0.796079976,-0.482886884,-0.560610275,1.046850025774630,-1.313702701,-0.033354481,0.168495717,-0.395868719,0.655729623,0.196909027,-0.62755415,-0.663657322,-0.342023543,0.725347553,-0.541859286,0.0426986,0.577189475,0.092978418,0.684159472,0.85265519,0.426327595,0.684159472,0.168495717,58694.656892399500066,74804110.183369278907776,3,3
19593.409999999999854,79.290000000000006,NM,1.504E+11,Lower Mogollon Creek,1.504E+11,-0.10790419,-0.062922614,1.947426302502740,-0.949800479,-1.348165983,0.117972029,-0.503225069,-0.745659554,-0.602836739,-2.226772687,-0.26158605,-0.308026194,0.089410346,1.209996372181120,-0.092263723,0.253437782,0.238369409,-0.486711818,-0.342772293,0.291432035,-0.87633704,-0.081497443,0.665109181,0.248401375,0.736549374,0.82595972,0.41297986,0.736549374,0.089410346,52029.658318588255497,79444047.396009191870689,1,4
37351.330000000001746,151.159999999999997,NM,1.30201E+11,Middle Red River,1.30201E+11,0.990040345,-0.427731905,1.501519054798300,1.397101946607220,1.955599976635970,-1.271235702,-1.273531081,0.134923718,2.201382555721970,1.190032028516620,1.680375410261220,0.05853289,0.194952562,0.094602956,0.23118885,-1.250980635,-1.411669662,0.722833199,0.513385814,-0.508276244,0.726194129,1.267174766356420,-1.999830628,-0.698392384,0.417404552,0.612357114,0.306178557,0.417404552,0.194952562,67699.552963376554544,151041576.773346573114395,4,1
27164.350000000002183,109.930000000000007,NM,1.30201E+11,Canada del Abrevadero-Rio Tusas,1.30201E+11,0.026119115,-0.383067392,-0.069764946,1.088239238469420,0.33524378,-0.066429935,0.138019978,-0.619611268,-0.493272724,0.620374507,-0.498805385,-0.079695613,0.155152859,-0.705541253,0.436598667,0.048517107,0.435149697,0.879741553,0.134406606,-0.301116201,-0.200830143,-0.144286882,0.203844461,0.075051469,0.678116664,0.833269523,0.416634762,0.678116664,0.155152859,55979.321230976398510,109865482.752400666475296,3,3
37544.020000000004075,151.939999999999998,NM,1.30202E+11,Headwaters Arroyo del Puerto,1.30202E+11,-1.117349612,-0.454849381,-1.136057171,-1.71744584,-0.227465511,-0.214110266,1.180307135948340,-0.049312599,-0.031853023,0.234631338,-1.303564626,-0.2381307,0.109535138,0.535299405,0.549398121,0.251640977,0.745012434,0.468413135,-0.813891837,-1.259545125,0.134662901,-1.397879007,0.508791232,0.11332934,0.691019352,0.80055449,0.400277245,0.691019352,0.109535138,61107.147488646667625,152066537.666782617568970,2,3
11447.889999999999418,46.329999999999998,NM,1.30202E+11,Cienega Creek,1.30202E+11,0.654786793,-0.345882793,0.362880546,-1.611558503,-1.052636493,1.211618509177780,0.478953997,0.013349269,0.902057622,0.192688665,-0.642130348,0.068556629,0.197838666,-0.76815282,-0.678170019,0.231860949,0.421413364,-0.173675689,-0.538061948,2.465128678539720,1.176304037238260,-1.344867442,0.626752917,0.182512752,0.714339666,0.912178332,0.456089166,0.714339666,0.197838666,50205.470232289691921,46301502.264615684747696,4,4
12345.880000000001019,49.960000000000001,NM,1.108E+11,Luna Creek,1.108E+11,0.670790517,-0.088927809,-0.170810161,1.890823954063650,1.898050910028610,-1.651835443,-0.816408858,0.857542582,0.023350144,0.412327135,1.626606366088240,-0.006309879,0.176282585,-0.076190707,0.202966193,-3.896866894,-1.79068863,0.992143097,-0.485952129,-0.657567948,-0.123584316,1.456421590311870,-0.619414139,-1.158811803,0.262206578,0.438489164,0.219244582,0.262206578,0.176282585,35753.015340197271144,49923315.044184364378452,3,1
26493.479999999999563,107.219999999999999,NM,1.30201E+11,San Cristobal Creek-Rio Grande,1.30201E+11,0.485516906,-0.417188241,0.407648373,0.592535839,0.314588092,0.296268381,0.996073084,0.134923718,2.201382555721970,-0.274546403,-0.282236882,0.258256306,0.252458303,0.063647809,0.677106656,-0.386061194,0.245094194,0.332722319,-0.149155108,-0.217838459,0.247723709,0.65860846,-0.184911164,-0.050286803,0.635867695,0.888325998,0.444162999,0.635867695,0.252458303,54312.976065131806536,107138425.565064802765846,5,2
29548.260000000002037,119.579999999999998,NM,1.305E+11,Milbourn Draw,1.305E+11,-1.097681392,-0.402572537,-0.834672672,-0.106824178,-0.677172498,-1.232350089,0.49117432,0.070770559,-0.602836739,0.24668282,-0.830135949,-0.394969316,0.064377083,-0.269888923,0.129722231,0.210758623,0.349329723,-0.366345259,-0.448688045,-1.229345829,-0.101376378,-0.302167681,0.540263678,0.039663466,0.666188092,0.730565175,0.365282587,0.666188092,0.064377083,58605.240745949944539,119518879.122395992279053,1,3
20266.990000000001601,82.019999999999996,NM,1.306E+11,Alamitos Canyon-Pecos River,1.306E+11,0.60238232,-0.33459888,0.59231172,2.023462627245130,0.073065449,0.664651036,-0.871992893,0.87030415,-0.602836739,-0.869863852,0.188732546,-0.013557865,0.174195695,-1.19572405,-2.052593572,0.264843074,-0.199374604,0.814577976,-1.588519784,2.046013392007990,-1.695212017,0.705244928,0.053057605,-0.22775073,0.576048233,0.750243928,0.375121964,0.576048233,0.174195695,49208.888711011488340,81959609.075159758329391,3,1
15152.010000000000218,61.320000000000000,NM,1.504E+11,Apache Creek,1.504E+11,1.959702955971760,-0.454849381,-0.356695023,0.793675966,-0.276692942,0.204034568,-0.578176946,-0.745659554,-0.602836739,-0.544539127,0.003055912,-0.195181041,0.121901499,1.822830035517450,0.398638023,0.399979269,0.309301474,0.138701016,0.311332192,-1.625973101,-0.62841306,0.257842992,0.291407343,0.309910463,0.75728283,0.87918433,0.439592165,0.75728283,0.121901499,45628.306150487638661,61395895.220869205892086,2,4
35309.779999999998836,142.890000000000015,NM,1.30301E+11,Poverty Creek,1.30301E+11,-1.116364608,-0.454849381,-0.518496881,-0.506058728,-0.264042791,1.882915469859830,-1.860854353,-0.200629213,-0.545037789,-1.249780371,-0.125340228,-0.42617826,0.055391189,0.808843609,0.211504377,0.136750082,0.295147313,0.777975604,-0.469854802,-0.666589836,-1.187080541,-0.569358958,0.288850165,0.070036014,0.676426057,0.731817246,0.365908623,0.676426057,0.055391189,86717.021873450314160,143006371.246244430541992,1,3
20790.540000000000873,84.140000000000001,NM,1.30201E+11,Rio Capulin,1.30201E+11,1.115503257466680,-0.324606865,-0.100080125,1.314024671747030,0.76212982,-0.081468852,0.148168553,-0.619611268,-0.493272724,0.885347573,0.423837379,0.084652518,0.202473105,-2.199210666,-0.236708786,-0.340348932,0.249795773,-1.449571592,1.060534179110690,-0.45004709,0.539626897,0.69358955,-0.249100938,-0.249647899,0.568667145,0.77114025,0.385570125,0.568667145,0.202473105,51997.493210288543196,84123493.575270026922226,4,1
24460.319999999999709,98.990000000000009,NM,1.305E+11,South Fork Tularosa Canyon,1.305E+11,1.075616664384710,-0.402921605,-0.109864542,0.846255173,0.424141947,-0.101597411,-0.931154716,0.735663423,-0.286335422,-0.741854797,1.192728996442350,-0.128779145,0.141020391,-0.15628159,-0.388280555,0.684257708,0.01475546,0.514719948,0.341296362,-0.350627431,-0.51602821,1.482787996719560,0.002034989,0.226030979,0.729008771,0.870029161,0.435014581,0.729008771,0.141020391,56664.794102077699790,98919221.031161844730377,3,4
22470.040000000000873,90.930000000000007,NM,1.504E+11,Wilson Canyon-Tularosa River,1.504E+11,0.069981195,-0.202043189,0.166887552,0.029856014,-0.450312214,-0.70849146,-0.352881818,-0.74637128,-0.579192356,-0.691061081,-0.516313562,-0.349035444,0.07760268,0.874253262,0.801920866,0.835788138,0.291454534,0.59536182,0.556018827,0.872993608,0.553283961,0.928422948,0.379476041,0.639181301,0.868273299,0.945875978,0.472937989,0.868273299,0.07760268,66200.584246021957370,91120649.359468370676041,1,5
27434.720000000001164,111.019999999999996,NM,1.30202E+11,Lower Tijeras Arroyo,1.30202E+11,-0.845019032,-0.454849381,0.003624868,0.176951521,-1.242575212,0.521427438,1.246822116557580,-0.289431985,-0.436444122,-0.38878651,-0.255575416,-0.032992833,0.168599845,-0.424132778,-0.131981568,0.2656928,0.560273497,-3.364816506,0.27802781,0.032533715,0.420671731,-0.690701784,0.60591034,0.056315238,0.671801064,0.840400909,0.420200455,0.671801064,0.168599845,90666.553445228200871,110986546.275554239749908,3,3
24171.770000000000437,97.820000000000007,NM,1.504E+11,Outlet North Fork Negrito Creek,1.504E+11,0.066536351,-0.397841021,-0.13806971,0.604119173,0.154126205,-0.873997516,-0.358275588,-0.74637128,-0.579192356,-1.418089255,-0.091189053,-0.398761866,0.063285106,1.083055111508880,0.398517426,1.184146763849600,0.136961302,0.960480349,-0.255844831,0.686663044,-0.320469378,0.376791056,0.216956315,0.517120497,0.827129097,0.890414203,0.445207101,0.827129097,0.063285106,44708.049905521329492,98005851.866403266787529,1,5
28820.779999999998836,116.629999999999995,NM,1.30201E+11,Indian Creek-Rio Pueblo,1.30201E+11,0.587722804,-0.215122751,1.078310983191660,1.843274656289120,0.786660495,-0.164717663,-0.513191184,0.134923718,2.201382555721970,-0.815512761,0.696964371,0.158977664,0.223873313,-0.274731928,0.021917598,0.173108394,-0.556097859,0.520538804,-0.695933039,-0.663562327,-0.603220089,1.118130869300570,-0.124462418,-0.105545717,0.617241045,0.841114358,0.420557179,0.617241045,0.223873313,61090.933434283251700,116550298.518955528736115,4,2
27642.830000000001746,111.870000000000005,NM,1.306E+11,Headwaters Cow Creek,1.306E+11,0.488302617,0.738583967,0.244868552,-0.090790513,1.679256725537570,-0.8403119,1.641088695755080,0.87030415,-0.602836739,-1.04676179,0.445540832,0.490780254,0.3194082,-0.412314552,-0.182994511,0.632870763,-1.089375491,-0.381281824,-0.205112711,-0.842675078,0.236051259,1.536456210619850,-0.866398731,-0.173272995,0.594411564,0.913819764,0.456909882,0.594411564,0.3194082,49813.190317882217641,111785151.053186744451523,5,2
17589.180000000000291,71.180000000000007,NM,1.108E+11,Wheaton Creek,1.108E+11,-0.375936884,0.690971014,-0.1434858,0.677884349,1.029587448934220,-1.615963414,0.186651816,-0.201123834,-0.453300913,0.806412943,0.392647465,0.119684867,0.21255986,-0.410181788,-1.274622797,0.138695043,-0.838029543,-0.405067828,-0.131941749,0.215999742,-0.149247754,0.697288149,0.0184859,-0.108704774,0.616176191,0.828736052,0.414368026,0.616176191,0.21255986,47399.905996362023870,71124128.997139513492584,4,2
26558.400000000001455,107.480000000000004,NM,1.504E+11,T Bar Canyon,1.504E+11,-0.812811141,-0.439254359,-1.136057171,-0.782903929,0.567667038,0.351780292,-0.234160604,-0.745659554,-0.602836739,-1.306734029,-0.179849597,-0.37179327,0.07105009,1.245852881042510,0.411472015,0.881512702,0.080099594,0.968883248,0.484168817,1.058789014342550,0.990545251,0.025588732,0.139626028,0.586982949,0.850678301,0.921728391,0.460864196,0.850678301,0.07105009,44691.306938098314276,107662491.207991242408752,1,5
18531.510000000002037,74.989999999999995,NM,1.108E+11,Eagle Nest Lake,1.108E+11,-0.26285178,2.423980507645870,-0.590525733,-0.004419014,1.174300462184400,-1.570722541,1.041154599759020,-0.42405683,-0.602836739,1.195003997135330,1.222352222842790,0.785877187,0.404374542,-0.421951823,-0.326916645,-0.87412299,-1.20068967,0.999128494,-0.216358142,-0.307668477,0.203076654,1.228358970560340,-0.074219814,-0.269903754,0.56183931,0.966213852,0.483106926,0.56183931,0.404374542,50715.036217687964381,74935625.918036341667175,5,1
29762.340000000000146,120.439999999999998,NM,1.30201E+11,Headwaters Rio Cebolla,1.30201E+11,-0.608683987,-0.161842936,-0.295061138,-0.449379899,0.474290708,0.11133691,0.625325896,-0.619611268,-0.493272724,0.007731864,-0.230589964,-0.039279474,0.166789752,-1.126846126,-0.656255392,-0.92077505,-0.50264766,0.952768027,1.559694789256790,1.140199008443280,1.623919658593610,0.477634875,0.308083817,0.080484025,0.679947868,0.84673762,0.42336881,0.679947868,0.166789752,66671.320233713369817,120399418.405170738697052,3,3
21393.529999999998836,86.579999999999998,NM,1.504E+11,Clear Creek-Middle Fork Gila River,1.504E+11,2.494088644357730,-0.445870774,-0.420852082,0.86492948,-0.119704093,0.475594463,-0.16028017,-0.745659554,-0.602836739,-0.627002306,1.588434005139110,0.022621803,0.184612794,1.482065786814240,0.267223307,0.470238368,0.197663336,0.826132612,-0.417432873,0.604411654,-0.860418218,0.72864349,0.317907579,0.366331356,0.77630116,0.960913954,0.480456977,0.77630116,0.184612794,51226.426701309341297,86719844.951338574290276,4,5
31520.030000000002474,127.560000000000002,NM,1.30201E+11,Santa Clara Creek,1.30201E+11,-0.049880438,-0.189038464,0.778243798,0.049682981,0.559263267,-0.205869756,0.393533521,0.134923718,2.201382555721970,0.812948683,0.971728242,0.257135373,0.252135557,-0.794428482,0.234338194,0.144333284,-0.528685882,-2.256513014,0.658618012,-0.734005368,1.032765615018240,0.660835741,-0.069831298,-0.064053491,0.631227226,0.883362783,0.441681391,0.631227226,0.252135557,85557.930009828618495,127498563.416304588317871,5,2
22087.409999999999854,89.379999999999995,NM,1.108E+11,Headwaters Manuelitas Creek,1.108E+11,0.651173443,0.825686995,1.846825339628320,1.650194957873890,0.772051131,-1.233494399,-0.180304642,0.857542582,0.023350144,1.223716978918970,0.996938236,0.462475098,0.311258385,-0.310988774,-0.427185422,0.230282785,-2.524300559,0.282876077,-1.184049987,1.305382485705200,-1.225351956,1.125320976781050,-0.210354289,-0.254724912,0.566955788,0.878214172,0.439107086,0.566955788,0.311258385,66327.091917427605949,89316548.045221418142319,5,1
10281.210000000000946,41.609999999999999,NM,1.108E+11,Greenwood Canyon,1.108E+11,1.576463920216350,-0.284268228,0.312682626,1.809955599051340,1.939908980311700,-1.695917362,-1.360367239,-0.42405683,-0.602836739,1.425784903712130,1.435002918941070,-0.146965132,0.135784156,-0.059986675,0.166186857,0.060117121,-1.86460729,0.989939824,0.386349019,0.197399584,1.037409449481720,0.676710767,-0.310732277,0.016780439,0.658474691,0.794258847,0.397129424,0.658474691,0.135784156,29746.183387399185449,41573674.680974990129471,3,3
20047.080000000001746,81.129999999999995,NM,1.108E+11,Headwaters Rayado Creek,1.108E+11,1.782987543512030,0.624137631,1.242240363270350,2.161920967384350,1.836901258654910,-0.612149534,-0.684784779,-0.42405683,-0.602836739,0.359684178,1.023264815341730,0.372802398,0.285439203,-0.073744025,-0.189161112,-0.061609976,-2.513690668,0.961882274,0.288434641,-0.12644314,0.637604368,1.167843499526090,-0.318996645,-0.095765263,0.620537836,0.905977039,0.45298852,0.620537836,0.285439203,48877.521275391816744,81063025.043498516082764,5,2
15116.229999999999563,61.170000000000002,NM,1.108E+11,Rio la Casa,1.108E+11,2.188412156431260,0.478096085,2.011358725144360,1.421358677643090,2.242952747752230,-1.98416362,-0.509044439,0.857542582,0.023350144,2.397841216157510,2.367094902062460,0.48806296,0.318625818,0.056443965,0.497967246,-0.248612964,-2.759724243,0.617789168,-0.084627081,-0.495666674,0.383521055,1.910939681921510,-1.526386034,-0.466524363,0.495562522,0.81418834,0.40709417,0.495562522,0.318625818,44936.111268989261589,61127090.642288438975811,5,1
12010.319999999999709,48.600000000000001,NM,1.30202E+11,Middle San Mateo Creek,1.30202E+11,-1.117349612,-0.454849381,-1.136057171,-1.026343127,-0.246630792,0.32094848,0.325547598,-0.049312599,-0.031853023,0.75253987,-1.470928575,-0.258531917,0.103661079,0.43596938,0.597475917,0.306589033,3.401104556568060,0.696624114,-0.621623978,-0.366698095,-0.006355548,-0.67682263,0.506093678,0.383407977,0.78205734,0.885718419,0.442859209,0.78205734,0.103661079,36662.854350851725030,48639436.894181750714779,2,5
25547.220000000001164,103.390000000000001,NM,1.504E+11,Shelley Canyon-Gila River,1.504E+11,1.618936582898520,-0.026393405,1.533171970967670,-0.296461583,-1.282820927,-0.284469532,-1.046458272,-0.745659554,-0.602836739,-0.864878998,-0.535802565,-0.282752489,0.096687325,1.288012487375020,-0.157859639,0.271594985,0.281310206,-0.457911767,-0.60917109,0.302990997,-1.556575646,-0.246833771,0.664567187,0.188661052,0.716412132,0.813099457,0.406549729,0.716412132,0.096687325,56813.534887176894699,103569569.546563923358917,2,4
23386.040000000000873,94.640000000000001,NM,1.306E+11,Canon Mesteno-Tecolote Creek,1.306E+11,0.774203334,-0.427028468,0.153524099,1.145520123827180,-0.044737432,-0.206965318,-0.253603587,0.87030415,-0.602836739,0.877133123,-0.327755257,-0.054817465,0.162315947,-0.627246995,-1.600325328,0.222823554,0.334072093,0.294773406,-1.478195079,2.462113297050760,-1.511098514,0.436711514,0.260163539,-0.078195146,0.626460363,0.78877631,0.394388155,0.626460363,0.162315947,55382.849406602377712,94567520.785514816641808,3,2
34954.080000000001746,141.450000000000017,NM,1.30201E+11,Stinking Lake,CLOSED BASIN,-1.117349612,-0.454849381,-1.136057171,-0.004356207,-0.073101546,1.231063150142560,0.577133461,-0.619611268,-0.493272724,0.461245176,-1.327478757,-0.09700531,0.150168932,-0.83566449,-0.187237447,-1.166490498,0.658558829,0.609602615,1.005579112205100,-0.396666954,0.616957894,0.025092387,0.437928504,-0.056367457,0.633818031,0.783986963,0.391993481,0.633818031,0.150168932,83170.237196153815603,141443614.105390459299088,3,2
24253.279999999998836,98.150000000000006,NM,1.30301E+11,South Percha Creek-Percha Creek,1.30301E+11,-0.25306078,-0.454849381,0.861638515,-0.511390525,-0.766212198,0.476825382,-1.553088172,-0.200629213,-0.545037789,-0.156280467,0.606491702,-0.382700871,0.067909498,0.809701204,0.134034854,0.232754252,0.400263284,-0.975926719,-0.843567542,-0.117722184,-2.268326082,-1.481027032,0.449179828,-0.065948041,0.630588612,0.69849811,0.349249055,0.630588612,0.067909498,57924.772342937430949,98224266.139335393905640,1,2
22384.020000000000437,90.579999999999998,NM,1.504E+11,Sand Flat Canyon,1.504E+11,-1.117349612,-0.454849381,-1.136057171,-0.194247066,0.230484882,-0.510926158,0.061115592,-0.74637128,-0.579192356,-0.516039217,-0.163249548,-0.402772519,0.062130331,0.909318729,0.385976006,0.440332327,0.41663006,-0.180474163,0.154503045,1.027623250159910,0.803039788,-0.120345618,0.307221436,0.400459146,0.78780494,0.849935271,0.424967636,0.78780494,0.062130331,58855.823749073977524,90751095.178819090127945,1,5
37952.910000000003492,153.590000000000003,NM,1.504E+11,Taylor Creek,1.504E+11,1.203333690109040,-0.129445687,0.027909289,0.625396648,-7.33389E-06,1.114297441912340,-0.870557425,-0.745659554,-0.602836739,-1.183633346,0.61063898,-0.040783031,0.166356838,1.227341301485300,0.207016791,0.280985799,0.389202749,0.720353002,-0.514246982,-0.975331397,-1.273654594,0.465953786,0.165632712,0.139776136,0.699934026,0.866290864,0.433145432,0.699934026,0.166356838,84322.676496723812306,153755986.609281420707703,3,4
12283.989999999999782,49.710000000000001,NM,1.40802E+11,Black Lake,1.40802E+11,-0.981548167,-0.3201279,-1.136057171,-1.222599087,0.022362219,0.922931537,0.659802851,-0.1007709,-0.602836739,0.227449871,-0.124230309,-0.062960392,0.159971379,0.134998313,0.16609718,0.246940349,0.759086934,-1.410769408,-0.630638923,-0.913680565,-0.646046111,-0.285493952,-5.031629651,-1.3781532,0.188271077,0.348242457,0.174121228,0.188271077,0.159971379,41516.770386021336890,49829861.095449082553387,3,1
24830.979999999999563,100.490000000000009,NM,1.306E+11,Cox Canyon,1.306E+11,0.814388149,-0.344074798,-0.428043637,1.240012525030850,0.972066998,-0.823357189,-1.098928798,4.226727887391610,-0.602836739,-0.918923499,0.809286244,-0.081126209,0.154740952,0.005554897,0.145151344,0.858702709,-0.089253374,1.160246085463460,0.099379312,-2.046330773,-1.010649981,1.786693729241710,-0.218780321,0.157591227,0.705939129,0.860680082,0.430340041,0.705939129,0.154740952,53232.668899992226216,100417753.835602849721909,3,4
25737.959999999999127,104.159999999999997,NM,1.30202E+11,Canon Guadalupe-Rio Puerco,1.30202E+11,-1.092386476,-0.425625307,-0.667502135,-1.333431581,-0.795893253,0.737778541,0.371176731,-0.081206515,-0.520238879,0.684447662,-0.69213047,-0.199381196,0.120692162,0.227464816,0.229591665,0.221253988,0.760151604,0.33279155,-0.031298771,-2.70390073,0.290025188,-1.398636462,0.62020256,0.108258743,0.689310158,0.810002319,0.40500116,0.689310158,0.120692162,65571.840013945169630,104176851.689595624804497,2,3
23528.840000000000146,95.219999999999999,NM,1.30202E+11,Pasture Canyon-Alamocita Creek,1.30202E+11,-1.117259262,-0.428835311,-0.954307029,-1.091384456,-0.30622562,1.048159763943720,-0.810213968,-0.345091612,-0.602836739,-0.579107518,-0.851657888,-0.41991991,0.057193136,0.878871636,0.318508456,0.226406167,0.303832249,0.633937273,0.203304178,-0.115182078,-0.219919209,-1.271272426,0.433214555,0.248841591,0.736697762,0.793890898,0.396945449,0.736697762,0.057193136,54993.737212830827048,95294139.477294504642487,1,4
7090.789999999999964,28.699999999999999,NM,1.502E+11,Hay Vega,1.502E+11,-1.117349612,-0.454849381,-1.136057171,-0.015923744,0.582053109,-0.727322556,1.382860012208230,-0.74637128,5.279971262824160,0.350827654,-0.663231303,0.126686432,0.214575799,1.424491230430950,0.745843508,0.799130612,0.063617009,0.745945932,0.938450165,0.793420283,1.928121234081380,-0.338639592,1.469840599222340,0.989399847,0.986324811,1.200900610484160,0.600450305,0.986324811,0.214575799,43568.514221642872144,28768213.588796414434910,4,5
27838.510000000002037,112.659999999999997,NM,1.30201E+11,Rio Chupadero-Pojoaque Creek,1.30201E+11,0.357784829,-0.393142904,1.655757461522130,0.201892724,-0.488607877,2.533472607706260,-0.520456103,0.134923718,2.201382555721970,-0.404370393,0.012658366,0.30681257,0.266438958,-0.511909775,-0.18585474,-0.080174668,-0.547610173,0.372132004,0.079241889,1.443006073531340,0.491168788,0.610068721,0.272134522,0.117274935,0.692349332,0.958788289,0.479394145,0.692349332,0.266438958,92945.071105961484136,112588093.402991130948067,5,3
37001.000000000000000,149.740000000000009,NM,1.30202E+11,Canon del Alamito-Rio Salado,1.30202E+11,-0.983394088,-0.453475853,-1.041651124,-1.572279466,-1.22907848,1.995054143734470,-0.684753215,-0.345091612,-0.602836739,-0.410178113,-0.561389318,-0.332963251,0.082230297,0.394952636,-0.2026901,0.228761305,0.354029538,0.285318197,-0.1267273,-1.084957721,-0.213120419,-1.855482214,0.680899671,0.114338343,0.691359467,0.773589763,0.386794882,0.691359467,0.082230297,79682.656100118125323,149782291.833574861288071,1,3
32409.709999999999127,131.159999999999997,NM,1.30201E+11,Buffalo Grass Creek-Rio Pueblo de Taos,1.30201E+11,0.609309646,-0.166511017,0.927208848,1.434620017178900,1.065788152441940,-1.174495106,-0.351238356,0.134923718,2.201382555721970,-0.467746944,0.788236281,0.079346469,0.200945351,-0.116847384,-0.051825192,0.174809563,-0.704151188,0.604114336,-0.315959176,-0.364837927,-0.047130713,1.668490175974400,-0.53324347,-0.089781154,0.622554957,0.823500308,0.411750154,0.622554957,0.200945351,81414.207623368012719,131058677.064034640789032,4,2
33663.889999999999418,136.229999999999990,NM,1.306E+11,Arroyo Pecos,1.306E+11,-0.801772558,-0.341190105,-0.954979794,-0.657491587,-0.539412235,-0.136817647,1.791692281165760,0.87030415,-0.602836739,0.724539632,-1.351521074,0.007092891,0.180141603,-0.592866018,-1.66842949,0.221079627,0.406487052,0.676881195,-1.523585067,0.732217438,-1.405661165,-0.058171098,0.508275878,-0.104065247,0.617740081,0.797881684,0.398940842,0.617740081,0.180141603,93495.036610157345422,136125628.057960569858551,3,2
17239.650000000001455,69.769999999999996,NM,1.30202E+11,Canada Estacada,1.30202E+11,-1.107693556,-0.454849381,-1.024013515,-0.768835563,-0.782330124,1.136399151449210,0.787461609,0.013349269,0.902057622,0.028274598,-0.876498548,-0.04343109,0.165594391,-1.070012104,-1.236161176,0.223303596,0.316306907,0.369184499,-0.152635612,1.746272495377150,0.401535348,-1.091857017,0.493981324,0.094481041,0.684665976,0.850260367,0.425130183,0.684665976,0.165594391,47451.229797360785597,69720325.746942624449730,3,3
19272.869999999998981,77.989999999999995,NM,1.30201E+11,Rito la Presa,1.30201E+11,1.230468980974130,0.140586183,0.074049798,1.548692928498980,2.267520040168900,-2.419288008,-0.89761946,0.134923718,2.201382555721970,-0.2376381,1.967845133667530,0.050105776,0.192526169,0.010431589,0.217203069,-1.589113588,-2.313680157,0.750987672,-0.213421467,-1.175784528,0.296837497,1.833830181470030,-0.933914125,-0.678255075,0.424192428,0.616718597,0.308359298,0.424192428,0.192526169,43558.888468380726408,77935289.415199220180511,4,1
39874.379999999997381,161.370000000000005,NM,1.30201E+11,Outlet El Rito,1.30201E+11,-0.455758063,-0.402954508,0.216344235,-1.150156663,-0.613971077,0.766399862,2.486328258693600,-0.619611268,-0.493272724,0.607450078,-1.021801464,0.209373357,0.238383588,-0.378058333,1.892897685320920,0.209643519,-0.019244649,0.112062699,0.93938492,-0.108074934,1.254815257800790,-0.68679612,0.510614962,0.372631774,0.778424902,1.016808490187430,0.508404245,0.778424902,0.238383588,73165.144838500214973,161282571.654268175363541,5,5
34324.300000000002910,138.909999999999997,NM,1.30202E+11,Rio Moquino,1.30202E+11,-0.477130461,0.599989877,-0.342239861,-1.600560421,-0.421045403,-0.016668724,0.303668465,-0.049312599,-0.031853023,0.617742915,-0.701596633,0.075532587,0.199847232,0.087948323,-0.058743491,0.216598131,1.424449089620300,-0.762171149,-0.390011298,-1.120993728,-0.319471664,-1.446144057,0.473922742,0.034302236,0.664380931,0.864228163,0.432114081,0.664380931,0.199847232,92993.509604335558834,138958783.636368840932846,4,3
28850.799999999999272,116.760000000000005,NM,1.30201E+11,Coyote Creek,1.30201E+11,0.191563425,3.209154234718090,1.404583783486360,1.448453878538690,1.060829993340250,0.091404194,0.280486104,-0.619611268,-0.493272724,0.454348879,1.241327199865860,1.260595305758450,0.541058652,-0.861183687,-0.2831383,0.459701528,-1.711989567,-3.093635644,1.195729980484390,-0.2324977,1.217473961813640,1.348607016064580,-0.149952188,-0.024025157,0.644719959,1.185778611286310,0.592889306,0.644719959,0.541058652,65504.836040159898403,116721463.224707588553429,5,2
26220.720000000001164,106.109999999999999,NM,1.30202E+11,Blue Mesa Canyon-Alamocita Creek,1.30202E+11,-1.0495059,-0.368278925,-0.836856923,-0.824405477,-0.478959649,0.922713649,-0.17034828,-0.345091612,-0.602836739,0.169241856,-0.778942905,-0.258338865,0.103716664,0.866945007,0.316480729,0.226973978,0.317068084,0.597712209,0.242787714,0.14273992,-0.198583257,-1.296562973,0.454580742,0.26930256,0.743594736,0.8473114,0.4236557,0.743594736,0.103716664,56835.933281220437493,106186033.550643816590309,2,4
24292.150000000001455,98.310000000000002,NM,1.30301E+11,Headwaters Las Animas Creek,1.30301E+11,0.975723511,-0.454849381,0.835301136,-0.615166599,-0.480203373,0.1141155,-1.717461698,-0.200629213,-0.545037789,-0.266291537,0.67095885,-0.388609146,0.066208347,0.959188331,0.273085192,0.326160486,0.338349031,-0.193832263,-0.819323818,-0.656853141,-2.135889601,-0.394246766,0.110633489,-0.036758163,0.640427923,0.70663627,0.353318135,0.640427923,0.066208347,66497.524101803574013,98384270.881008923053741,1,2
31372.720000000001164,126.960000000000008,NM,1.108E+11,Moras Creek,1.108E+11,-1.065150523,1.333300953893350,-0.746728941,0.084605791,-0.035479557,-0.735047438,0.358441675,-0.42405683,-0.602836739,1.798846107176890,-0.299285577,0.298850746,0.264146534,-0.474873833,-1.444710155,0.230117443,0.75679504,-0.238846188,0.33657057,0.45483342,0.152285137,-0.151150541,0.321395633,0.11514903,0.691632733,0.955779267,0.477889633,0.691632733,0.264146534,63770.722302182723070,126859478.743740007281303,5,3
26225.420000000001892,106.129999999999995,NM,1.504E+11,Headwaters Saliz Canyon,1.504E+11,0.328033033,-0.434445702,-0.882736797,0.243062399,-0.449517976,0.537005544,-0.909808784,-0.74637128,-0.579192356,-0.379181643,-0.19905243,-0.346076417,0.078454663,1.214319741284340,0.821539669,0.521436103,0.226456742,0.842367256,0.24758444,0.5336222,-0.183774359,0.849923758,0.43951768,0.526607937,0.830327119,0.908781782,0.454390891,0.830327119,0.078454663,53528.215454850294918,106391174.906167253851891,1,5
39507.309999999997672,159.879999999999995,NM,1.30202E+11,Arroyo Viejo-Galisteo Creek,1.30202E+11,-0.678692132,-0.442442636,-0.597908545,-0.781480036,-1.154655033,1.954481457821070,0.619071835,0.013349269,0.902057622,0.592573858,-0.717892489,0.096702046,0.205942488,-0.530498278,-0.178735041,0.218957037,0.378201752,-0.513685904,-0.86178659,1.201461736431630,-0.03172562,-1.431960137,0.592363303,0.032969313,0.66393163,0.869874118,0.434937059,0.66393163,0.205942488,85686.012433624331607,159790416.388424247503281,4,3
16417.110000000000582,66.439999999999998,NM,1.30202E+11,Arroyo Hondo,1.30202E+11,-0.416505965,-0.413565129,-0.169414976,0.670845014,-0.370377672,2.158448260594930,-1.589572474,0.013349269,0.902057622,-0.351547938,-0.325031671,-0.109777973,0.146491339,-0.807999771,-0.934020434,0.242998637,0.37846653,0.555597327,0.029190738,1.957375730110080,1.294471035476870,-0.596542016,0.294557044,0.200442439,0.720383397,0.866874736,0.433437368,0.720383397,0.146491339,74390.066184903887915,66397124.584496192634106,3,4
33714.110000000000582,136.439999999999998,NM,1.301E+11,Canada Tio Grande-Rio San Antonio,1.301E+11,-0.440251759,3.754384833934210,0.532751885,-0.363054973,1.901373473555710,-0.867808212,0.294276019,-0.74637128,1.774943003382460,1.139843024889570,1.933582575907490,1.358105352872270,0.569134417,-1.422049856,-0.268589423,-1.907729718,0.082565979,0.943648588,1.673050747473650,-0.515589568,1.254336679227260,0.582634234,-4.054443789,-1.310637185,0.211029346,0.780163762,0.390081881,0.211029346,0.569134417,65323.581192471297982,136368205.971185564994812,5,1
37983.720000000001164,153.710000000000008,NM,1.504E+11,Schoolhouse Canyon-Mangas Creek,1.504E+11,-0.380261485,-0.274932533,0.780811391,-1.40437668,-1.85169925,1.884128852242670,-1.805595901,-0.734180399,-0.602836739,-1.489198486,-0.689227964,-0.463088458,0.044763751,1.386291924898200,-0.239977232,0.240789908,0.313487364,-0.064432804,-0.746020446,0.473579875,-1.220817626,-0.988829794,0.687964727,0.18626525,0.715604557,0.760368307,0.380184154,0.715604557,0.044763751,64499.082388215683750,153995020.866490989923477,1,4
39458.580000000001746,159.680000000000007,NM,1.504E+11,O Bar O Canyon,1.504E+11,-1.117349612,-0.454849381,-1.136057171,-1.165543317,0.135900994,-0.822850619,0.443084586,-0.745659554,-0.602836739,-0.648594461,0.213121706,-0.423043144,0.056293873,1.197426678313720,0.296375147,0.508393839,0.429638562,0.532668056,0.552219908,1.638808028541760,1.074756153136370,-0.049532637,0.233159114,0.547585924,0.837398369,0.893692243,0.446846121,0.837398369,0.056293873,85299.836428851966048,159920881.722761839628220,1,5
30511.150000000001455,123.469999999999999,NM,1.504E+11,Deep Creek,1.504E+11,0.45276635,-0.036547545,1.199309627788000,0.3947258,-0.104100502,-0.29663702,-0.426476572,-0.74637128,-0.579192356,-1.462764144,-0.314186141,-0.178408479,0.126730771,1.450798727336020,0.530945399,2.691746652226390,-0.551996105,0.512757252,0.383940409,0.410070392,-0.257940519,1.303510647141870,0.147730608,0.942117476,0.97038689,1.097117661279520,0.548558831,0.97038689,0.126730771,70845.624395966166048,123745261.478943839669228,2,5
27184.159999999999854,110.010000000000005,NM,1.30201E+11,Huckbay Canyon-Rio Chama,1.30201E+11,0.350063312,-0.291296495,0.39994651,0.812197951,-0.087080681,0.116596844,0.059014824,-0.619611268,-0.493272724,1.563894013995890,-0.342426888,0.016262732,0.182781847,-0.613866085,0.161650042,-0.997400802,-0.012083602,-0.30574746,0.806077544,-0.896280344,0.385285307,-0.215941537,0.433836715,-0.136547068,0.606791123,0.78957297,0.394786485,0.606791123,0.182781847,61882.358593487020698,109986608.297185584902763,4,2
34322.309999999997672,138.900000000000006,NM,1.305E+11,Arroyo de Tajique,1.305E+11,0.40380156,-0.432811815,-0.667605382,0.43807278,-0.438569067,-1.097405528,0.360025966,0.070770559,-0.602836739,0.252135463,-0.343489428,-0.259733322,0.103315162,-0.210707435,0.243802105,0.199327336,0.361777919,-0.536885175,-0.785820821,-0.795835091,-0.823938093,0.042555236,0.472192552,-0.012045087,0.648758196,0.752073358,0.376036679,0.648758196,0.103315162,68833.003571352746803,138834216.272243082523346,2,2
31575.840000000000146,127.780000000000001,NM,1.30201E+11,Arroyo del Yeso-Arroyo Seco,1.30201E+11,-0.560413627,-0.402509739,0.451931631,-0.712850399,-0.244775373,1.137697808426540,1.055099368334130,-0.619611268,-0.493272724,-0.188166256,-0.536931883,0.054847584,0.193891463,-0.880665758,0.912830378,-0.156075068,0.064731663,0.172991076,1.433972640526360,-0.494945044,1.517923967975020,-0.599682772,0.476413256,0.245033468,0.735414121,0.929305585,0.464652792,0.735414121,0.193891463,59678.742009050140041,127734602.884469300508499,4,4
38017.840000000003783,153.849999999999994,NM,1.30202E+11,Arroyo Colorado-Galisteo Creek,1.30202E+11,-0.439449837,-0.439649191,0.341809447,0.911157859,-0.257181737,1.887268368880120,0.117196175,0.013349269,0.902057622,-0.647034476,-0.270746365,0.159297201,0.223965316,-1.188609706,-1.580835155,0.23051853,0.325870997,0.460304467,-0.485490269,1.706350148248200,0.213909564,-0.513414494,0.147877637,-0.033369155,0.641570288,0.865535605,0.432767802,0.641570288,0.223965316,97995.824472784064710,153752424.326036274433136,4,2
25975.520000000000437,105.120000000000005,NM,1.504E+11,Sacaton Creek,1.504E+11,-0.361613456,-0.449516842,0.854506217,-1.212007179,-1.322748452,0.302306879,1.285855116099390,-0.734180399,-0.602836739,-2.220705666,-0.329878161,-0.186459418,0.124412689,1.291660447338810,0.009888831,0.365915519,0.068428175,-0.043644498,0.06913771,0.316709542,-0.223207071,-0.501972565,0.562758422,0.332802424,0.764999242,0.889411932,0.444705966,0.764999242,0.124412689,60759.451579707638302,105343965.950621217489243,2,5
17895.799999999999272,72.420000000000002,NM,1.108E+11,Banderitas Creek,1.108E+11,0.271516847,1.387070171265520,-0.257889174,0.969526207,0.785293253,-1.332907029,0.828221174,-0.201123834,-0.453300913,0.518507516,0.083267468,0.469109456,0.313168595,-0.569688683,-1.806489459,0.20792534,0.440459965,-0.7474492,-0.225984697,0.292826023,-0.288266718,0.198695506,0.087740289,-0.095308896,0.620691668,0.933860263,0.466930131,0.620691668,0.313168595,63450.684578905202216,72363871.270254790782928,5,2
24500.700000000000728,99.150000000000006,NM,1.108E+11,Outlet Rayado Creek,1.108E+11,-0.551221785,0.085029102,0.518394844,-0.674496526,-0.736848844,-0.764373012,1.825701048415470,-0.42405683,-0.602836739,1.188100793229010,-1.185589838,0.100204366,0.2069509,-0.58518809,-0.775999021,0.221643073,-1.712415022,-0.318183059,0.1013434,0.490782255,-0.075161358,-0.339538783,0.553520169,-0.000295734,0.652718663,0.859669563,0.429834782,0.652718663,0.2069509,116380.891310367558617,99072081.899617522954941,4,2
21551.029999999998836,87.210000000000008,NM,1.30201E+11,Mesa de Abiquiu-Rio Chama,1.30201E+11,-0.222095543,-0.436935859,2.465695046166400,-1.343847251,-0.988751199,1.974244614351060,1.181817887128810,-0.619611268,-0.493272724,0.883855734,-0.872635585,0.25618808,0.251862806,-0.251485784,2.213196804120800,0.117292027,0.10168281,-0.05752183,1.010394754272520,0.125360922,1.081388657322060,-1.024351442,0.556067318,0.382025912,0.781591474,1.033454279226160,0.51672714,0.781591474,0.251862806,57992.749566537953797,87172473.157277032732964,5,5
35448.290000000000873,143.450000000000017,NM,1.502E+11,Cebolla Creek,1.502E+11,-0.910453061,0.721990331,-0.722131732,0.26906132,0.003904185,-0.140502045,0.718188664,-0.119304281,2.107859648898060,-0.472827243,-1.420449432,0.253610651,0.251120695,-0.127848326,-0.435595629,0.326294197,0.92700185,-0.510312629,-1.54863744,-0.659345492,-1.546106401,-0.34074619,0.227361718,-0.169184908,0.595789574,0.846910269,0.423455134,0.595789574,0.251120695,72690.939004739411757,143687756.537694990634918,5,2
18419.100000000002183,74.540000000000006,NM,1.30201E+11,Upper Rio Gallina,1.30201E+11,1.210704843923710,-0.11803563,0.854626116,0.801535786,0.667394137,0.207713125,0.479007091,-0.619611268,-0.493272724,1.495729076429790,0.557104457,0.297657435,0.263802948,-2.206553324,-0.140004109,0.694945443,1.090016676931890,-0.721099923,1.251400694361700,-0.377056362,0.920418619,0.912206763,-0.366332857,0.112966534,0.690897058,0.954700006,0.477350003,0.690897058,0.263802948,51714.969997498257726,74531459.704375967383385,5,3
12555.590000000000146,50.810000000000002,NM,1.30201E+11,East Fork Rio Brazos,1.30201E+11,-0.196924843,8.695038573599440,0.903304359,-0.491882991,2.505912650423210,-0.876528362,-0.145675425,-0.619611268,-0.493272724,0.699716087,3.197120278074330,2.758171065696270,0.97225098,-2.215390104,-0.091081481,-4.331306917,-0.356490609,0.719544732,4.742887790530480,-1.033029183,1.063204023444820,0.706624113,-0.609393137,-0.803532518,0.381963962,1.354214942438520,0.677107471,0.381963962,0.97225098,34846.275808371647145,50789183.036444671452045,5,1
39101.529999999998836,158.240000000000009,NM,1.30302E+11,Allie Canyon-Mimbres River,1.30302E+11,0.488570259,-0.143328224,0.145625653,0.543471329,-0.236208053,0.637740435,-0.858880998,-0.664344693,0.132556793,-1.5242526,0.388706907,-0.139223473,0.138013188,1.578855837056340,0.345928597,0.366716044,0.331091151,-0.334786358,-0.799143835,-1.773096126,-2.149288449,0.344344765,0.144099333,0.014902851,0.657841795,0.795854982,0.397927491,0.657841795,0.138013188,89511.344914662404335,158417922.254885226488113,3,3
20584.549999999999272,83.299999999999997,"AZ,NM",1.502E+11,150200010305-Coyote Creek,1.502E+11,-1.117349612,-0.454849381,-1.136057171,-1.270091429,0.028421148,-0.696061768,0.036015018,-0.74637128,5.279971262824160,-0.511756779,-1.060208126,-0.247566612,0.106818285,1.107816406411680,0.857623074,0.428624358,0.334202096,0.547775967,0.818473684,1.514802928355300,2.162427355247020,-1.057323199,1.538321714352790,0.900548414,0.956374809,1.063193094270930,0.531596547,0.956374809,0.106818285,27569.719311025983188,29557622.549740035086870,2,5
36465.410000000003492,147.569999999999993,NM,1.30201E+11,Outlet Rio Puerco,1.30201E+11,-0.666762086,-0.277104601,0.814699558,0.099781911,-0.06386794,1.224640626170370,0.190292544,-0.619611268,-0.493272724,0.99024115,-0.036188668,0.108459703,0.209327834,-0.779252343,0.688416886,-0.570375024,-0.026662636,-0.511056861,1.573129721283190,-0.899370768,1.581730388694950,-0.073748499,0.334343016,0.093406317,0.684303708,0.893631542,0.446815771,0.684303708,0.209327834,69458.393203576400992,147524308.822077184915543,4,3
15747.270000000000437,63.730000000000004,NM,1.305E+11,Brownfield Canyon-Three Rivers,1.305E+11,-1.117349612,-0.454849381,0.653419976,0.930810304,-0.267567915,0.058749823,-0.625460989,0.735663423,-0.286335422,-2.987380537,-0.721241366,-0.386330225,0.06686451,-0.716470617,-1.280834049,1.122378148470330,-0.11569739,-1.056958015,1.148768406516250,0.218046381,0.72027003,1.397796325634810,0.251576718,0.389398486,0.784076618,0.850941128,0.425470564,0.784076618,0.06686451,41977.523497500602389,63686565.176077328622341,1,5
29541.209999999999127,119.549999999999997,NM,1.30201E+11,Poleo Creek,1.30201E+11,-0.210276566,-0.377732253,0.163302735,1.016038230486130,0.375331794,-0.074244396,0.513124732,-0.619611268,-0.493272724,1.505973493726410,-0.147662565,0.043036167,0.190490639,-1.449715308,0.001044531,-0.219399071,0.17844981,-1.317643475,1.008487413224540,-0.610771168,0.656888111,0.473358694,0.002043385,-0.096101333,0.620424554,0.810915192,0.405457596,0.620424554,0.190490639,48593.746413966502587,119524145.491466417908669,4,2
17204.959999999999127,69.629999999999995,NM,1.40801E+11,Dick Earl Canyon-Navajo Reservoir,1.40801E+11,-0.846833995,-0.454849381,-1.136057171,-0.733272928,-0.994460358,-0.470370515,0.273297363,-0.74637128,-0.602836739,0.930788939,-1.311437279,-0.429510422,0.05443177,0.390225474,0.271996271,0.618881358,-0.002933207,-1.588943761,-2.405640452,-0.045092271,0.477441424,-1.579400741,-2.924863359,-0.948279493,0.333172716,0.387604486,0.193802243,0.333172716,0.05443177,53332.914964261814021,69659844.255857244133949,1,1
24620.659999999999854,99.640000000000001,NM,1.30202E+11,San Cristobal Arroyo,1.30202E+11,-1.053853098,-0.234740816,-0.967688406,-0.627345219,-0.789402172,-0.303662738,1.482741686104390,0.013349269,0.902057622,0.116571799,-0.902506404,-0.034665707,0.16811818,-1.205028229,-1.403714225,0.22570393,0.319517952,0.255711606,-0.432764112,1.756286624298880,0.259878794,-1.022118263,0.49157947,0.034218377,0.664352664,0.832470844,0.416235422,0.664352664,0.16811818,86300.461328073884943,99570412.668388620018959,3,3
16994.659999999999854,68.780000000000001,NM,1.305E+11,Sabinata Flat Arroyo,1.305E+11,-1.117349612,-0.454849381,-1.050021327,-1.530330203,-2.396343887,0.687991798,4.957239641491100,0.735663423,-0.286335422,-1.587686438,-0.33937502,0.380330239,0.287606671,0.114118007,-0.665360315,0.274866419,0.174282573,-2.365373399,-0.557346585,-0.71808858,-0.688735591,-1.206636964,0.691620476,-0.08427388,0.624411346,0.912018017,0.456009009,0.624411346,0.287606671,82346.020950989026460,68735394.294253572821617,5,2
23214.670000000001892,93.950000000000003,NM,1.30202E+11,Tecolote Canyon-Jemez River,1.30202E+11,-0.560798622,-0.419247012,0.4044522,-0.431323231,-0.982325213,2.133587897484550,-0.968836293,1.113325668461200,-0.210928457,0.343565521,-0.376549424,-0.048051582,0.164264027,-0.436916541,-0.477805281,0.215297805,0.794497767,-1.092167116,0.841864621,-0.424577804,1.004935054242330,-1.54694539,0.501518814,0.153738091,0.704640316,0.868904343,0.434452171,0.704640316,0.164264027,65917.148863496433478,93930136.363909900188446,3,4
30687.430000000000291,124.189999999999998,NM,1.30201E+11,Santa Cruz Reservoir-Santa Cruz River,1.30201E+11,0.454426125,-0.419865132,0.726813379,-1.291447188,-0.967729848,3.052717499778130,-0.637535833,0.134923718,2.201382555721970,-0.360016939,-0.697327435,0.171104897,0.22736507,-0.16906374,0.354452115,0.189564411,-0.188053775,0.34966831,0.135246781,0.820846004,0.496112748,0.315765228,0.399443778,0.251828483,0.737704582,0.965069652,0.482534826,0.737704582,0.22736507,85003.938636663617217,124110642.448772907257080,4,4
14410.290000000000873,58.320000000000000,NM,1.30202E+11,Sawyer Creek,1.30202E+11,0.501295375,0.139660437,-0.279521732,0.993671613,0.643246607,-0.800062453,-0.011542175,-0.049312599,-0.031853023,0.832792754,-0.741918362,0.032566111,0.187476028,0.273769737,-0.190589031,0.362039457,1.489564086961550,-0.440559044,-1.290370852,-0.696941493,-1.414301266,0.248687896,0.153962872,-0.031553721,0.642182234,0.829658262,0.414829131,0.642182234,0.187476028,41337.939377774579043,58395625.049223870038986,4,2
30585.549999999999272,123.780000000000001,NM,1.108E+11,Headwaters Van Bremmer Creek,1.108E+11,-1.117349612,-0.454849381,-1.136057171,-0.388993644,0.369968978,0.22562789,-0.772300652,-0.482886884,-0.560610275,1.415162129948400,-0.673380135,-0.361389303,0.074045672,-0.356033924,0.901125008,-0.150888907,0.104181649,0.130048885,0.475071904,1.424073904585080,0.450764049,-0.124113009,0.262751252,0.197324101,0.719332269,0.793377941,0.39668897,0.719332269,0.074045672,75055.795269717200426,123676479.057103067636490,1,4
23022.369999999998981,93.170000000000002,NM,1.30201E+11,Osha Canyon-Rio Pueblo,1.30201E+11,2.326366262948710,-0.416083458,0.04428372,2.296999632357490,1.813214636791380,-2.056103532,-0.942474985,0.134923718,2.201382555721970,0.812135481,1.635238304499160,0.024541742,0.185165597,-0.081696673,0.183868544,-2.462737499,-2.240436385,0.556438483,-0.388917336,-0.868036725,-0.223123252,1.179027470392870,-0.762647506,-0.921483544,0.342205083,0.527370679,0.26368534,0.342205083,0.185165597,44171.987363466665556,93099432.296980589628220,4,1
34254.840000000003783,138.620000000000005,NM,1.30202E+11,White Rock Canyon,1.30202E+11,-0.280333679,-0.454849381,-0.638702065,-1.430342128,-1.925549388,-0.295495733,2.503684607581940,-0.289431985,-0.436444122,-0.064458171,-0.744082239,-0.061884297,0.160281216,-0.837305184,-0.229367884,0.23403752,0.416461898,-4.666040531,-0.620728631,-0.700564802,-0.68864366,-1.570826249,0.767915557,-0.26202927,0.564493638,0.724774854,0.362387427,0.564493638,0.160281216,84942.583201667555841,138587283.622691750526428,3,1
30848.639999999999418,124.840000000000003,NM,1.306E+11,Upper Rio Ruidoso,1.306E+11,2.282479749424060,-0.376858447,0.771449303,1.023277503399540,0.489489169,-0.053787154,-1.175625661,2.952455048191210,-0.602836739,-0.452714506,0.453982934,0.034312483,0.187978856,-0.250495586,-0.787553621,0.390131297,0.040329492,-0.668806369,0.768362633,-0.879637378,0.241736069,1.163141173904940,-0.097756253,0.088081838,0.682508935,0.870487791,0.435243896,0.682508935,0.187978856,61577.210156087538053,124753964.718721076846123,4,3
17543.350000000002183,71.000000000000000,NM,1.108E+11,Lower Crow Creek,1.108E+11,-1.116400297,-0.300563843,-1.134444895,-1.530951208,-1.077799129,-1.482979771,2.800917034824170,-0.482886884,-0.560610275,1.080589074543080,-1.426799804,-0.138775187,0.138142261,-0.365449339,0.95734753,0.203568418,0.597407468,-0.754438059,-0.823975524,0.475062551,-0.39343098,-0.342044172,0.63196373,0.115936188,0.691898067,0.830040329,0.415020164,0.691898067,0.138142261,49992.669722236183588,70941253.269537031650543,3,3
27249.970000000001164,110.280000000000001,NM,1.30202E+11,Mariano Draw,1.30202E+11,-1.117349612,-0.454849381,-1.136057171,-1.605864735,-1.742975682,0.276144825,1.933024542801560,-0.081206515,-0.520238879,0.978065066,-0.174800198,-0.060333323,0.160727783,0.32767475,0.055391497,0.223726679,0.468570209,-2.933224207,0.751379416,-0.888285565,0.77269331,-2.346269108,0.773980544,0.122322013,0.694050598,0.854778381,0.427389191,0.694050598,0.160727783,50708.877028771654295,110281106.220855787396431,3,3
25426.440000000002328,102.900000000000006,NM,1.30201E+11,Canada del Rancho-Rio Vallecitos,1.30201E+11,0.277338,-0.44907143,-0.11943378,0.986184373,0.147031744,-0.457450122,0.727389604,-0.619611268,-0.493272724,0.473649709,-0.346126079,-0.058191907,0.161344354,-0.624008543,0.545001987,-0.029930933,-0.01014612,0.525288043,0.204629859,0.412032892,-0.272310043,0.350750526,0.285957019,0.110251905,0.689982012,0.851326366,0.425663183,0.689982012,0.161344354,61826.100625898739963,102840271.988405451178551,3,3
36683.180000000000291,148.450000000000017,"CO,NM",1.40801E+11,Ditch Canyon-Animas River,1.40801E+11,-0.228510612,-0.420836396,0.553726688,-0.294497809,-0.913469565,1.043068862045690,-0.593837869,-0.74637128,-0.602836739,0.478910833,-1.600179795,-0.260774453,0.103015392,0.396776565,-0.118088828,0.736654564,0.072964466,-2.415683487,-2.887308696,-0.016233903,-0.082481987,-1.160967927,-2.576964427,-0.947791236,0.333337298,0.43635269,0.218176345,0.333337298,0.103015392,38672.457545386088896,73098762.753814131021500,2,1
14162.409999999999854,57.310000000000002,NM,1.30202E+11,Outlet Canon Largo,1.30202E+11,-1.117349612,-0.454849381,-1.000186818,-1.38313317,-0.738134116,-0.68498443,1.348600379608770,-0.049312599,-0.031853023,0.876834636,-1.041447853,-0.230952332,0.111601983,0.355242423,0.503968412,0.218566566,0.779484906,0.316792291,0.014622435,-0.100310592,0.426426841,-1.459868007,0.593578065,0.265323728,0.742253553,0.853855536,0.426927768,0.742253553,0.111601983,47162.115397446381394,57352566.034920550882816,2,4
34878.389999999999418,141.150000000000006,NM,1.30201E+11,Canada Alamosa-Rio Vallecitos,1.30201E+11,0.95596268,0.534267625,0.454764161,1.791614900815190,1.238538523275830,-0.074523684,-0.630201331,-0.619611268,-0.493272724,0.784345857,1.048312873895930,0.310815138,0.267591404,-1.397777651,-0.19209794,-0.483664836,-0.849207122,0.952061872,0.122754486,0.004015695,-0.544149433,1.642132334505130,0.045072981,-0.170770789,0.595255006,0.862846411,0.431423205,0.595255006,0.267591404,67164.997311148021254,141075183.111486941576004,5,2
36056.330000000001746,145.909999999999997,NM,1.30201E+11,Headwaters El Rito,1.30201E+11,0.870522731,0.587431248,1.688192692419120,1.043761107901900,1.253245587100510,-0.45615975,-0.150613397,-0.619611268,-0.493272724,0.675043977,1.227466743394830,0.380560579,0.287672992,-1.806306757,-0.292441915,-0.131207622,-1.380214746,0.715082801,0.787116052,-0.140416379,0.172205632,1.247169979158730,0.075668586,-0.080219823,0.625777886,0.913450878,0.456725439,0.625777886,0.287672992,79730.368082052620593,145844947.642948389053345,5,2
34148.150000000001455,138.189999999999998,NM,1.30202E+11,Baca Canyon-Rio Salado,1.30202E+11,-0.928652346,-0.327156034,-1.07008998,-1.528867689,-1.252722115,1.354457769242040,0.229358898,-0.345091612,-0.602836739,-0.364676638,-0.41981523,-0.21603106,0.115898218,0.446193504,-0.151504062,0.228669377,0.351309359,0.069120508,0.05793484,-0.564097186,-0.000797818,-1.854448399,0.665356886,0.163889327,0.70806209,0.823960309,0.411980154,0.70806209,0.115898218,70257.479868131835246,138221767.584331691265106,2,4
30188.810000000001310,122.170000000000002,NM,1.30202E+11,Rio Chiquito,1.30202E+11,-0.026127898,-0.397963731,1.059439825860380,0.05858222,-0.229808373,1.030658718836730,-0.547079677,0.013349269,0.902057622,0.636222538,0.772666001,0.082568958,0.201873192,-0.884614187,-0.315277413,0.186917259,0.32176467,-2.460323566,-0.228606109,-1.003374899,-0.102947305,-0.334246253,0.253894021,-0.186812266,0.589847752,0.791720944,0.395860472,0.589847752,0.201873192,66765.661716739516123,122121894.108638003468513,4,1
13860.889999999999418,56.090000000000003,NM,1.30202E+11,Reynold Draw-Bluewater Creek,1.30202E+11,-0.439808781,-0.28350635,-0.151153445,0.073084311,-0.083283484,0.989175996,-0.048210256,-0.049312599,-0.031853023,0.840982762,-1.707349966,-0.042212324,0.165945306,0.238401784,0.387419712,0.234576855,2.036928906481760,0.518527647,-1.735708189,-0.842651579,-1.305513867,-0.886415821,0.522531706,0.028733334,0.662503768,0.828449074,0.414224537,0.662503768,0.165945306,38127.657528370917134,56155664.189247630536556,3,3
22159.600000000002183,89.680000000000007,NM,1.30301E+11,North Percha Creek,1.30301E+11,0.012888054,-0.454849381,0.828312904,-0.578472513,-0.600528715,0.29199499,-1.918177439,-0.200629213,-0.545037789,-0.087872302,0.650745886,-0.443950142,0.050274186,0.874783131,0.195615109,0.256914603,0.37909083,-0.880829436,-0.60307548,-0.219810812,-1.988994369,-1.226833952,0.377404428,-0.017473747,0.646928305,0.697202492,0.348601246,0.646928305,0.050274186,63733.116506439284422,89745036.257450118660927,1,2
19067.500000000000000,77.159999999999997,"CO,NM",1.30201E+11,130201010204-Rio Grande,1.30201E+11,-0.697961829,-0.45001802,-0.796563113,-1.538121265,0.169432718,-0.841692012,1.210057740662260,0.134923718,2.201382555721970,0.846192245,-0.448078968,-0.050434371,0.163577958,0.447550226,1.181241175603770,0.183276852,-0.105713973,-0.638062661,1.403535575819370,0.851618359,2.547614159177420,-0.476867548,0.263258208,0.473692932,0.812490552,0.97606851,0.488034255,0.812490552,0.163577958,49740.182639920116344,75819808.141029715538025,3,5
24612.510000000002037,99.600000000000009,NM,1.504E+11,South Water Canyon,1.504E+11,-1.117349612,-0.271077977,-1.136057171,-0.289169058,0.070333514,0.910986434,0.272431889,-0.745659554,-0.602836739,-0.727411032,-0.071631635,-0.148544429,0.135329434,1.150726329048890,0.315015724,0.213618397,0.396631663,0.882959058,-0.430487913,-0.382514066,-0.884556694,0.080847344,0.223640468,0.184772356,0.715101332,0.850430766,0.425215383,0.715101332,0.135329434,48366.486375455795496,99701571.590814113616943,3,4
20933.770000000000437,84.719999999999999,"AZ,NM",1.504E+11,Trout Creek,1.504E+11,-0.013369829,3.040676532958620,1.353306697074910,0.227014126,0.757230757,-0.000609859,0.17507776,-0.74637128,-0.579192356,-0.768105058,-0.035875036,0.954506187,0.452927365,1.367636401435680,0.56241072,0.881116214,-0.024625968,1.006546583759890,0.179862799,0.377026268,0.512552058,0.496437918,0.253564606,0.561079986,0.841946942,1.294874306688960,0.647437153,0.841946942,0.452927365,49985.751475076431234,53314268.940560556948185,5,5
28992.279999999998836,117.329999999999998,NM,1.30202E+11,Zuni Canyon,1.30202E+11,-1.117349612,-0.454849381,-1.136057171,0.515108643,0.167149603,1.199556887948870,-0.139642549,-0.049312599,-0.031853023,0.478239103,-1.069917373,-0.114858356,0.14502856,0.212599783,0.188084857,0.238340526,0.912456989,0.632718809,-1.192875774,-0.912470016,-1.240062163,-0.568727048,0.526932802,0.033982457,0.66427314,0.8093017,0.40465085,0.66427314,0.14502856,70860.772458489547716,117452914.545171514153481,3,3
25864.670000000001892,104.670000000000002,NM,1.306E+11,Upper Rio Bonita,1.306E+11,1.643656531910730,-0.101015692,0.081353681,0.313064494,0.867870792,-0.047646253,-1.566512177,2.952455048191210,-0.602836739,0.257414288,0.04101323,-0.012919861,0.174379394,0.084967166,-0.255250345,0.532074439,-0.2410709,-1.038738175,0.737826261,-0.861209289,0.033382696,0.961923867,-0.223313439,0.088320033,0.682589226,0.85696862,0.42848431,0.682589226,0.174379394,47638.305277553961787,104600405.429532364010811,3,3
38106.040000000000873,154.210000000000008,NM,1.108E+11,Headwaters Gallinas Creek,1.108E+11,-1.117349612,-0.454849381,-1.136057171,-1.104954542,-0.16837887,-1.582932183,0.162378132,-0.201123834,-0.453300913,0.884671526,-0.912716386,-0.526824562,0.026412413,-0.344980904,-2.244363892,0.228626984,0.145680851,0.588341808,0.57031758,0.181588918,1.010229160722390,-0.231172901,0.427468392,0.169556633,0.709972423,0.736384836,0.368192418,0.709972423,0.026412413,66535.069654779668781,154086447.964279711246490,1,4
32341.970000000001164,130.879999999999995,NM,1.30202E+11,Vallecita Creek,1.30202E+11,0.200958914,-0.315759627,1.293739806400690,0.928436905,-0.128598923,0.442547373,0.032578374,1.113325668461200,-0.210928457,-1.111752591,0.325956408,0.088117052,0.203470638,-0.828192663,-0.666897341,0.205749799,0.048795066,-1.761084641,0.435484331,0.617503321,0.568991883,-0.172367021,0.243017413,0.018187468,0.658948972,0.86241961,0.431209805,0.658948972,0.203470638,78287.584242988348706,130848469.995090663433075,4,3
25628.180000000000291,103.710000000000008,NM,1.504E+11,Sheep Corral Canyon-Sapillo Creek,1.504E+11,2.330991907377640,-0.454849381,0.000471574,0.90918417,-0.668627224,-0.062696821,-0.450815835,-0.745659554,-0.602836739,-0.107642051,0.075775804,-0.162725457,0.131246335,1.724733350560220,0.1767821,0.366311378,0.342016613,-0.011215018,-0.866212882,-0.387676903,-2.049477778,0.328094036,0.351746108,0.15435239,0.704847384,0.836093719,0.418046859,0.704847384,0.131246335,52380.999953323705995,103867945.896899387240410,2,4
32312.610000000000582,130.759999999999991,NM,1.30202E+11,Headwaters San Pedro Creek,1.30202E+11,2.422628448423830,-0.450155356,-1.098358771,0.875570285,-0.431682259,0.788355811,0.556431535,0.013349269,0.902057622,0.586991564,-0.436315671,0.198840836,0.235350992,-0.403745339,0.00700693,0.28274301,0.485791003,-0.784191765,-0.022912776,-1.65096029,0.448054807,-0.375346651,0.326745919,0.022621036,0.660443437,0.895794429,0.447897215,0.660443437,0.235350992,67019.741665648776689,130706377.722743928432465,5,3
23171.680000000000291,93.769999999999996,NM,1.504E+11,Headwaters West Fork Gila River,1.504E+11,1.300004992194120,-0.199001887,-0.061991918,0.307977128,0.774116595,-0.803998834,-0.738366037,-0.745659554,-0.602836739,-0.643504001,-0.634918289,-0.297562085,0.092423244,1.712222409148450,0.466356294,0.974836944,-1.087133936,0.992458097,-0.389216836,0.23746747,-1.229427985,1.466874233242700,-0.061325459,0.356673438,0.773045673,0.865468917,0.432734459,0.773045673,0.092423244,46262.316537873331981,93947603.194923177361488,2,5
27341.190000000002328,110.650000000000006,NM,1.306E+11,Upper Agua Chiquita Creek,1.306E+11,1.108090887424450,-0.0098424,-0.612423768,0.769208278,0.986540741,-0.839331188,-0.957639737,4.226727887391610,-0.602836739,-1.019262684,0.025066332,-0.021131039,0.172015175,-0.276687156,-0.02971178,0.667273443,-0.070828888,1.220461383915880,0.07426231,-1.826163202,-0.917762476,1.396730976555040,-0.073258877,0.112453741,0.690724206,0.86273938,0.43136969,0.690724206,0.172015175,47425.561437315191142,110568142.419732958078384,3,3
25155.180000000000291,101.799999999999997,NM,1.30201E+11,Cabresto Creek,1.30201E+11,1.093130346083900,0.188086872,1.670503316077660,1.480263991082490,2.226251703641690,-1.300385422,-1.292472428,0.134923718,2.201382555721970,-0.28274913,1.819476897932530,0.202319628,0.23635263,0.089533226,0.386468855,-1.710741563,-1.988396139,0.812476819,0.279769638,-1.271409567,0.502335622,1.060899498666500,-1.008152489,-0.666111248,0.428285863,0.664638493,0.332319247,0.428285863,0.23635263,67332.652808182552690,101722429.751346126198769,5,1
15684.960000000000946,63.469999999999999,NM,1.30301E+11,Holden Prong,1.30301E+11,2.800751313492700,-0.454849381,-0.569897296,0.165796827,0.784705369,0.262004799,-2.536642263,-0.200629213,-0.545037789,0.178669152,1.557789032165990,-0.308353391,0.089316137,1.660808430150110,0.622329054,0.418482941,0.30229141,-0.586776417,-0.7613706,-1.55522079,-2.737425014,1.234215018220290,-0.38787161,-0.069951572,0.629239103,0.71855524,0.35927762,0.629239103,0.089316137,39628.998154893684841,63532226.752008043229580,1,2
26989.049999999999272,109.219999999999999,NM,1.504E+11,Hoyt Creek,1.504E+11,0.583672846,0.554991737,0.034075814,0.902739694,0.106377029,1.226851095144030,-0.891309666,-0.745659554,-0.602836739,-1.10801914,1.085567646709820,0.192330212,0.233476409,1.268838808849240,0.25262847,0.258277509,0.33896236,0.694017571,-0.75962562,-1.170726298,-1.717130645,0.63298563,0.098947759,0.068134957,0.67578525,0.909261658,0.454630829,0.67578525,0.233476409,75627.269048514994211,109334080.472601085901260,4,3
29014.250000000000000,117.420000000000002,NM,1.30202E+11,Miguel Chavez Canyon-Rio Salado,1.30202E+11,-1.013924151,-0.454849381,-1.124417804,-1.305708126,-0.405206933,0.872955073,0.374503041,-0.345091612,-0.602836739,-0.406768422,-0.642708159,-0.255492382,0.104536243,0.684025679,0.204170574,0.228755323,0.626420486,0.492019138,0.084457915,0.235561063,-0.358062131,-1.105551583,0.452781758,0.24906259,0.736772256,0.841308499,0.420654249,0.736772256,0.104536243,62690.381408680375898,117498735.284010440111160,2,4
35244.309999999997672,142.629999999999995,NM,1.30302E+11,Sheppard Canyon-Mimbres River,1.30302E+11,1.378147164242290,-0.389131706,1.130053039022380,0.710368298,-0.130564813,0.16173852,-1.167128275,-0.664344693,0.132556793,-1.743355532,0.091758466,-0.243671443,0.107939809,1.446655034871990,0.259496887,0.341547227,0.330602614,-0.689665637,-0.730996588,-1.603598789,-2.260244323,0.214945461,0.170392507,-0.014141327,0.648051596,0.755991405,0.377995702,0.648051596,0.107939809,96172.561805543315131,142786706.180386960506439,2,2
32470.049999999999272,131.400000000000006,NM,1.30201E+11,Canada Biscara-Rio Tusas,1.30201E+11,0.277420557,2.809904917328190,1.178524906393920,0.585157422,1.646589124781710,-0.542071881,0.05106675,-0.619611268,-0.493272724,0.951912441,1.375661827452660,1.034210581943990,0.475876403,-1.340014676,-0.247130187,-1.266817115,0.009259393,0.916852772,0.971666273,-0.056396541,0.688605432,1.086894727898980,-0.195461817,-0.240743336,0.571668691,1.047545094206670,0.523772547,0.571668691,0.475876403,58351.946550261622178,131332556.384627029299736,5,1
19632.560000000001310,79.450000000000003,NM,1.30202E+11,Outlet Rio Cebolla,1.30202E+11,1.972065584663910,0.432818833,1.140051353647230,1.687102722686940,0.604729143,0.806217847,-0.277001528,1.113325668461200,-0.210928457,-0.098840655,0.822889567,0.543523878,0.334594508,-0.778502549,-0.181330256,0.456026086,-0.64205461,-0.104067489,-0.01291421,-0.660356684,-0.120477611,0.738214985,0.065792434,0.000683285,0.65304867,0.987643177,0.493821589,0.65304867,0.334594508,48029.758350804731890,79434033.096571564674377,5,3
35731.489999999997963,144.599999999999994,NM,1.504E+11,Negro Canyon-Tularosa River,1.504E+11,-0.296988508,-0.370024677,-0.892752872,-0.145915503,-0.087053804,-0.70250042,0.186250008,-0.74637128,-0.579192356,-0.657813268,-0.748678682,-0.379812165,0.068741235,0.885270325,0.440845526,-0.019949023,0.43499328,-0.26646066,-0.128733948,1.228704017812140,0.32625656,-0.088282682,0.312792474,0.245673033,0.735629705,0.80437094,0.40218547,0.735629705,0.068741235,81791.995638824228081,144856113.151351153850555,1,4
11317.610000000000582,45.800000000000004,NM,1.30201E+11,Arroyo de la Plaza Larga,1.30201E+11,0.156963959,-0.454644175,-1.111872878,0.308132862,-0.348419936,0.2565687,0.329442395,0.134923718,2.201382555721970,0.676949608,-0.379260976,0.031529923,0.187177682,-0.67061363,0.507618452,0.119986353,0.501008938,-1.599742049,1.147978672743490,-0.511568301,1.689196964872870,-0.290259908,0.369141818,0.210474632,0.723765044,0.910942726,0.455471363,0.723765044,0.187177682,57280.919571368423931,45777661.577450469136238,4,4
22024.369999999998981,89.129999999999995,NM,1.504E+11,Houghton Canyon,1.504E+11,-1.054798599,-0.244203177,-1.061878617,0.199567544,0.269639915,-0.865966309,-0.081928867,-0.745659554,-0.602836739,-0.411458906,-0.092869638,-0.37306923,0.070682707,1.487033925991530,0.409638214,0.468387957,0.322439669,0.983542889,0.38652399,1.395510404015210,0.432383387,0.213979294,0.166005714,0.518869284,0.827718577,0.898401284,0.449200642,0.827718577,0.070682707,55093.346385673125042,89256421.585947424173355,1,5
25962.119999999998981,105.070000000000007,NM,1.30202E+11,Crawford Hollow-Rio Grande,1.30202E+11,0.17935669,-0.227973013,3.064054247167940,-1.71825969,-2.033003756,0.715733552,3.025081642967210,-0.532006347,0.00467343,0.180037186,0.361767033,0.48896997,0.318886971,0.053537964,-0.534336908,0.219626798,0.121706103,-0.413340919,-0.756640079,-0.424460312,-0.573769932,-2.437413414,0.715863089,-0.059055842,0.632911831,0.951798802,0.475899401,0.632911831,0.318886971,60875.322258434513060,105088677.523844525218010,5,2
28467.080000000001746,115.200000000000003,NM,1.108E+11,Rail Canyon-Vermejo River,1.108E+11,-1.036161953,-0.072647238,-0.901921084,0.396444757,-0.43954494,0.724011309,-1.565514652,-0.482886884,-0.560610275,0.769148401,-0.893025811,-0.34552254,0.078614139,-0.307284122,1.174553046997600,0.093728147,-0.133392834,-0.073647436,-0.556435475,0.660404665,-0.681145929,0.592282727,0.482457856,0.130313009,0.6967442,0.775358339,0.38767917,0.6967442,0.078614139,50036.939219352025248,115111018.858795240521431,1,3
34822.279999999998836,140.920000000000016,NM,1.30201E+11,Latir Creek-Costilla Creek,1.30201E+11,0.573154131,-0.205372806,0.534272651,1.381096282555430,2.341321468096110,-1.142709749,-0.895033121,0.134923718,2.201382555721970,0.737892132,1.830206075162700,0.140480834,0.218547578,0.26235449,0.524987764,-2.099377218,-1.636085475,0.997063682,0.511218381,-0.749842564,0.851103137,0.771224266,-1.066949034,-0.666341728,0.428208173,0.646755752,0.323377876,0.428208173,0.218547578,60002.680701235265587,140812170.010097175836563,4,1
16804.630000000001019,68.010000000000005,NM,1.30201E+11,Middle Fork Rio Santa Barbara,1.30201E+11,2.164417994344360,0.527407406,0.234492725,1.192359616788540,3.232014602227330,-2.8583223,-0.805674883,0.134923718,2.201382555721970,0.56120989,3.327069793534330,0.322053945,0.270827359,0.161140134,0.53398274,-0.990552646,-2.797976487,1.117065047807470,0.25115637,-0.908114465,1.210621095177430,1.243867539345310,-2.412211874,-0.80805088,0.380440915,0.651268274,0.325634137,0.380440915,0.270827359,34944.549662441480905,67956201.348358362913132,5,1
15776.600000000000364,63.850000000000001,NM,1.108E+11,Agua Fria Creek,1.108E+11,0.039854062,4.033982120955540,0.21115848,0.687185817,1.936823383883840,-1.885845865,0.952221538,-0.42405683,-0.602836739,1.602289341347390,1.347969912826300,1.371588684303720,0.57301663,0.027870911,0.151159236,-0.055538546,-2.590490048,1.157109926089030,0.091820882,-0.530352657,0.727158046,1.852066066431250,-0.346977052,-0.073697671,0.62797637,1.200993000115070,0.6004965,0.62797637,0.57301663,36103.064406551209686,63794864.842604734003544,5,2
37291.620000000002619,150.909999999999997,NM,1.108E+11,Upper Coyote Creek,1.108E+11,-0.279371053,2.619178802939280,-0.450544746,0.631389072,1.536722988915360,-1.684453018,0.519559746,0.857542582,0.023350144,1.038309723614780,1.375562498741580,0.8966985,0.436282977,-0.248298436,-0.23353777,-1.404576692,-1.870483758,1.080440175554540,-0.08460186,-0.342031547,0.269951926,1.533736851304040,-0.158449262,-0.401584644,0.517452374,0.953735351,0.476867676,0.517452374,0.436282977,55652.642469906088081,150795136.402672260999680,5,1
32613.200000000000728,131.979999999999990,NM,1.30202E+11,Big Pigeon Canyon-Alamosa Creek,1.30202E+11,1.127576440454760,-0.444935497,-0.760585352,0.407730151,0.332760225,0.539065798,-0.310165079,-0.532006347,0.00467343,-1.593949926,0.437729148,-0.141693023,0.137302138,0.849629898,0.344230619,0.111138313,0.215029483,0.829637426,-0.53344965,-1.027104542,-1.534370411,0.34708887,0.138769978,0.037467963,0.665448033,0.802750171,0.401375085,0.665448033,0.137302138,93073.846015034680022,132062098.149938195943832,3,3
17633.709999999999127,71.359999999999999,NM,1.30201E+11,Upper Rio Ojo Caliente,1.30201E+11,-0.279420759,-0.447128661,0.439030091,-0.287011981,-0.434201065,1.408480558947010,-0.398589956,-0.619611268,-0.493272724,0.683239,-0.965940489,-0.116743079,0.144485898,-0.367806931,1.440891559155530,0.193740633,0.203371705,0.118992712,0.465147425,-0.416852879,0.440151501,-0.835382683,0.400410884,0.216209243,0.725698064,0.870183962,0.435091981,0.725698064,0.144485898,45572.963940659552463,71320942.754348739981651,3,4
15426.550000000001091,62.430000000000000,NM,1.108E+11,Rock Creek,1.108E+11,-0.84084763,0.444391867,-0.746100932,0.377070968,1.010073444600450,-1.34341446,0.115104406,-0.482886884,-0.560610275,1.624864034919160,0.383451726,0.0208719,0.18410895,-0.206702008,1.000381836297000,-0.418327358,-1.52590159,0.940017428,0.037767467,1.242625711232510,0.042230992,0.397275007,0.031628947,-0.015074965,0.647736886,0.831845836,0.415922918,0.647736886,0.18410895,39488.309627518363413,62379283.687495946884155,4,2
20884.150000000001455,84.519999999999996,NM,1.504E+11,Headwaters Diamond Creek,1.504E+11,3.152241663598100,-0.451972975,-0.486568257,1.399972985295470,0.549856609,0.147032999,-1.232569128,-0.745659554,-0.602836739,-0.61830811,-0.504922133,-0.209889506,0.117666537,1.449531788688320,0.403923828,0.386826745,0.356704877,0.48494028,-0.695829003,-1.459391087,-1.918458106,0.938898766,-0.077285359,0.066381089,0.675194056,0.792860593,0.396430297,0.675194056,0.117666537,50298.974919005893753,84600284.897501155734062,2,3
28272.080000000001746,114.409999999999997,NM,1.108E+11,Clear Creek-Cimarron River,1.108E+11,1.664025852923310,-0.256535884,0.579991934,1.854515463595810,1.469413875252140,-1.147603194,-0.884855902,-0.42405683,-0.602836739,1.424810601769530,1.215339180766280,-0.005815401,0.176424959,-0.24543383,-0.304792771,0.006140218,-2.743110265,1.065171302485430,0.124699658,0.136387759,0.336149888,1.421466784590090,-0.086689924,-0.057981581,0.633273943,0.809698901,0.404849451,0.633273943,0.176424959,48278.484486337169074,114322258.763299152255058,3,2
24221.150000000001455,98.019999999999996,NM,1.306E+11,Ojitos Frios Creek-Tecolote Creek,1.306E+11,-0.521535631,-0.382179512,-0.224757334,0.780867772,-0.511151639,-0.052019282,0.512844328,0.87030415,-0.602836739,0.804591996,-0.721144931,-0.045638313,0.164958872,-0.722659627,-1.680525142,0.217398598,0.336156962,0.773818289,-1.747866306,2.635732717145920,-1.79958,-0.21774223,0.502692302,-0.075336778,0.62742386,0.792382732,0.396191366,0.62742386,0.164958872,58616.615368920138280,97943763.539246439933777,3,2
25274.459999999999127,102.280000000000001,NM,1.504E+11,Starkweather Canyon,1.504E+11,-0.180743361,-0.407880377,-0.73870441,-0.290570993,-0.563193915,0.223803524,-0.109257644,-0.74637128,-0.579192356,-0.685107803,0.003307796,-0.303113964,0.090824709,0.8210792,0.848641643,0.381514224,0.340461986,0.545699041,-0.13790022,0.514812071,-0.444615905,0.386706078,0.473746032,0.380168998,0.780965546,0.871790255,0.435895127,0.780965546,0.090824709,57700.619961599411909,102521548.043729707598686,2,5
28446.069999999999709,115.120000000000005,"CO,NM",1.30201E+11,Casias Creek-Costillo Creek,1.30201E+11,-0.356160193,4.182267049298480,0.695230365,0.361103859,2.728830475625070,-1.331670967,-0.765808869,0.134923718,2.201382555721970,1.273373301273970,2.299817173140660,1.435657659548210,0.591463811,0.425389407,1.031555893402490,-2.439769018,-1.6607831,1.178761887333020,0.196029485,-1.137712494,0.656244598,0.279187885,-1.079847681,-0.792415012,0.385711446,0.977175257,0.488587629,0.385711446,0.591463811,48839.920325563936785,98363597.444463565945625,5,1
26779.139999999999418,108.370000000000005,NM,1.30201E+11,Rio del Oso,1.30201E+11,0.130672326,-0.399719873,0.385716949,0.466136591,0.321391343,0.003406439,1.823532629576300,-0.619611268,-0.493272724,1.919842964434450,0.722900062,0.324652653,0.271575597,-0.542820049,0.510884376,-0.138061917,0.06328831,-2.281003442,1.195618062125370,0.159313148,1.367169013479580,0.422101008,-0.008654232,0.063520861,0.674229932,0.945805529,0.472902764,0.674229932,0.271575597,72147.591467124773772,108320474.135093674063683,5,3
16290.850000000000364,65.930000000000007,NM,1.30302E+11,Noonday Canyon,1.30302E+11,-0.210527874,-0.445394221,0.808396109,-0.1182604,-0.373292157,0.479182903,-1.537846112,-0.664344693,0.132556793,-2.155499467,-0.255751042,-0.468700537,0.043147882,1.143653669538120,0.14619468,0.267351363,0.284531527,-0.502974154,-0.669740991,-0.978386195,-2.20174688,-0.196364981,0.285347636,-0.008161985,0.65006711,0.693214992,0.346607496,0.65006711,0.043147882,54212.161079024044739,65992171.411373652517796,1,2
15097.159999999999854,61.100000000000001,NM,1.30201E+11,Daggett Canyon-Canones Creek,1.30201E+11,0.761948765,1.035690805632390,1.283754249975710,0.955974152,1.898332832931490,-0.338273164,-0.277829925,-0.619611268,-0.493272724,-0.43197826,1.931766977990520,0.4946695,0.320528019,-1.980315026,-0.497568034,-4.333854757,-1.90552854,0.00115135,3.501114189399950,-0.714722996,0.520394527,0.790068219,-0.299899517,-0.999475434,0.315915611,0.63644363,0.318221815,0.315915611,0.320528019,47403.961590213424643,61073131.158971801400185,5,1
28523.240000000001601,115.430000000000007,NM,1.30202E+11,Canada de Buey-Rio Grande,1.30202E+11,0.407978376,-0.454849381,-0.382168928,-0.299364848,-0.709068354,0.71824657,0.391874229,0.013349269,0.902057622,0.76726243,-0.515937941,0.027280437,0.18595414,-0.722562225,0.225956478,0.092628943,0.293204319,-1.186881898,0.276555532,-0.868834914,1.092174250145830,-0.828184626,0.434984223,0.038055294,0.66564601,0.85160015,0.425800075,0.66564601,0.18595414,80906.678412318011397,115372488.627244248986244,4,3
22739.110000000000582,92.019999999999996,NM,1.30202E+11,Headwaters Rio Cebolla,1.30202E+11,1.323016971866320,1.465784402131280,2.192812195322770,2.141523512055930,1.170721048134680,0.647081242,-0.515241778,1.113325668461200,-0.210928457,-0.113217636,1.579291931871090,0.904537353,0.438539994,-1.409215406,-0.359373924,0.664754533,-1.529214202,-0.037863719,-0.077180569,-0.795770659,-0.386211744,1.341257256014770,-0.140251696,-0.112461052,0.614910027,1.053450020813890,0.52672501,0.614910027,0.438539994,57007.691414746303053,91999031.095705419778824,5,2
11449.180000000000291,46.329999999999998,NM,1.30202E+11,Virgin Canyon,1.30202E+11,2.243010872067950,-0.427181804,1.326648869733690,1.337454932557220,0.176467813,0.212102152,0.203479063,1.113325668461200,-0.210928457,-0.497316567,-0.197255253,0.198446623,0.235237488,-0.704430549,-0.317234426,0.384246829,0.899097462,-1.645495014,0.839424486,0.803408639,0.885754118,-0.103497919,0.065402571,0.174327366,0.71158054,0.946818027,0.473409014,0.71158054,0.235237488,49770.060738380874682,46323562.749602988362312,5,4
36590.120000000002619,148.080000000000013,"CO,NM",1.108E+11,Upper Chicorica Creek,1.108E+11,-0.435862971,-0.097507413,0.120821821,-0.297002599,0.271919822,-1.271153666,-0.217852189,-0.482886884,-0.560610275,0.616698773,0.027690191,-0.266114558,0.101477833,1.151780785156200,7.365638995259670,0.053526395,-0.235525874,-2.019715674,-0.056956449,0.175396698,0.309709098,0.666649589,0.223709215,0.475360682,0.813052717,0.914530549,0.457265275,0.813052717,0.101477833,45810.793170780219953,99587215.563704013824463,2,5
16538.580000000001746,66.930000000000007,NM,1.301E+11,Beaver Creek,1.301E+11,-0.015860046,3.588347792528110,1.644952849956450,-0.003056344,2.128759357190070,-0.922175575,-0.460149298,-0.74637128,1.774943003382460,1.590287906091910,2.536695053930330,1.336770146334150,0.562991437,-1.650725369,-0.186754686,-3.502145041,-0.375135933,0.810166238,2.428138694700820,-0.866139415,0.853516309,0.622750019,-4.626566261,-1.835887991,0.033978036,0.596969473,0.298484737,0.033978036,0.562991437,39338.961629420096870,66898038.046749971807003,5,1
20588.439999999998690,83.320000000000007,NM,1.504E+11,Outlet Centerfire Creek,1.504E+11,-0.845844058,0.216894623,-0.843055766,-0.672823951,-0.128728954,0.735007784,-0.006683537,-0.74637128,-0.579192356,-0.503584073,-0.593023387,-0.086718232,0.153130858,0.825912408,0.478402436,0.481821354,0.298373009,0.936533383,0.018653072,1.094593826969740,0.366738359,0.543500608,0.462456209,0.495114148,0.819711206,0.972842065,0.486421032,0.819711206,0.153130858,49552.254844044371566,83521343.975978687405586,3,5
34055.900000000001455,137.819999999999993,NM,1.40801E+11,Sullivan Canyon-San Juan River,1.40801E+11,-0.367826011,0.139688638,0.999335607,-1.591440624,-1.517034585,0.891474044,0.900905181,-0.74637128,-0.602836739,0.729298196,-1.582719896,0.064942917,0.196798181,0.457179225,-0.797811361,0.268624543,0.530905282,-2.404539045,-3.661734874,-0.25808751,-0.185315545,-1.970966426,-2.31161386,-1.137815796,0.269283903,0.466082084,0.233041042,0.269283903,0.196798181,63293.825883840610913,137946360.034526646137238,4,1
38262.270000000004075,154.840000000000003,NM,1.30201E+11,Upper Embudo Creek,1.30201E+11,0.882664778,-0.257937401,1.065482607229050,1.739252902204040,0.832866215,0.648338359,-0.235496197,0.134923718,2.201382555721970,0.461990199,0.421075613,0.359209306,0.281525387,-0.069411565,0.128518878,-0.477804809,-1.342527589,0.714828377,-0.022529731,0.05171527,0.41851272,1.068526343214510,-0.421453309,-0.189292405,0.589011748,0.870537135,0.435268567,0.589011748,0.281525387,77729.337733305495931,154734207.849396228790283,5,1
38396.260000000002037,155.379999999999995,NM,1.306E+11,Tortolita Canyon-Pecos River,1.306E+11,-0.188675324,-0.388444788,0.019710682,1.002424077325840,-0.528161579,0.694977957,0.140880079,0.87030415,-0.602836739,0.757549499,-0.251475417,0.048404465,0.192036316,-1.000345605,-1.954373354,0.227713947,-0.323167116,0.274391832,-1.106944543,2.294150938808810,-0.982832939,-0.073814548,0.396220922,-0.099278152,0.619353713,0.811390029,0.405695014,0.619353713,0.192036316,66582.492298004290205,155271728.890990018844604,4,2
38120.010000000002037,154.270000000000010,NM,1.502E+11,Atarque Canyon-Jaralosa Draw,1.502E+11,-1.117349612,-0.454849381,-1.136057171,-1.3914757,-0.456956403,0.731114631,1.409624353487340,-0.119304281,2.107859648898060,0.343670463,-1.618097022,0.019520937,0.183719972,0.853278188,0.654012589,0.267266409,0.555364263,-0.847899762,-0.005149283,0.0915603,0.673668103,-1.177362934,0.461174013,0.25734385,0.7395637,0.923283671,0.461641836,0.7395637,0.183719972,75756.189421385817695,154588214.311861753463745,4,4
27262.420000000001892,110.329999999999998,NM,1.30201E+11,Comanche Creek,1.30201E+11,-0.789952712,4.331760522942000,-0.37842365,0.054505577,2.099291757141390,-1.26660105,-0.705993336,0.134923718,2.201382555721970,0.447441591,1.749379886101050,1.304706617994130,0.553759485,0.135851461,0.56553643,-0.69350237,-1.66117318,1.142076438050230,0.426666425,-0.370346418,1.187420849696260,0.935885772,-0.524025215,-0.163139071,0.597827502,1.151586987383500,0.575793494,0.597827502,0.553759485,47966.202942113857716,110240567.301029965281487,5,2
13493.290000000000873,54.609999999999999,NM,1.30202E+11,Arroyo Sarcio,1.30202E+11,-1.097394625,-0.429030591,-1.131630632,-0.282498361,-0.158247395,-0.154608148,0.515197845,-0.74637128,-0.602836739,0.325868382,-0.800570439,-0.289292308,0.094804335,0.284956687,0.333718421,0.27201633,1.687786230438380,0.876023854,0.134103953,-1.493940628,0.545475289,-0.381902935,0.487054022,0.321833926,0.761301986,0.856106321,0.42805316,0.761301986,0.094804335,37700.830364825611468,54627791.392225198447704,2,5
30838.139999999999418,124.799999999999997,NM,1.504E+11,Burnt Corral Canyon-East Fork Gila River,1.504E+11,-0.205842935,0.448677898,-0.79161577,-0.034615735,-0.49017045,0.416334343,0.162814755,-0.745659554,-0.602836739,-0.948738639,0.067281274,0.025559517,0.185458641,1.271989551943330,0.034509369,0.350423031,0.3308001,0.710394139,-0.034478198,0.839750126,-0.439742245,0.144283381,0.358392946,0.366363232,0.776311905,0.961770546,0.480885273,0.776311905,0.185458641,52891.659705642392510,124964743.859096243977547,4,5
27274.240000000001601,110.379999999999995,NM,1.306E+11,Dry Gulch-Pecos River,1.306E+11,1.311957443552990,-0.386148514,-0.113363355,2.372343116491700,0.97248122,-0.068379567,-1.044355762,0.87030415,-0.602836739,-0.012129874,-0.177049334,-0.06110695,0.160505035,-0.585978887,-0.825505297,0.424206196,-0.241568957,0.465597169,-1.04444208,1.127101276731940,-1.177279143,1.030612557298660,-0.536036604,-0.185980185,0.59012823,0.750633265,0.375316633,0.59012823,0.160505035,53438.686512482541730,110298385.582525327801704,3,1
36111.489999999997963,146.140000000000015,NM,1.30201E+11,Canones Creek,1.30201E+11,1.069905739642990,0.833394191,1.120708631570370,0.958552382,0.918102233,-0.425653361,0.78743485,-0.619611268,-0.493272724,1.287254995149180,1.251184471785700,0.603778126,0.351943326,-0.622530323,0.445335728,-0.747542505,-1.481861489,-2.146808013,1.530019084654070,-0.299574399,1.675587217698520,0.921494915,-0.162866916,-0.160958168,0.59856264,0.950505966,0.475252983,0.59856264,0.351943326,82361.372966151844594,146085850.698116093873978,5,2
14076.870000000000800,56.969999999999999,NM,1.108E+11,South Ponil Creek,1.108E+11,1.061909669780380,-0.334609592,1.195342453836440,0.874211866,0.764893576,-1.166441101,-0.135041891,-0.42405683,-0.602836739,2.205818418117730,0.358194173,0.001122208,0.178422483,-0.266346601,0.00326329,0.160706006,-1.424697964,0.520543996,0.626215283,1.165025497766150,0.611231174,0.428103463,-0.011018834,0.134079092,0.698013669,0.876436152,0.438218076,0.698013669,0.178422483,59167.145638588997826,56921657.151191219687462,3,4
18399.689999999998690,74.460000000000008,NM,1.305E+11,Golondrina Draw-Three Rivers,1.305E+11,-1.117349612,-0.454849381,-1.061256367,-0.094668333,-0.382470021,-0.232879984,-0.584942773,0.735663423,-0.286335422,-2.567425648,-0.542916333,-0.530982592,0.025215204,-0.615585511,-1.242999421,0.861268662,-0.025167389,-0.944928587,1.309536764767140,0.230729479,0.855656393,1.186418626662310,0.36138381,0.391444027,0.784766128,0.809981332,0.404990666,0.784766128,0.025215204,45690.359403565817047,74413812.477769598364830,1,5
37139.660000000003492,150.300000000000011,NM,1.306E+11,Winsor Creek-Pecos River,1.306E+11,1.589035106288220,0.871837417,2.019711879837310,1.675828065362150,2.406136017747420,-2.430683582,-0.241041664,0.87030415,-0.602836739,-0.319863863,0.533536909,0.32623822,0.272032124,-0.162434577,0.224997775,1.194483521427430,-2.473812072,1.027753736527490,-0.309300822,-0.863703914,0.128260223,1.431299099367980,-1.974567729,-0.311379515,0.547858679,0.819890804,0.409945402,0.547858679,0.272032124,81079.333305426407605,150190529.342821270227432,5,1
28948.630000000001019,117.150000000000006,NM,1.30201E+11,Manby Hot Springs-Rio Grande,1.30201E+11,-0.559475597,-0.444540801,-0.911191558,-1.747602376,-0.347093606,0.261397495,1.428155553097220,0.134923718,2.201382555721970,0.880949466,-1.205324679,0.056844545,0.194466442,0.581712757,0.794065068,-0.184072857,0.404785442,0.38449491,0.539967212,1.864367356883520,1.432376020081360,-0.339668273,0.310321265,0.376934444,0.779875244,0.974341686,0.487170843,0.779875244,0.194466442,81897.401042406854685,117069102.670147553086281,4,5
27409.799999999999272,110.920000000000002,NM,1.30201E+11,Cerros de Taos Ranch,1.30201E+11,-0.747164932,-0.454849381,-1.134764627,-1.63542902,-0.132717403,-0.687620648,0.852310231,0.134923718,2.201382555721970,1.201918990433890,-1.16588695,-0.149816693,0.134963115,0.450334776,0.949354228,0.082833614,0.541321844,0.645990371,0.641349483,1.581136015011230,1.380520544530910,-0.581979763,0.271049771,0.430469427,0.797920792,0.932883907,0.466441954,0.797920792,0.134963115,79118.940884003110114,110848393.678382560610771,3,5
10658.989999999999782,43.140000000000001,NM,1.30202E+11,Rio Paguate,1.30202E+11,-1.103160298,-0.409218499,-1.021544046,-0.388330651,-0.903305672,0.035319375,0.810958529,-0.049312599,-0.031853023,-0.386091754,-0.777913554,-0.221953522,0.114192982,-0.138127018,-0.154057708,0.215535637,0.253606679,0.096939211,-0.400463843,-1.261720627,-0.098732028,-1.929701258,0.635381884,0.002252083,0.653577479,0.767770462,0.383885231,0.653577479,0.114192982,42591.929960720626696,43150133.231471605598927,2,3
26494.760000000002037,107.219999999999999,NM,1.305E+11,Fresnal Canyon,1.305E+11,0.9769728,-0.360776964,-0.058485032,0.856084268,0.00606497,0.17412877,-1.134121461,0.735663423,-0.286335422,-1.397711706,1.271846699741420,-0.167454582,0.129884692,-0.32194788,-0.436172925,0.649057094,-0.054728432,0.749376323,0.565992172,-0.045312854,-0.447734777,1.293024607618050,0.079619984,0.262150068,0.741183777,0.87106847,0.435534235,0.741183777,0.129884692,67942.121160129405325,107149903.562100723385811,2,4
29658.450000000000728,120.019999999999996,NM,1.30202E+11,Lobo Creek,1.30202E+11,-0.728280392,-0.453931173,-0.832118382,-0.264613449,0.151774121,-0.438131478,0.811080311,-0.049312599,-0.031853023,-0.813245512,-0.568718927,-0.215413356,0.116076072,0.102903205,0.234131563,0.262232311,1.770316934360910,0.291876093,-0.105396606,-0.054565178,0.213591864,-0.19288418,0.371599616,0.283042486,0.748226184,0.864302256,0.432151128,0.748226184,0.116076072,71390.029397680540569,120110870.299436748027802,2,4
16145.510000000000218,65.340000000000003,NM,1.30202E+11,Rinconada Creek,1.30202E+11,-0.058648118,-0.454849381,-0.0867148,0.188052093,0.243999003,-0.356522121,-0.397777623,-0.049312599,-0.031853023,-1.561976828,0.04965401,-0.312570086,0.088102037,0.107483903,0.038004062,0.213702197,0.544987314,-0.601337404,-0.089530997,-0.403282146,-0.272261374,-1.020953585,0.34336944,0.056303134,0.671796984,0.759899021,0.37994951,0.671796984,0.088102037,52119.075682308292016,65379823.017718434333801,1,3
28300.900000000001455,114.530000000000001,NM,1.108E+11,Joe Cabin Arroyo-Holkeo Creek,1.108E+11,-1.094297846,-0.096831555,-1.108563818,-1.410743235,-0.725373778,-1.662265561,1.287209506322890,-0.259135936,-0.573024288,0.673604144,-1.217717597,-0.322240169,0.08531776,-0.15415012,1.376941309467860,0.208357101,0.067331537,0.448779254,0.003239865,0.26278591,0.889004127,-0.399623155,0.580299046,0.315644162,0.759215543,0.844533303,0.422266651,0.759215543,0.08531776,55276.979486608914158,114453884.039277568459511,1,5
22996.540000000000873,93.060000000000002,NM,1.30201E+11,Montoya Canyon-Canjilon Creek,1.30201E+11,-0.271481533,1.570477369451640,3.198636033904440,-0.515324457,1.232979573336580,-0.321059068,-0.224447098,-0.619611268,-0.493272724,-0.203830672,1.095359038767240,0.569667926,0.342122082,-1.779345498,-0.454289919,-0.486622539,-2.098425566,0.882645788,1.855748798831570,0.260564928,1.297462827519860,1.160074185556560,0.054361997,-0.018636507,0.646536363,0.988658445,0.494329223,0.646536363,0.342122082,54492.806769541719405,93023896.193149387836456,5,2
15457.139999999999418,62.550000000000004,NM,1.306E+11,Merrett Canyon-Rio Penasco,1.306E+11,-0.005449596,-0.415565439,-0.127076896,-0.546277723,-0.819659631,-0.187431981,-1.137312516,4.226727887391610,-0.602836739,-1.046334649,0.107263026,-0.281433555,0.097067082,-1.382587831,-1.103498829,0.25767749,-0.059810851,0.677602927,1.087312616898370,0.265445783,0.467971247,-0.073787922,0.441005283,0.180476228,0.713653195,0.810720277,0.405360139,0.713653195,0.097067082,56808.708077246403263,62505185.540026813745499,2,4
21022.430000000000291,85.070000000000007,NM,1.306E+11,Silver Springs Canyon,1.306E+11,0.438562701,-0.08706809,-0.575909778,0.717726777,0.623426122,-0.404835386,-1.199139871,4.226727887391610,-0.602836739,-0.790763108,0.643540892,-0.039472486,0.166734179,-0.1154706,-0.148433559,0.584617045,-0.059946898,1.114917159405890,0.326438018,-1.861012916,-0.540549278,1.415519420763110,-0.088679597,0.138808351,0.699607806,0.866341985,0.433170992,0.699607806,0.166734179,59209.071461138082668,85014456.152408212423325,3,4
25071.850000000002183,101.460000000000008,NM,1.108E+11,Deer Creek-Sapello River,1.108E+11,0.816387048,-0.070518326,0.796603375,2.035530038461350,0.478775547,-0.25502234,-0.533861735,0.857542582,0.023350144,1.710622797277420,0.745351224,0.233194866,0.245242441,-0.27220994,-0.764935496,0.276123289,-1.314796086,0.149327957,-1.117937763,1.619167874097590,-1.155810703,1.066283200293870,0.020495271,-0.110416217,0.615599299,0.86084174,0.43042087,0.615599299,0.245242441,65217.445207522316196,101384215.357842803001404,5,2
24517.709999999999127,99.219999999999999,NM,1.30201E+11,Brazos Creek-Rio Chama,1.30201E+11,-0.165290834,0.884347011,1.340219598329080,-0.658151031,0.383327473,0.856822596,-0.231366365,-0.619611268,-0.493272724,-0.175997511,-0.427724865,0.299645895,0.264375479,-0.802083937,-0.918590293,-3.457933737,-1.260054555,0.549814817,0.728636345,-0.404711004,0.590149382,0.669358214,0.416960968,-0.758701104,0.397075716,0.661451195,0.330725597,0.397075716,0.264375479,71429.473318345451844,99186907.535470440983772,5,1
17284.049999999999272,69.950000000000003,"CO,NM",1.108E+11,Bernal Creek-Vermejo River,1.108E+11,-0.562038576,0.45314842,-0.504204413,0.51612237,1.064386719201830,-0.790529676,-0.214533182,-0.482886884,-0.560610275,1.029526825651170,0.332792307,0.04469322,0.190967749,-0.175265635,1.359495304933900,-0.504511344,-1.09431017,1.001283305251260,0.280236227,1.264284458161620,0.323782552,0.628969446,-0.052638983,0.046396416,0.668457632,0.859425381,0.42971269,0.668457632,0.190967749,60300.099263939810044,62419578.244161128997803,4,3
16871.110000000000582,68.280000000000001,NM,1.30202E+11,Ojo Redondo-Bluewater Creek,1.30202E+11,0.046494138,0.297900868,-0.167339268,0.560308151,0.503796183,0.160728598,0.224156681,-0.049312599,-0.031853023,0.046210448,-0.581901326,0.166079759,0.225918197,0.090353403,-0.207950403,0.284796617,3.130876309181670,0.200624586,-1.5118163,-0.697878399,-1.369327047,0.138984391,0.306990364,0.072848729,0.677374166,0.903292363,0.451646182,0.677374166,0.225918197,48580.805721863755025,68362506.253078192472458,4,3
20540.180000000000291,83.120000000000005,NM,1.30201E+11,Headwaters Rio Hondo,1.30201E+11,2.199060670773960,-0.310281777,1.663863686927340,1.567551249891510,2.657901393912530,-1.702908351,-1.206121748,0.134923718,2.201382555721970,0.509280905,2.651274963135460,0.178956936,0.229625883,0.113304512,0.409093893,-4.525049149,-1.892786147,0.767577124,0.020732232,-2.035297873,0.281942077,0.502733005,-2.061111156,-1.701928253,0.079133126,0.308759008,0.154379504,0.079133126,0.229625883,44785.568549785792129,83060428.638707518577576,4,1
31269.959999999999127,126.549999999999997,NM,1.502E+11,Cow Springs Draw,1.502E+11,-1.117349612,-0.454849381,-1.136057171,-1.139795887,0.391437807,-0.69998654,0.640194368,-0.630951865,0.231277834,-0.113435258,-1.179476043,-0.354641784,0.075988464,1.307343235887740,0.675914045,0.684343088,0.101132231,0.707207787,1.026020764031720,1.013088323048100,2.292258692277740,-0.53946789,0.248935445,0.66956526,0.87851511,0.954503574,0.477251787,0.87851511,0.075988464,73947.342377244829549,126857497.508621528744698,1,5
22084.250000000000000,89.370000000000005,NM,1.305E+11,Nogal Canyon,1.305E+11,0.739784641,-0.327737838,-0.813519445,0.871717418,0.13902091,0.225604684,-1.387543046,0.735663423,-0.286335422,-1.3141022,-0.252784153,-0.306228028,0.089928086,-0.220900338,-0.612181486,0.560109106,0.02823338,-0.61051569,1.082369293322780,0.135938256,0.229274099,1.241738944489100,0.088734879,0.278439697,0.746674678,0.836602764,0.418301382,0.746674678,0.089928086,58190.704729514087376,89312647.462477907538414,2,4
28144.819999999999709,113.900000000000006,NM,1.30201E+11,Hidden Lake-Rio Brazos,1.30201E+11,-0.437112406,5.548706216313930,-0.534780978,-0.889385371,2.283013671421720,-0.595676281,-0.017787049,-0.619611268,-0.493272724,1.077789708262180,2.730528098348000,1.751426003867070,0.682382008,-2.187833935,-0.226176878,-4.706846335,-0.860735427,0.895595427,3.657730534162920,-0.924132827,1.299583985095760,0.084937629,-0.510256052,-1.02875283,0.306046799,0.988428807,0.494214403,0.306046799,0.682382008,57261.330758712414536,113846694.574848815798759,5,1
26448.069999999999709,107.030000000000001,NM,1.30202E+11,San Marcos Arroyo,1.30202E+11,-1.098127409,-0.454849381,-1.105893076,-0.755186125,-0.708397086,1.873671804950420,-0.033165496,0.013349269,0.902057622,0.001863836,-0.772413773,-0.077917218,0.155664907,-1.059021253,-1.237885403,0.225151643,0.35510654,0.21916635,-0.124028648,1.881315043995170,1.100815702806840,-1.086891276,0.46883276,0.129429269,0.696446309,0.852111216,0.426055608,0.696446309,0.155664907,92034.283513245187351,106965919.991465210914612,3,3
20281.529999999998836,82.079999999999998,NM,1.504E+11,Upper Mule Creek,1.504E+11,-0.106172938,-0.395555821,-0.186610038,-1.316518791,-1.614271496,1.953181176258360,-0.988531367,-0.74637128,-0.579192356,-0.498062785,-0.571060486,-0.316683062,0.086917801,1.830916652071330,0.137620346,0.25276555,0.388163248,0.443330783,0.420454168,0.389084004,0.055696084,-0.985863279,0.594643454,0.44384519,0.802429489,0.889347289,0.444673645,0.802429489,0.086917801,42700.896629296730680,82292336.667780041694641,1,5
29881.240000000001601,120.930000000000007,NM,1.108E+11,Lower Coyote Creek,1.108E+11,-0.884908191,0.454358213,-0.557510716,-0.540934097,-0.294862214,-0.917564249,2.066571404417710,0.857542582,0.023350144,0.695516805,-0.806959249,0.281006607,0.259008727,-0.47871145,-1.893268481,0.228871271,-0.369634858,0.456669845,-1.382988811,0.215415313,-0.678592158,-0.17858495,0.437600506,-0.15798399,0.599565175,0.858573902,0.429286951,0.599565175,0.259008727,66102.579843828265439,120829372.712393671274185,5,2
19318.959999999999127,78.180000000000007,NM,1.30202E+11,Las Huertas Creek,1.30202E+11,-0.624054399,-0.454849381,0.784143373,0.970536494,-0.393175442,0.707539681,0.880594793,0.013349269,0.902057622,1.962479915857600,0.395209595,0.299408316,0.264307074,-0.279617971,-0.286482225,0.250382578,0.479598785,-0.423375937,0.022702625,-1.18269383,0.164985044,-1.140553312,0.136698967,-0.042957886,0.638338123,0.902645197,0.451322598,0.638338123,0.264307074,57341.608451156178489,78150977.298140108585358,5,2
20665.040000000000873,83.629999999999995,NM,1.30201E+11,La Junta Creek-Rio Pueblo de Taos,1.30201E+11,2.670589871781470,-0.15525299,0.78728677,2.362808708397100,1.958936612295780,-1.551344175,-1.371278115,0.134923718,2.201382555721970,0.654914902,1.443628450979430,0.145914095,0.22011196,0.02921883,0.160383635,-0.989384634,-1.122793799,0.948731866,-0.051281715,-0.596317349,0.113783897,1.258502778503100,-0.531897105,-0.345424431,0.536382834,0.756494794,0.378247397,0.536382834,0.22011196,48568.918537264289625,83563898.519549295306206,4,1
39985.709999999999127,161.819999999999993,NM,1.504E+11,Outlet West Fork Gila River,1.504E+11,1.628240674543890,-0.096874682,1.528934754408530,0.254338469,-0.514054147,0.847817347,-0.72556154,-0.745659554,-0.602836739,-0.59516477,-0.191516839,-0.002946967,0.177250858,1.470041429912750,0.132654576,0.452640257,0.018265055,0.966854783,-0.505662371,0.54904552,-1.112369559,0.660806339,0.419928607,0.347841481,0.770068601,0.947319459,0.47365973,0.770068601,0.177250858,99085.501432498873328,162075895.748660445213318,3,5
22557.959999999999127,91.290000000000006,NM,1.504E+11,SA Creek,1.504E+11,0.253247926,0.070701963,-0.275922167,0.095576826,0.465101043,0.729576795,-0.400816745,-0.74637128,-0.579192356,-0.285095783,0.18763055,0.008029567,0.180411297,1.243472288809340,0.604470255,0.657998758,0.175859353,0.9544538,0.297529978,0.756528478,0.756375673,0.378364672,0.238548767,0.542970646,0.835842653,1.016253950641990,0.508126975,0.835842653,0.180411297,64287.429505821550265,91515985.143648624420166,3,5
15155.069999999999709,61.329999999999998,NM,1.108E+11,Leandro Creek,1.108E+11,0.227729834,0.247279009,0.371640494,0.809885125,1.640583018048410,-2.185049435,-0.084959415,-0.482886884,-0.560610275,2.442418934010730,1.021051962453100,0.057654594,0.194699677,0.071636985,1.043939258189810,-0.478766515,-2.003926023,1.035284326725140,-0.304020167,0.519110771,-0.069354875,0.482072101,-0.324357695,-0.191858532,0.588146759,0.782846436,0.391423218,0.588146759,0.194699677,48115.580362289125333,61281687.509026169776917,4,1
27562.459999999999127,111.540000000000006,NM,1.306E+11,Tres Hermanos Creek,1.306E+11,-0.492747692,-0.432585942,0.557840865,1.123042317850900,-0.817052049,0.195478297,1.431530952267040,0.87030415,-0.602836739,0.821250242,-1.095782494,0.145949635,0.220122193,-0.541686986,-1.186023238,0.217221155,0.326001893,0.898847548,-1.731463173,1.923274933970360,-2.080820619,-0.298232829,0.585969265,-0.059907206,0.632624854,0.852747047,0.426373524,0.632624854,0.220122193,73163.711484442232177,111454857.165288031101227,4,2
18850.990000000001601,76.290000000000006,NM,1.30201E+11,Lower Embudo Creek,1.30201E+11,0.472642628,-0.452739965,0.839931579,-0.300540411,-0.560646171,1.624520000005640,0.387507429,0.134923718,2.201382555721970,0.422560925,-0.65600721,0.264298888,0.254198125,0.094056583,0.353998032,0.164748113,0.068286452,0.234925031,0.279416544,1.656479619454810,0.425676527,-0.058781425,0.414302308,0.317986338,0.760005043,1.014203167918830,0.507101584,0.760005043,0.254198125,54452.533096835155447,76236994.948409691452980,5,5
29967.450000000000728,121.269999999999996,NM,1.504E+11,Canyon Creek,1.504E+11,1.079111592626230,-0.431063144,-0.938085981,-0.53019238,0.326607992,-0.881356415,0.072744579,-0.745659554,-0.602836739,-1.285390978,-0.141203265,-0.372195723,0.070934213,1.257596068417160,0.351087266,0.656082819,0.262174067,1.012334286269870,0.358700455,1.137535345659920,0.754067951,0.183335048,0.18471344,0.541556986,0.835366138,0.906300351,0.453150175,0.835366138,0.070934213,64699.152801166666904,121470961.649127095937729,1,5
29716.549999999999272,120.260000000000005,NM,1.504E+11,Skates Canyon-Sapillo Creek,1.504E+11,-0.32174393,-0.008682218,-0.94803457,0.67593008,-0.381523145,0.810564689,0.043977319,-0.745659554,-0.602836739,-1.349873574,0.29976119,-0.060532773,0.160670356,1.638989504724100,0.362970962,0.400909981,0.323481332,-0.579043327,-0.745631096,-1.956005771,-1.907387259,0.291229219,0.227445439,0.043849859,0.66759924,0.828269596,0.414134798,0.66759924,0.160670356,64669.058771516494744,120406200.592362150549889,3,3
22810.490000000001601,92.310000000000002,"AZ,NM",1.504E+11,Wendy Flat-San Francisco River,1.504E+11,-0.471839846,-0.084660876,0.814663138,-1.581182548,-1.836065233,1.038423290202550,1.173200839030420,-0.74637128,-0.579192356,-0.914350211,2.008564955737140,0.12877481,0.215177099,1.826689557437700,0.89252732,0.438434216,0.260815749,0.601765678,1.230520826988510,0.57675777,1.293497655327320,-0.75595417,0.63221098,0.708769818,0.891730165,1.106907264601730,0.553453632,0.891730165,0.215177099,67600.360756411420880,91774906.910876765847206,4,5
15935.059999999999491,64.489999999999995,NM,1.502E+11,Bowl Canyon Creek,1.502E+11,-0.062838856,0.251686909,-0.432611571,-0.109641316,0.787297801,1.060330598194160,-0.450115767,-0.315754732,-0.602836739,-0.269055634,-1.537451868,0.01591589,0.182681982,0.2067023,0.086375737,0.1886579,0.622542537,-0.502662615,-0.637861598,-1.028697888,-1.045866064,-0.337978172,0.133881407,-0.07897146,0.626198683,0.808880665,0.404440333,0.626198683,0.182681982,53891.700853843663936,64631195.021406978368759,4,2
38263.770000000004075,154.849999999999994,NM,1.504E+11,Mule Canyon-Beaver Creek,1.504E+11,-1.024173703,-0.060772226,-1.075450705,-0.585820865,-0.165468229,1.519855365683860,-0.45140359,-0.745659554,-0.602836739,-1.004252031,-0.284258103,-0.170264452,0.129075655,1.197167633486150,0.148954676,0.369440004,0.413762136,0.800733529,0.148368027,0.191539374,0.186652216,-0.341201515,0.329542975,0.367278215,0.776620327,0.905695982,0.452847991,0.776620327,0.129075655,76212.119451200531330,155038168.455185413360596,2,5
16416.209999999999127,66.430000000000007,NM,1.504E+11,Big Canyon-San Franciso River,1.504E+11,-0.509034421,0.291986922,-0.614788989,0.590815649,0.089191718,-0.235781256,0.026610417,-0.74637128,-0.579192356,-0.030516876,-0.33468322,-0.044962433,0.165153476,0.824269951,0.330807375,0.445022211,0.263494584,1.097900206332270,0.044161,0.973131865,0.202872515,0.625490012,0.419084794,0.466570244,0.81008964,0.975243116,0.487621558,0.81008964,0.165153476,42522.484045038436307,66594193.776876732707024,3,5
17172.959999999999127,69.500000000000000,NM,1.30201E+11,Lopez Canyon-Canjilon Creek,1.30201E+11,-0.814301875,-0.454849381,-0.967788344,-0.421157203,0.848777278,-0.425868333,0.313277621,-0.619611268,-0.493272724,-0.401089887,0.52484432,-0.253113244,0.105221261,-1.500574414,-0.532931501,0.136650837,0.150569155,0.947347249,1.205343925155160,-0.122928227,0.974996855,1.167632698437860,0.151752378,0.203977253,0.721574911,0.826796171,0.413398086,0.721574911,0.105221261,46793.263723104675591,69466851.245640859007835,2,4
35773.900000000001455,144.770000000000010,NM,1.30201E+11,Outlet Rio Cebolla,1.30201E+11,-0.921331323,-0.394689594,-0.808022235,-0.847124291,-0.094920689,0.565177651,0.366809413,-0.619611268,-0.493272724,1.090346506916180,-1.211850657,-0.180152693,0.126228565,-0.779091501,-0.156491971,-0.957200465,0.458141328,0.132105042,0.950594095,-0.296959249,1.272294191069600,-0.289702528,0.420527222,-0.024236892,0.644648588,0.770877152,0.385438576,0.644648588,0.126228565,71431.842364883952541,144732273.596220731735229,2,2
28793.090000000000146,116.519999999999996,NM,1.504E+11,Apache Creek,1.504E+11,0.105199817,-0.012646872,0.061513347,0.046012125,-0.167426017,0.496069392,-0.471714355,-0.74637128,-0.579192356,-0.732119815,-0.020952718,-0.11960135,0.143662925,0.737184725,0.427415462,0.432913966,0.374728229,-0.423183821,-0.103085729,1.116718752786670,0.26494037,0.047445492,0.387254099,0.348239472,0.770202756,0.91386568,0.45693284,0.770202756,0.143662925,66920.540348353519221,116759040.622961983084679,3,5
37264.980000000003201,150.810000000000002,NM,1.306E+11,Devils Canyon,1.306E+11,0.29009809,-0.285810036,0.62248887,-0.197457582,-0.22168809,0.27170408,-0.632839917,2.952455048191210,-0.602836739,-0.502386537,2.107190263071770,0.066479361,0.197240565,-0.53387629,-1.550717138,0.275139619,-0.025637575,0.268344513,1.444833450295440,0.089111155,1.333262938270220,0.263974203,0.180433718,0.244386049,0.73519589,0.932436454,0.466218227,0.73519589,0.197240565,89976.917524382603006,150697679.722639709711075,4,4
11177.979999999999563,45.240000000000002,NM,1.305E+11,Upper Tularosa Creek,1.305E+11,1.186637293412450,0.058964293,1.617553970392800,0.233198752,-0.626496693,0.568128027,-1.521910297,0.735663423,-0.286335422,-1.363163905,0.153217493,-0.08010645,0.155034568,-0.687620223,-1.372194632,0.386165022,0.019573057,-1.190710366,0.503106664,0.718939299,-0.298093802,0.664544665,0.412403815,0.118965696,0.692919253,0.847953821,0.42397691,0.692919253,0.155034568,35234.362786807163502,45205823.293619886040688,3,3
25242.940000000002328,102.150000000000006,NM,1.30201E+11,Outlet Rio Hondo,1.30201E+11,0.690842986,-0.425262114,1.202105224496670,1.166220640849830,0.556273234,-0.164595787,-0.082947216,0.134923718,2.201382555721970,-0.966919509,0.141117312,0.09639617,0.205854418,-0.191982678,0.135572534,-0.87894796,-0.248765838,0.400026861,-0.422880617,-0.315304715,-0.109267517,0.916997358,-0.267628175,-0.304620618,0.550136965,0.755991384,0.377995692,0.550136965,0.205854418,52476.155538884748239,102080206.114664241671562,4,1
37631.180000000000291,152.289999999999992,NM,1.30202E+11,Alamo Canyon-Rio Grande,1.30202E+11,0.923659908,-0.374684752,0.236346866,0.060800369,-0.335031182,0.099195426,0.619463656,0.013349269,0.902057622,0.553569201,-0.176747596,0.109924631,0.209749626,-0.817738072,-0.020537731,0.152125377,0.386324256,-1.721404956,0.205061769,-0.997467693,1.028562505455810,-0.816912727,0.339501927,-0.030822794,0.642428614,0.85217824,0.42608912,0.642428614,0.209749626,86304.448690384655492,152218883.332738876342773,4,2
24139.639999999999418,97.689999999999998,NM,1.30301E+11,Chloride Creek,1.30301E+11,-1.06873158,-0.447731556,0.115011257,0.006545892,-0.282871939,1.286490625228680,-1.524088373,-0.200629213,-0.545037789,-0.309258558,0.21046394,-0.323581292,0.084931615,1.072151599627940,0.400296207,0.136323143,0.29916637,0.865540566,-0.64574002,-0.935385551,-1.812601663,-0.333657665,0.265530488,0.048726405,0.669243024,0.754174638,0.377087319,0.669243024,0.084931615,66124.436106745444704,97769181.777980059385300,1,3
37011.750000000000000,149.780000000000001,NM,1.40801E+11,Estes Arroyo-Animas River,1.40801E+11,-0.177138462,-0.439059219,-0.138451702,-1.565228654,-1.25379004,1.642464922723630,-0.054839979,-0.74637128,-0.602836739,0.916050505,-1.631469956,-0.193362067,0.122425231,0.542575682,-0.390555921,0.412312297,0.468359444,-2.221097952,-3.387128205,-0.140848447,0.129779777,-1.701289538,-2.223964947,-0.982259697,0.321718684,0.444143915,0.222071958,0.321718684,0.122425231,67459.130617632516078,149917668.537333905696869,2,1
33003.419999999998254,133.560000000000002,NM,1.30201E+11,Lower Rio Gallina,1.30201E+11,-0.976075964,-0.309954869,-0.077023248,0.851126492,0.00205443,0.655728641,0.277760788,-0.619611268,-0.493272724,0.599365145,-0.213174071,-0.008205755,0.175736712,-1.213211827,-0.117286686,-0.870735468,0.568245889,-0.266486622,0.683815406,-0.732436278,0.084938046,0.17733732,0.312021827,-0.168395126,0.596055794,0.771792505,0.385896253,0.596055794,0.175736712,68944.195941491663689,133537120.237276062369347,3,2
23578.389999999999418,95.420000000000002,NM,1.108E+11,Headwaters Cerrososo Creek,1.108E+11,-0.934221469,0.976269847,0.455873791,-0.16028902,0.317858032,0.601989196,-1.677223555,-0.42405683,-0.602836739,0.965176138,-0.918642101,0.030993383,0.187023197,-0.4142492,0.521216847,-0.076709708,0.269190521,-0.031923708,0.629549189,1.431356907437250,0.628418093,-0.135379566,0.24253144,0.213432555,0.7247621,0.911785297,0.455892649,0.7247621,0.187023197,74679.648091658673366,95342092.285519167780876,4,4
19773.689999999998690,80.019999999999996,NM,1.306E+11,Cabo Lucero Creek-Tecolote Creek,1.306E+11,1.793183232960840,-0.440898331,0.011117896,2.328647141941070,0.620334129,-0.262483566,-0.594190023,0.87030415,-0.602836739,1.108829583979010,-0.682894137,0.010988214,0.181263171,-0.481067213,-0.96848573,0.241894379,0.316443472,-0.35511774,-1.317672626,1.720977553123120,-1.650786677,0.852455718,-0.221375109,-0.189412111,0.588971398,0.770234569,0.385117285,0.588971398,0.181263171,39946.701979949815723,79960700.220341563224792,4,1
25221.950000000000728,102.070000000000007,NM,1.504E+11,Middle Mogollon Creek,1.504E+11,0.540879341,-0.392486372,1.303336423314280,-0.653220561,-0.688875105,-0.236182949,-0.627234336,-0.745659554,-0.602836739,-1.554894127,0.677647023,-0.341547879,0.079758551,1.261930853291420,0.094160728,0.431132916,-0.468336888,-0.419653046,-0.590934703,-0.00370165,-1.384403624,-0.06428339,0.336989965,0.11630134,0.692021153,0.771779704,0.385889852,0.692021153,0.079758551,61723.038340913466527,102276696.952218562364578,1,3
18083.700000000000728,73.180000000000007,NM,1.30202E+11,Encinal Canyon,1.30202E+11,-0.50659309,-0.454849381,-0.569513617,-0.838264264,-0.596406654,-0.698221649,0.103155583,-0.049312599,-0.031853023,-0.391322757,-0.807891526,-0.402765181,0.062132444,0.03740312,-0.102826645,0.215613256,0.196295643,-0.218429999,-0.083291942,-0.952343092,0.057784796,-1.762524003,0.552557642,0.047429069,0.668805718,0.730938162,0.365469081,0.668805718,0.062132444,54016.159881467130617,73214360.889053314924240,1,3
36951.010000000002037,149.539999999999992,NM,1.30202E+11,Upper San Mateo Creek,1.30202E+11,2.629207338757390,-0.453958348,-1.096819061,0.106325896,0.517563309,-0.476565779,0.281602396,-0.049312599,-0.031853023,0.339849306,-0.376657314,-0.047217325,0.164504232,0.200052467,0.166127727,0.255339679,4.598424321983430,0.072917823,-0.462838624,-0.16628817,-0.369146497,0.467069945,0.187028549,0.354985039,0.772476548,0.93698078,0.46849039,0.772476548,0.164504232,60599.881162494777527,149631116.682330220937729,3,5
33496.750000000000000,135.560000000000002,NM,1.30202E+11,Rito Olguin-Rio Puerco,1.30202E+11,-0.8319051,-0.434985458,-0.000848175,-0.833124482,-0.581548653,1.124069021760220,1.293300658347560,-0.081206515,-0.520238879,-0.079554405,-0.541017852,0.052686676,0.19326928,0.07511229,-0.015673501,0.256680041,5.483649686418860,0.460796006,0.795150529,-1.033113322,1.333083133325930,-0.597862866,0.487498565,0.612171624,0.859168889,1.052438168200840,0.526219084,0.859168889,0.19326928,83113.340184318964020,135554444.369974970817566,4,5
17311.420000000001892,70.060000000000002,"AZ,NM",1.504E+11,Centerfire Creek-Blue River,1.504E+11,1.882263578848130,-0.454849381,-0.322782887,-0.186006045,0.223590517,-0.199761089,-0.709275456,-0.74637128,-0.579192356,-1.689987145,-0.363812138,-0.367449214,0.072300861,1.230552358960390,0.611843386,0.492191929,0.212755964,1.180899391100910,0.241153075,0.393608593,-0.191662794,1.017016265232240,0.204937081,0.467784394,0.810498905,0.882799766,0.441399883,0.810498905,0.072300861,22036.163459711919131,9989885.912608649581671,1,5
18437.860000000000582,74.620000000000005,NM,1.30301E+11,North Seco Canyon,1.30301E+11,0.356888043,-0.383657671,1.436325523228520,-0.552029597,-0.048057629,0.558639405,-1.767085549,-0.200629213,-0.545037789,0.175554959,0.917797921,-0.257170378,0.104053102,1.241997058626260,0.481145057,0.271463302,0.34384824,0.820746449,-0.278633615,-0.839411825,-1.561407396,0.145732278,0.037325212,0.125254033,0.695038922,0.799092025,0.399546012,0.695038922,0.104053102,57563.547237605424016,74677909.845277965068817,2,3
19713.470000000001164,79.780000000000001,NM,1.108E+11,Santiago Creek,1.108E+11,0.693568274,0.149935335,2.202211774243900,1.240041194385890,0.79923725,-1.928438115,-0.477350652,0.857542582,0.023350144,1.835322918500580,0.990877988,0.15152027,0.221726129,-0.07870497,0.070043876,-0.035191358,-0.092459542,-0.026513314,-0.774154514,0.4915668,-0.750729091,1.278777991842250,-0.166847422,-0.096391757,0.620326658,0.842052786,0.421026393,0.620326658,0.221726129,41293.157999887436745,79716451.079563573002815,4,2
19280.240000000001601,78.019999999999996,"NM,TX",1.306E+11,Big Canyon,1.306E+11,-0.38120782,-0.454849381,0.143620079,-0.912835678,-1.315484839,0.41332049,-0.184646804,0.58445466,-0.602836739,-0.461705528,0.915868865,-0.221215461,0.11440549,-6.117582629,-5.002937122,0.213133539,-0.134003726,-0.82915896,-1.454550356,-0.226798948,-1.335937404,-1.630874924,0.614891059,-0.956056011,0.330551411,0.444956901,0.22247845,0.330551411,0.11440549,40979.972790198335133,48067715.283116385340691,2,1
10883.319999999999709,44.039999999999999,NM,1.30202E+11,Rito Penas Negras,1.30202E+11,1.104557409108040,2.505478846952850,0.081276267,1.987306899203300,1.226704354115250,-0.28672494,-0.213548094,1.113325668461200,-0.210928457,-0.06475098,1.763494701507710,1.035276957113910,0.476183441,-2.125744396,-0.355320898,0.202650273,-1.419140682,-1.233451788,-0.034654745,-0.83859696,-0.481347486,1.228171573954650,-0.26293755,-0.377622786,0.525529427,1.001712868113770,0.500856434,0.525529427,0.476183441,45352.898682537677814,44034329.905322730541229,5,1
32297.930000000000291,130.710000000000008,NM,1.306E+11,Lower Rio Bonita,1.306E+11,-0.392037918,-0.402419558,0.990661315,-0.889653461,-1.19806398,0.678178108,-0.919351749,2.952455048191210,-0.602836739,-0.710122967,-0.194312991,-0.192355118,0.122715159,-0.719727673,-2.227057354,0.230288056,0.082044265,0.502988773,1.354581539797800,2.426482069733010,1.136556329214730,0.131570695,0.474147997,0.365968956,0.776179002,0.898894161,0.44944708,0.776179002,0.122715159,76657.079731291014468,130604549.075805857777596,2,5
10555.530000000000655,42.719999999999999,NM,1.30201E+11,Arroyo Seco,1.30201E+11,1.215290989531330,0.043047769,1.072388217227100,1.391060364368590,0.587837502,1.087629926598880,-0.919125004,-0.619611268,-0.493272724,0.095704675,0.070724549,0.171657934,0.227524304,-1.329254642,-0.350840972,-0.300581645,0.540264021,0.619099362,0.337108093,0.139202266,-0.258684073,0.877254831,0.209251982,-0.015120047,0.64772169,0.875245993,0.437622997,0.64772169,0.227524304,42485.964439035793475,42695024.374250181019306,4,2
34976.129999999997381,141.539999999999992,NM,1.30201E+11,Rio Medio,1.30201E+11,2.416610643477580,-0.368702194,1.131617040510300,1.830530713031530,1.623066816096320,-0.192280002,-0.795465017,0.134923718,2.201382555721970,0.007533935,1.548567308328170,0.285937441,0.260428447,-0.199333737,0.042574506,-2.341397609,-1.860424841,1.005335043162700,-0.040245934,0.508428832,0.26507421,1.240852882659060,-1.099315715,-0.814578699,0.378240521,0.638668968,0.319334484,0.378240521,0.260428447,70969.936192006774945,141446698.811814278364182,5,1
28789.100000000002183,116.510000000000005,NM,1.504E+11,Middle Bear Creek,1.504E+11,0.201729231,-0.45278857,0.735913625,-0.02281464,-1.172192295,0.458183695,-0.790675679,-0.734180399,-0.602836739,-1.453306694,-0.569583907,-0.393386966,0.064832684,1.453950438876420,-0.193528848,0.359088236,0.351934734,-0.124578872,-0.741300959,-0.018428355,-1.694288658,0.364842997,0.554260459,0.208249453,0.723014982,0.787847666,0.393923833,0.723014982,0.064832684,66819.472334929218050,116696530.408794596791267,1,4
22654.540000000000873,91.680000000000007,NM,1.30201E+11,Lower Red River,1.30201E+11,-0.2218421,-0.45362815,0.017311293,0.545609021,0.439603268,-0.515464615,1.065134736098190,0.134923718,2.201382555721970,0.368148463,-0.111310831,0.143474699,0.219409593,0.01821753,0.842989284,-0.567313697,-0.050226455,0.433994998,0.18535468,-0.360831821,0.396715764,0.735788772,-0.322493189,-0.094737216,0.62088437,0.840293962,0.420146981,0.62088437,0.219409593,51517.945122442142747,91613241.687957704067230,4,2
22269.340000000000146,90.120000000000005,NM,1.306E+11,Outlet Cow Creek,1.306E+11,0.521526867,-0.358980105,1.270213978557110,1.505837168425370,-0.068934354,0.22024438,-0.461203639,0.87030415,-0.602836739,-0.588289296,2.589778356790750,0.119398542,0.21247742,-0.955165415,-1.810494377,0.250829865,-0.342450777,0.589508349,-1.5212269,2.250634845164230,-1.663735337,0.457733006,0.265502614,-0.156957021,0.599911345,0.812388765,0.406194382,0.599911345,0.21247742,74456.438178355238051,90054778.550467669963837,4,2
22702.130000000001019,91.870000000000005,NM,1.108E+11,Outlet Moreno Creek,1.108E+11,-0.428690013,2.102632172631300,-0.24064883,0.292693712,1.552540006416870,-1.188361373,0.267198108,-0.42405683,-0.602836739,0.789242606,1.551542319976550,0.652537612,0.365982493,-0.163049037,0.014893274,-0.989170748,-1.279509232,1.047012039705900,0.203121325,-0.082952819,0.958349351,1.184339223629040,-0.150314406,-0.185099778,0.590424997,0.95640749,0.478203745,0.590424997,0.365982493,52029.580242662108503,91800360.021476507186890,5,2
32197.520000000000437,130.300000000000011,NM,1.30202E+11,Grapevine Canyon-Alamosa Creek,1.30202E+11,-0.094923713,-0.421719052,0.088274704,-0.601749157,-0.493037058,1.008576848607480,-1.30244985,-0.532006347,0.00467343,-1.368575203,-0.072882894,-0.366186732,0.072664363,0.520898952,0.054033918,0.164454261,0.295457115,0.663723864,-0.460042241,-0.891275174,-1.268182034,-1.008938787,0.339675715,0.01430827,0.657641374,0.730305737,0.365152868,0.657641374,0.072664363,76446.043305300685461,130373261.665093824267387,1,3
,,,,,,,,,,,,,,,,,,,,,,,,,,,,,,,,,0.152482849,0.113876314,,,,
