AREAACRES,AREASQKM,STATES,HUC12,NAME,TOHUC,dem_mean,PctCarbKarstH8,PctVolcKarstH8,PctUnconsH8,AquiRichH8,PctMarWetMeaH8,MeanSBDH8_rev,hydroSumW,hydroCompositeStd,PctChange_Bio13_MEAN_H8,PctChange_Bio19_MEAN_H8,MeanJunFloPctCh2040,MeanDifSWEH8,Diff_bio8_rev,Diff_bio9_rev,Diff_bio5_rev,MeanDifPNVH8_rev,MacroSumW,MacroCompositeStd,sum_CI,Ave_CI,Macrorefugia,Hydrorefugia,Shape_Length,Shape_Area,HydroQuant,MacroQuant
37238.169999999998254,150.700000000000017,"AZ,NM",1.504E+11,Moore Canyon-Gila Wash,1.504E+11,-1.226749657,-0.822981045,-0.518183152,1.170418403953600,-1.423259393,-0.760469343,-0.339643361,-0.636249425,0.087731403,1.585447113224920,-0.430482935,0.273731946,0.272768658,0.082843562,0.794455151,-0.561231912,-0.732499269,0.094207861,0.509414294,0.597145697,0.298572849,0.509414294,0.087731403,61331.170340215925535,142796208.797002434730530,1,3
39082.480000000003201,158.159999999999997,"AZ,NM",1.504E+11,Apache Creek,1.504E+11,-0.337656646,-0.822981045,-0.518183152,1.170418403953600,-1.423259393,-0.760469343,-0.339643361,-0.559476724,0.108137778,1.585447113224920,-0.430482935,0.245699123,0.272768658,0.082843562,0.794455151,-0.561231912,-0.732499269,0.092480706,0.50871966,0.616857438,0.308428719,0.50871966,0.108137778,50900.151857945980737,87781718.895773813128471,1,3
20933.770000000000437,84.719999999999999,"AZ,NM",1.504E+11,Trout Creek,1.504E+11,1.247845005464770,-0.83667115,-0.487162589,-0.332218396,-1.423259393,-0.156632284,0.436890678,-0.235605317,0.194223602,1.493802124713760,0.777947358,-0.188015375,1.522024547182060,0.583817434,1.235601736250050,0.350299819,1.274827080751500,0.879014258,0.825050757,1.019274358464570,0.509637179,0.825050757,0.194223602,49985.751475076380302,53314268.940560556948185,2,5
35768.230000000003201,144.750000000000000,"AZ,NM",1.504E+11,Stone Creek-San Francisco River,1.504E+11,0.789053073,-0.83667115,-0.487162589,-0.332218396,-1.423259393,-0.156632284,0.436890678,-0.275221753,0.183693455,1.493802124713760,0.777947358,0.086198838,1.522024547182060,0.583817434,1.235601736250050,0.350299819,1.274827080751500,0.895909111,0.831845594,1.015539048746030,0.507769524,0.831845594,0.183693455,59582.617502830842568,98792887.225224182009697,2,5
25046.959999999999127,101.359999999999999,"AZ,NM",1.504E+11,Dry Blue Creek,1.504E+11,0.70962764,-0.83667115,-0.487162589,-0.332218396,-1.423259393,-0.156632284,0.436890678,-0.282080096,0.18187049,1.493802124713760,0.777947358,0.144116686,1.522024547182060,0.583817434,1.235601736250050,0.350299819,1.274827080751500,0.899477539,0.833280758,1.015151247994030,0.507575624,0.833280758,0.18187049,45128.512807581784728,77901740.476261332631111,2,5
34221.160000000003492,138.490000000000009,"AZ,NM",1.504E+11,Campbell Blue Creek,1.504E+11,0.284393426,-0.83667115,-0.487162589,-0.332218396,-1.423259393,-0.156632284,0.436890678,-0.318798841,0.172110557,1.493802124713760,0.777947358,0.105787415,1.522024547182060,0.583817434,1.235601736250050,0.350299819,1.274827080751500,0.897116,0.832330985,1.004441541849630,0.502220771,0.832330985,0.172110557,9890.187791128764729,2611217.487498464062810,2,5
17311.420000000001892,70.060000000000002,"AZ,NM",1.504E+11,Centerfire Creek-Blue River,1.504E+11,0.870255591,-0.83667115,-0.487162589,-0.332218396,-1.423259393,-0.156632284,0.436890678,-0.268209959,0.185557207,1.493802124713760,0.777947358,0.111365114,1.522024547182060,0.583817434,1.235601736250050,0.350299819,1.274827080751500,0.897459653,0.832469197,1.018026403662040,0.509013202,0.832469197,0.185557207,22036.163459711919131,9989885.912608649581671,2,5
37761.129999999997381,152.810000000000002,"AZ,NM",1.504E+11,Steeple Canyon-Blue River,1.504E+11,0.80849104,-0.83667115,-0.487162589,-0.332218396,-1.423259393,-0.156632284,0.436890678,-0.273543295,0.184139593,1.493802124713760,0.777947358,0.104305521,1.522024547182060,0.583817434,1.235601736250050,0.350299819,1.274827080751500,0.897024698,0.832294265,1.016433858013880,0.508216929,0.832294265,0.184139593,43706.888446183183987,23010659.691667459905148,2,5
21552.560000000001310,87.219999999999999,"AZ,NM",1.504E+11,Upper Pueblo Creek,1.504E+11,0.46314669,-0.83667115,-0.487162589,-0.332218396,-1.423259393,-0.156632284,0.436890678,-0.303363593,0.176213284,1.493802124713760,0.777947358,0.124876478,1.522024547182060,0.583817434,1.235601736250050,0.350299819,1.274827080751500,0.898292113,0.832803999,1.009017282729850,0.504508641,0.832803999,0.176213284,53046.931932693085400,87404201.529554456472397,2,5
29506.279999999998836,119.409999999999997,"AZ,NM",1.504E+11,Lower Pueblo Creek,1.504E+11,-0.054226672,-0.83667115,-0.487162589,-0.332218396,-1.423259393,-0.156632284,0.436890678,-0.348038503,0.164338582,1.493802124713760,0.777947358,0.131794817,1.522024547182060,0.583817434,1.235601736250050,0.350299819,1.274827080751500,0.898718365,0.83297543,0.997314012,0.498657006,0.83297543,0.164338582,48841.386856205179356,113098777.534476444125175,2,5
24803.389999999999418,100.379999999999995,"AZ,NM",1.504E+11,Keller Canyon,1.504E+11,-0.439923461,-0.83667115,-0.487162589,-0.332218396,-1.423259393,-0.156632284,0.436890678,-0.381343213,0.155486108,1.493802124713760,0.777947358,0.189884337,1.522024547182060,0.583817434,1.235601736250050,0.350299819,1.274827080751500,0.90229737,0.834414848,0.989900956,0.494950478,0.834414848,0.155486108,42050.249695185731980,59216360.763252988457680,2,5
25882.000000000000000,104.740000000000009,"AZ,NM",1.504E+11,Vigil Canyon,1.504E+11,-0.237438014,-0.83667115,-0.487162589,-0.332218396,-1.423259393,-0.156632284,0.436890678,-0.363858704,0.160133533,1.493802124713760,0.777947358,0.262071353,1.522024547182060,0.583817434,1.235601736250050,0.350299819,1.274827080751500,0.906744947,0.836203592,0.996337126,0.498168563,0.836203592,0.160133533,46173.997275465015264,83404066.890352249145508,2,5
22810.490000000001601,92.310000000000002,"AZ,NM",1.504E+11,Wendy Flat-San Francisco River,1.504E+11,-0.587101164,-0.83667115,-0.487162589,-0.332218396,-1.423259393,-0.156632284,0.436890678,-0.394051928,0.152108099,1.493802124713760,0.777947358,0.17197698,1.522024547182060,0.583817434,1.235601736250050,0.350299819,1.274827080751500,0.901194064,0.833971116,0.986079216,0.493039608,0.833971116,0.152108099,67600.360756411420880,91774906.910876765847206,1,5
30089.909999999999854,121.769999999999996,"AZ,NM",1.504E+11,Big Pine Canyon-San Francisco River,1.504E+11,-0.488677544,-0.83667115,-0.487162589,-0.332218396,-1.423259393,-0.156632284,0.436890678,-0.385553102,0.154367109,1.493802124713760,0.777947358,0.191157394,1.522024547182060,0.583817434,1.235601736250050,0.350299819,1.274827080751500,0.902375805,0.834446394,0.988813502,0.494406751,0.834446394,0.154367109,57035.921063861991570,121684201.903151378035545,2,5
38949.309999999997672,157.620000000000005,"AZ,NM",1.504E+11,Post Office Canyon-San Simon Valley,1.504E+11,-1.028681512,-0.698463042,-0.490653823,1.415106827805590,-0.33287626,-0.883285478,-0.789897752,-0.601132103,0.097065675,1.252176516908420,-1.725597636,0.209865612,0.24718962,0.758154006,1.666818171624340,-0.724321311,-1.293168726,-0.045089019,0.453391337,0.550457012,0.275228506,0.453391337,0.097065675,59933.072074412048096,126391550.596921876072884,1,3
35166.700000000004366,142.310000000000002,"AZ,NM",1.504E+11,Sulphur Draw-San Simon River,1.504E+11,-1.166209905,-0.698463042,-0.490653823,1.415106827805590,-0.33287626,-0.883285478,-0.789897752,-0.613007605,0.093909137,1.252176516908420,-1.725597636,0.250648276,0.24718962,0.758154006,1.666818171624340,-0.724321311,-1.293168726,-0.042576323,0.454401903,0.54831104,0.27415552,0.454401903,0.093909137,35097.821116889586847,47451068.424517646431923,1,3
37038.720000000001164,149.890000000000015,"AZ,NM",1.504E+11,Long Canyon-San Simon River,1.504E+11,-1.216396596,-0.698463042,-0.490653823,1.415106827805590,-0.33287626,-0.883285478,-0.789897752,-0.617341199,0.092757257,1.252176516908420,-1.725597636,0.24313121,0.24718962,0.758154006,1.666818171624340,-0.724321311,-1.293168726,-0.043039463,0.454215636,0.546972893,0.273486446,0.454215636,0.092757257,48904.230742993626336,117584633.918711081147194,1,3
36807.430000000000291,148.950000000000017,"AZ,NM",1.504E+11,Round Valley-San Simon River,1.504E+11,-1.291020513,-0.698463042,-0.490653823,1.415106827805590,-0.33287626,-0.883285478,-0.789897752,-0.623784934,0.091044496,1.252176516908420,-1.725597636,0.208042202,0.24718962,0.758154006,1.666818171624340,-0.724321311,-1.293168726,-0.045201363,0.453346154,0.544390651,0.272195325,0.453346154,0.091044496,45742.015184183510428,77158456.783800363540649,1,3
26846.540000000000873,108.640000000000001,NM,1.30202E+11,Nogal Canyon-Rio Grande,1.30202E+11,-0.484471072,-0.595943799,0.278847897,1.497560025163700,0.757506873,-0.734675014,0.943877937,-0.03081574,0.24865718,0.722586558,-0.401451189,0.004865448,0.228700437,-0.762786739,-1.430443791,-1.247580887,-1.09357952,-0.552538202,0.249303468,0.497960648,0.248980324,0.249303468,0.24865718,91009.958079847012414,108672303.311300322413445,4,1
34247.139999999999418,138.590000000000003,NM,1.30202E+11,Cuervo Canyon-Rio Grande,1.30202E+11,-0.651619736,-0.595943799,0.278847897,1.497560025163700,0.757506873,-0.734675014,0.943877937,-0.045248937,0.2448208,0.722586558,-0.401451189,0.07930213,0.228700437,-0.762786739,-1.430443791,-1.247580887,-1.09357952,-0.547952018,0.251147957,0.495968757,0.247984379,0.251147957,0.2448208,73984.243302733622841,138628194.760945081710815,4,1
35811.930000000000291,144.930000000000007,NM,1.30202E+11,San Jose Arroyo-Rio Grande,1.30202E+11,-0.461068946,-0.595943799,0.278847897,1.497560025163700,0.757506873,-0.734675014,0.943877937,-0.02879498,0.249194303,0.722586558,-0.401451189,0.157868129,0.228700437,-0.762786739,-1.430443791,-1.247580887,-1.09357952,-0.54311142,0.253094768,0.502289071,0.251144535,0.253094768,0.249194303,85187.709247841587057,144967459.398396611213684,4,1
32613.200000000000728,131.979999999999990,NM,1.30202E+11,Big Pigeon Canyon-Alamosa Creek,1.30202E+11,0.947501126,-0.595943799,0.278847897,1.497560025163700,0.757506873,-0.734675014,0.943877937,0.092834286,0.281523664,0.722586558,-0.401451189,0.114232421,0.228700437,-0.762786739,-1.430443791,-1.247580887,-1.09357952,-0.545799898,0.252013505,0.533537169,0.266768585,0.252013505,0.281523664,93073.846015034680022,132062098.149938195943832,4,1
13172.120000000000800,53.310000000000002,NM,1.30202E+11,Post Canyon-Alamosa Creek,1.30202E+11,0.451047918,-0.595943799,0.278847897,1.497560025163700,0.757506873,-0.734675014,0.943877937,0.049965819,0.270129119,0.722586558,-0.401451189,0.166623933,0.228700437,-0.762786739,-1.430443791,-1.247580887,-1.09357952,-0.542571958,0.253311731,0.523440849,0.261720425,0.253311731,0.270129119,45181.447261760717083,53337211.110026694834232,4,1
32197.520000000000437,130.300000000000011,NM,1.30202E+11,Grapevine Canyon-Alamosa Creek,1.30202E+11,0.363189282,-0.595943799,0.278847897,1.497560025163700,0.757506873,-0.734675014,0.943877937,0.042379273,0.268112596,0.722586558,-0.401451189,0.215665853,0.228700437,-0.762786739,-1.430443791,-1.247580887,-1.09357952,-0.539550393,0.254526955,0.522639551,0.261319776,0.254526955,0.268112596,76446.043305300641805,130373261.665093824267387,4,1
33509.569999999999709,135.610000000000014,NM,1.30202E+11,San Mateo Canyon-Alamosa Creek,1.30202E+11,0.702666934,-0.595943799,0.278847897,1.497560025163700,0.757506873,-0.734675014,0.943877937,0.071692985,0.275904254,0.722586558,-0.401451189,0.212741727,0.228700437,-0.762786739,-1.430443791,-1.247580887,-1.09357952,-0.539730554,0.254454497,0.530358751,0.265179375,0.254454497,0.275904254,64755.007606890765601,135676501.574820607900620,4,1
28614.930000000000291,115.799999999999997,NM,1.30202E+11,Mitchell Canyon,1.30202E+11,-0.692353328,-0.595943799,0.278847897,1.497560025163700,0.757506873,-0.734675014,0.943877937,-0.048766261,0.243885887,0.722586558,-0.401451189,0.217049282,0.228700437,-0.762786739,-1.430443791,-1.247580887,-1.09357952,-0.539465157,0.254561236,0.498447122,0.249223561,0.254561236,0.243885887,75103.527204671889194,115839434.564203068614006,4,1
38369.540000000000873,155.280000000000001,NM,1.30202E+11,China Canyon-Rio Grande,1.30202E+11,-0.937688521,-0.595943799,0.278847897,1.497560025163700,0.757506873,-0.734675014,0.943877937,-0.069950823,0.238254978,0.722586558,-0.401451189,0.085620528,0.228700437,-0.762786739,-1.430443791,-1.247580887,-1.09357952,-0.54756273,0.251304523,0.4895595,0.24477975,0.251304523,0.238254978,103081.875880132938619,155309314.802453935146332,3,1
29431.779999999998836,119.109999999999999,NM,1.30202E+11,Cedar Canyon-Elephant Butte Reservoir,1.30202E+11,-1.002846078,-0.595943799,0.278847897,1.497560025163700,0.757506873,-0.734675014,0.943877937,-0.075577142,0.236759488,0.722586558,-0.401451189,0.154220945,0.228700437,-0.762786739,-1.430443791,-1.247580887,-1.09357952,-0.543336129,0.253004393,0.489763881,0.244881941,0.253004393,0.236759488,69627.549470995916636,119133134.143079504370689,3,1
32560.880000000001019,131.770000000000010,NM,1.30202E+11,Ash Canyon-Elephant Butte Reservoir,1.30301E+11,-1.055623934,-0.595943799,0.278847897,1.497560025163700,0.757506873,-0.734675014,0.943877937,-0.080134482,0.235548136,0.722586558,-0.401451189,0.111987994,0.228700437,-0.762786739,-1.430443791,-1.247580887,-1.09357952,-0.545938181,0.25195789,0.487506026,0.243753013,0.25195789,0.235548136,97130.523717256306554,131799309.723792850971222,3,1
35309.779999999998836,142.890000000000015,NM,1.30301E+11,Poverty Creek,1.30301E+11,0.525219438,-0.223814183,-0.44235305,0.640056159,0.757506873,-0.760472821,1.160281384254850,-0.147773447,0.217569531,0.772427109,-0.454189455,0.215275137,0.265715649,-0.753514056,-1.799935034,-1.835514037,-1.482725869,-0.711384076,0.185418222,0.402987753,0.201493877,0.185418222,0.217569531,86717.021873450285057,143006371.246244430541992,3,1
24139.639999999999418,97.689999999999998,NM,1.30301E+11,Chloride Creek,1.30301E+11,0.511896442,-0.223814183,-0.44235305,0.640056159,0.757506873,-0.760472821,1.160281384254850,-0.148923881,0.217263743,0.772427109,-0.454189455,0.220343878,0.265715649,-0.753514056,-1.799935034,-1.835514037,-1.482725869,-0.711071781,0.185543822,0.402807565,0.201403782,0.185543822,0.217263743,66124.436106745270081,97769181.777980059385300,3,1
20211.330000000001746,81.790000000000006,NM,1.30301E+11,South Fork Cuchillo Negro Creek,1.30301E+11,0.423088439,-0.223814183,-0.44235305,0.640056159,0.757506873,-0.760472821,1.160281384254850,-0.156592404,0.21522543,0.772427109,-0.454189455,0.249437516,0.265715649,-0.753514056,-1.799935034,-1.835514037,-1.482725869,-0.709279267,0.186264742,0.401490173,0.200745086,0.186264742,0.21522543,51555.330928037808917,81857581.613049000501633,3,1
19402.600000000002183,78.519999999999996,NM,1.30301E+11,Madera Canyon-Cuchillo Negro Creek,1.30301E+11,-0.215498185,-0.223814183,-0.44235305,0.640056159,0.757506873,-0.760472821,1.160281384254850,-0.211734014,0.200568654,0.772427109,-0.454189455,0.311338309,0.265715649,-0.753514056,-1.799935034,-1.835514037,-1.482725869,-0.705465443,0.187798601,0.388367254,0.194183627,0.187798601,0.200568654,47174.566531161195599,78567222.825734615325928,2,1
16678.560000000001310,67.500000000000000,NM,1.30301E+11,Hok Farm Canyon-Cuchillo Negro Creek,1.30301E+11,-0.555983292,-0.223814183,-0.44235305,0.640056159,0.757506873,-0.760472821,1.160281384254850,-0.241134719,0.192753873,0.772427109,-0.454189455,0.294299606,0.265715649,-0.753514056,-1.799935034,-1.835514037,-1.482725869,-0.70651523,0.187376393,0.380130267,0.190065133,0.187376393,0.192753873,55477.491632556935656,67529743.965383633971214,2,1
27914.740000000001601,112.969999999999999,NM,1.30301E+11,Yaple Canyon-Cuchillo Negro Creek,1.30301E+11,-0.969776067,-0.223814183,-0.44235305,0.640056159,0.757506873,-0.760472821,1.160281384254850,-0.276865502,0.183256542,0.772427109,-0.454189455,0.191094575,0.265715649,-0.753514056,-1.799935034,-1.835514037,-1.482725869,-0.712873885,0.184819045,0.368075587,0.184037794,0.184819045,0.183256542,62880.505132026140927,113004636.557950109243393,2,1
11472.270000000000437,46.430000000000000,NM,1.30301E+11,Mud Spring Canyon,1.30301E+11,0.774793752,-0.223814183,-0.44235305,0.640056159,0.757506873,-0.760472821,1.160281384254850,-0.12622284,0.223297736,0.772427109,-0.454189455,0.361562551,0.265715649,-0.753514056,-1.799935034,-1.835514037,-1.482725869,-0.702371033,0.189043122,0.412340858,0.206170429,0.189043122,0.223297736,39670.992966089557740,46468086.059696651995182,3,1
11765.819999999999709,47.609999999999999,NM,1.30301E+11,Circle Seven Creek,1.30301E+11,0.61758441,-0.223814183,-0.44235305,0.640056159,0.757506873,-0.760472821,1.160281384254850,-0.139797782,0.219689483,0.772427109,-0.454189455,0.346643043,0.265715649,-0.753514056,-1.799935034,-1.835514037,-1.482725869,-0.703290252,0.188673427,0.40836291,0.204181455,0.188673427,0.219689483,47629.950016611808678,47654659.792854078114033,3,1
27788.540000000000873,112.460000000000008,NM,1.30301E+11,North Fork Palomas Creek,1.30301E+11,0.203156686,-0.223814183,-0.44235305,0.640056159,0.757506873,-0.760472821,1.160281384254850,-0.175583392,0.210177579,0.772427109,-0.454189455,0.244328933,0.265715649,-0.753514056,-1.799935034,-1.835514037,-1.482725869,-0.709594017,0.186138155,0.396315734,0.198157867,0.186138155,0.210177579,80753.403680738832918,112540896.980142056941986,3,1
34037.980000000003201,137.750000000000000,NM,1.30301E+11,South Fork Palomas Creek,1.30301E+11,0.202554356,-0.223814183,-0.44235305,0.640056159,0.757506873,-0.760472821,1.160281384254850,-0.175635403,0.210163754,0.772427109,-0.454189455,0.305503673,0.265715649,-0.753514056,-1.799935034,-1.835514037,-1.482725869,-0.705824926,0.187654022,0.397817776,0.198908888,0.187654022,0.210163754,94558.291616796836024,137854546.265085518360138,3,1
20859.619999999998981,84.420000000000002,NM,1.30301E+11,Salado Creek,1.30301E+11,-0.316792498,-0.223814183,-0.44235305,0.640056159,0.757506873,-0.760472821,1.160281384254850,-0.220480723,0.198243757,0.772427109,-0.454189455,0.293871854,0.265715649,-0.753514056,-1.799935034,-1.835514037,-1.482725869,-0.706541584,0.187365794,0.385609551,0.192804775,0.187365794,0.198243757,67650.681589739600895,84466674.769615024328232,2,1
30585.790000000000873,123.780000000000001,NM,1.30301E+11,Indian Creek-Palomas Creek,1.30301E+11,-0.534322828,-0.223814183,-0.44235305,0.640056159,0.757506873,-0.760472821,1.160281384254850,-0.23926435,0.193251022,0.772427109,-0.454189455,0.293267847,0.265715649,-0.753514056,-1.799935034,-1.835514037,-1.482725869,-0.706578798,0.187350827,0.380601849,0.190300925,0.187350827,0.193251022,57001.450605955069477,123843215.249080911278725,2,1
15794.460000000000946,63.920000000000002,NM,1.30301E+11,Canon del Molino Viejo-Palomas Creek,1.30301E+11,-0.992884943,-0.223814183,-0.44235305,0.640056159,0.757506873,-0.760472821,1.160281384254850,-0.278860941,0.18272615,0.772427109,-0.454189455,0.239681491,0.265715649,-0.753514056,-1.799935034,-1.835514037,-1.482725869,-0.709880354,0.186022995,0.368749144,0.184374572,0.186022995,0.18272615,57061.795940526848426,63944520.244728669524193,2,1
24550.990000000001601,99.350000000000009,NM,1.30301E+11,Mims Lake-Rio Grande,1.30301E+11,-1.154291747,-0.223814183,-0.44235305,0.640056159,0.757506873,-0.760472821,1.160281384254850,-0.292798331,0.179021557,0.772427109,-0.454189455,-0.164593568,0.265715649,-0.753514056,-1.799935034,-1.835514037,-1.482725869,-0.734788501,0.17600534,0.355026897,0.177513449,0.17600534,0.179021557,74751.067618263143231,99383677.616942644119263,2,1
24253.279999999998836,98.150000000000006,NM,1.30301E+11,South Percha Creek-Percha Creek,1.30301E+11,0.169897935,-0.223814183,-0.44235305,0.640056159,0.757506873,-0.760472821,1.160281384254850,-0.178455267,0.209414227,0.772427109,-0.454189455,0.347844918,0.265715649,-0.753514056,-1.799935034,-1.835514037,-1.482725869,-0.703216202,0.188703209,0.398117436,0.199058718,0.188703209,0.209414227,57924.772386559037841,98224266.143371716141701,3,1
22159.600000000002183,89.680000000000007,NM,1.30301E+11,North Percha Creek,1.30301E+11,0.287131091,-0.223814183,-0.44235305,0.640056159,0.757506873,-0.760472821,1.160281384254850,-0.168332248,0.212104951,0.772427109,-0.454189455,0.32114272,0.265715649,-0.753514056,-1.799935034,-1.835514037,-1.482725869,-0.704861375,0.188041547,0.400146498,0.200073249,0.188041547,0.212104951,63733.116506439182558,89745036.257450118660927,3,1
30836.040000000000873,124.790000000000006,NM,1.30301E+11,Outlet Percha Creek,1.30301E+11,-0.791039338,-0.223814183,-0.44235305,0.640056159,0.757506873,-0.760472821,1.160281384254850,-0.261431682,0.18735889,0.772427109,-0.454189455,0.357269117,0.265715649,-0.753514056,-1.799935034,-1.835514037,-1.482725869,-0.70263556,0.188936734,0.376295624,0.188147812,0.188936734,0.18735889,83550.026815253440873,124854424.521306633949280,2,1
18437.860000000000582,74.620000000000005,NM,1.30301E+11,North Seco Canyon,1.30301E+11,0.678044703,-0.223814183,-0.44235305,0.640056159,0.757506873,-0.760472821,1.160281384254850,-0.134577068,0.221077161,0.772427109,-0.454189455,0.276695598,0.265715649,-0.753514056,-1.799935034,-1.835514037,-1.482725869,-0.707599846,0.186940178,0.40801734,0.20400867,0.186940178,0.221077161,57563.547237605387636,74677909.845277965068817,3,1
37048.059999999997672,149.930000000000007,NM,1.30301E+11,Seco Creek,1.30301E+11,-0.305368327,-0.223814183,-0.44235305,0.640056159,0.757506873,-0.760472821,1.160281384254850,-0.219494252,0.198505963,0.772427109,-0.454189455,0.300795926,0.265715649,-0.753514056,-1.799935034,-1.835514037,-1.482725869,-0.706114979,0.187537368,0.386043331,0.193021665,0.187537368,0.198505963,120608.303410036751302,150019805.396152168512344,2,1
15684.960000000000946,63.469999999999999,NM,1.30301E+11,Holden Prong,1.30301E+11,1.267285298185400,-0.223814183,-0.44235305,0.640056159,0.757506873,-0.760472821,1.160281384254850,-0.083696461,0.234601353,0.772427109,-0.454189455,0.224285104,0.265715649,-0.753514056,-1.799935034,-1.835514037,-1.482725869,-0.710828955,0.185641483,0.420242836,0.210121418,0.185641483,0.234601353,39628.998125392230577,63532226.751170553267002,3,1
16675.470000000001164,67.480000000000004,NM,1.30301E+11,Cave Creek,1.30301E+11,0.053175177,-0.223814183,-0.44235305,0.640056159,0.757506873,-0.760472821,1.160281384254850,-0.188534214,0.206735218,0.772427109,-0.454189455,0.313522327,0.265715649,-0.753514056,-1.799935034,-1.835514037,-1.482725869,-0.705330882,0.187852719,0.394587937,0.197293969,0.187852719,0.206735218,46670.097261848910421,67531760.367715537548065,3,1
24292.150000000001455,98.310000000000002,NM,1.30301E+11,Headwaters Las Animas Creek,1.30301E+11,0.372270052,-0.223814183,-0.44235305,0.640056159,0.757506873,-0.760472821,1.160281384254850,-0.160980544,0.214059052,0.772427109,-0.454189455,0.269760125,0.265715649,-0.753514056,-1.799935034,-1.835514037,-1.482725869,-0.708027153,0.186768322,0.400827374,0.200413687,0.186768322,0.214059052,66497.524101803530357,98384270.881008923053741,3,1
15465.989999999999782,62.590000000000003,NM,1.30301E+11,Outlet Las Animas Creek,1.30301E+11,-0.870852436,-0.223814183,-0.44235305,0.640056159,0.757506873,-0.760472821,1.160281384254850,-0.2683235,0.185527028,0.772427109,-0.454189455,0.290311098,0.265715649,-0.753514056,-1.799935034,-1.835514037,-1.482725869,-0.706760969,0.187277561,0.372804589,0.186402294,0.187277561,0.185527028,66986.829519640305080,62619251.362897068262100,2,1
28753.600000000002183,116.359999999999999,NM,1.30301E+11,Ash Canyon-Caballo Reservoir,1.30301E+11,-0.977444307,-0.223814183,-0.44235305,0.640056159,0.757506873,-0.760472821,1.160281384254850,-0.27752765,0.183080542,0.772427109,-0.454189455,0.05972282,0.265715649,-0.753514056,-1.799935034,-1.835514037,-1.482725869,-0.720967946,0.181563744,0.364644286,0.182322143,0.181563744,0.183080542,93992.859847682440886,116400479.734192565083504,2,1
21327.770000000000437,86.310000000000002,NM,1.30301E+11,Percha Creek-Caballo Reservoir,1.30301E+11,-0.989108113,-0.223814183,-0.44235305,0.640056159,0.757506873,-0.760472821,1.160281384254850,-0.278534814,0.182812835,0.772427109,-0.454189455,0.128678924,0.265715649,-0.753514056,-1.799935034,-1.835514037,-1.482725869,-0.716719431,0.183272428,0.366085264,0.183042632,0.183272428,0.182812835,65358.185803068416135,86338188.339586213231087,2,1
35436.309999999997672,143.409999999999997,NM,1.30301E+11,Johnson Well-Jornada Draw,1.30301E+11,-0.816043227,-0.2255714,-0.518183152,2.608153091992780,-0.33287626,-0.883285478,-0.212351462,-0.422164624,0.144635675,-0.32255107,-1.20383662,0.263110086,0.26701888,-0.969527628,-2.380758942,-1.482579391,-1.596049678,-1.032156844,0.056408593,0.201044268,0.100522134,0.056408593,0.144635675,81758.897730070122634,143398804.668813377618790,1,1
16370.970000000001164,66.250000000000000,NM,1.30301E+11,Cox Tank-Jornada Draw,1.30301E+11,-0.793999507,-0.2255714,-0.518183152,2.608153091992780,-0.33287626,-0.883285478,-0.212351462,-0.42026116,0.14514162,-0.32255107,-1.20383662,0.334044693,0.26701888,-0.969527628,-2.380758942,-1.482579391,-1.596049678,-1.02778643,0.058166303,0.203307924,0.101653962,0.058166303,0.14514162,71192.209683265580679,66245837.899263843894005,1,1
26408.420000000001892,106.870000000000005,NM,1.305E+11,Mound Springs,1.305E+11,-1.185921296,0.827622933,-0.102945038,1.470057714406400,0.757506873,-0.871935342,1.289342453390620,-0.055003744,0.242227948,0.025583788,-0.99651939,0.26298807,0.384232296,-0.81882567,-1.344452487,-1.393338268,-0.775844859,-0.692031537,0.193201501,0.435429449,0.217714725,0.193201501,0.242227948,85203.756538149100379,106822424.924623370170593,3,1
42304.980000000003201,171.200000000000017,NM,1.305E+11,Sly Canyon-Salt Creek,1.305E+11,-1.093572687,0.827622933,-0.102945038,1.470057714406400,0.757506873,-0.871935342,1.289342453390620,-0.047029492,0.244347525,0.025583788,-0.99651939,0.220479217,0.384232296,-0.81882567,-1.344452487,-1.393338268,-0.775844859,-0.694650588,0.192148161,0.436495685,0.218247843,0.192148161,0.244347525,110676.706187327610678,171136258.610223323106766,4,1
17661.389999999999418,71.469999999999999,NM,1.305E+11,Salina de San Andres-Salt Creek,1.305E+11,-1.33056995,0.827622933,-0.102945038,1.470057714406400,0.757506873,-0.871935342,1.289342453390620,-0.067494077,0.238907987,0.025583788,-0.99651939,0.366402599,0.384232296,-0.81882567,-1.344452487,-1.393338268,-0.775844859,-0.685659974,0.195764041,0.434672027,0.217336014,0.195764041,0.238907987,65483.979342895123409,71443418.499895736575127,3,1
10561.250000000000000,42.740000000000002,NM,1.305E+11,Sweetwater Creek,1.305E+11,-0.66733542,0.827622933,-0.102945038,1.470057714406400,0.757506873,-0.871935342,1.289342453390620,-0.010224134,0.25413048,0.025583788,-0.99651939,0.487053003,0.384232296,-0.81882567,-1.344452487,-1.393338268,-0.775844859,-0.678226476,0.198753674,0.452884154,0.226442077,0.198753674,0.25413048,37762.885533852895605,42726676.797812938690186,4,1
36460.669999999998254,147.550000000000011,NM,1.502E+11,Upper Mangas Creek,1.502E+11,1.050912771661610,-0.707057553,0.576144559,-0.814895908,-0.33287626,-0.596127561,-0.711666723,-0.121425943,0.224572763,0.949729618,0.833328738,0.508106269,0.605297687,0.617299085,1.167494441491150,1.919748594764440,-0.001495233,0.819074162,0.800943817,1.025516580468780,0.51275829,0.800943817,0.224572763,67939.732834193739109,147774274.389633893966675,3,5
33640.080000000001746,136.140000000000015,NM,1.502E+11,Middle Mangas Creek,1.502E+11,0.804630481,-0.707057553,0.576144559,-0.814895908,-0.33287626,-0.596127561,-0.711666723,-0.142692286,0.218920116,0.949729618,0.833328738,0.509067352,0.605297687,0.617299085,1.167494441491150,1.919748594764440,-0.001495233,0.819133376,0.800967632,1.019887748718090,0.509943874,0.800967632,0.218920116,56981.596473925186729,136340721.827235370874405,3,5
17745.950000000000728,71.820000000000007,NM,1.502E+11,Escondido Creek,1.502E+11,0.733249542,-0.707057553,0.576144559,-0.814895908,-0.33287626,-0.596127561,-0.711666723,-0.148855991,0.217281788,0.949729618,0.833328738,0.523886381,0.605297687,0.617299085,1.167494441491150,1.919748594764440,-0.001495233,0.820046404,0.801334838,1.018616625709270,0.509308313,0.801334838,0.217281788,39756.924828980714665,71936123.817574456334114,3,5
26736.159999999999854,108.200000000000003,NM,1.502E+11,Sawmill Canyon-Largo Creek,1.502E+11,1.156595515746990,-0.707057553,0.576144559,-0.814895908,-0.33287626,-0.596127561,-0.711666723,-0.112300295,0.226998383,0.949729618,0.833328738,0.452191212,0.605297687,0.617299085,1.167494441491150,1.919748594764440,-0.001495233,0.81562913,0.799558281,1.026556664155000,0.513278332,0.799558281,0.226998383,74007.753086396929575,108388186.161133065819740,3,5
20410.319999999999709,82.600000000000009,NM,1.502E+11,Paradise Canyon-Largo Creek,1.502E+11,0.825249463,-0.707057553,0.576144559,-0.814895908,-0.33287626,-0.596127561,-0.711666723,-0.140911848,0.219393361,0.949729618,0.833328738,0.502527208,0.605297687,0.617299085,1.167494441491150,1.919748594764440,-0.001495233,0.818730425,0.800805572,1.020198933328580,0.510099467,0.800805572,0.219393361,53144.397574709895707,82748614.061200305819511,3,5
30965.819999999999709,125.310000000000002,NM,1.502E+11,Harris Creek-Agua Fria Creek,1.502E+11,0.907561167,-0.707057553,0.576144559,-0.814895908,-0.33287626,-0.596127561,-0.711666723,-0.133804277,0.221282571,0.949729618,0.833328738,0.401323203,0.605297687,0.617299085,1.167494441491150,1.919748594764440,-0.001495233,0.812495056,0.798297807,1.019580378661130,0.509790189,0.798297807,0.221282571,67253.305736046633683,125554518.441856801509857,3,5
16664.290000000000873,67.439999999999998,NM,1.502E+11,Demetrio Creek,1.502E+11,0.883682426,-0.707057553,0.576144559,-0.814895908,-0.33287626,-0.596127561,-0.711666723,-0.135866193,0.220734509,0.949729618,0.833328738,0.29640812,0.605297687,0.617299085,1.167494441491150,1.919748594764440,-0.001495233,0.806031041,0.795698085,1.016432593491540,0.508216297,0.795698085,0.220734509,45856.026488079573028,67575615.496198460459709,3,5
25398.380000000001019,102.780000000000001,NM,1.502E+11,Gatlin Lake,1.502E+11,0.87535551,-0.707057553,0.576144559,-0.814895908,-0.33287626,-0.596127561,-0.711666723,-0.136585218,0.22054339,0.949729618,0.833328738,0.380242549,0.605297687,0.617299085,1.167494441491150,1.919748594764440,-0.001495233,0.811196238,0.797775444,1.018318833685830,0.509159417,0.797775444,0.22054339,51140.840358968540386,103009993.684279084205627,3,5
23431.069999999999709,94.820000000000007,NM,1.305E+11,Lee Canyon Spring-Salt Creek,1.305E+11,-0.942085513,0.827622933,-0.102945038,1.470057714406400,0.757506873,-0.871935342,1.289342453390620,-0.033948656,0.247824443,0.025583788,-0.99651939,0.242929814,0.384232296,-0.81882567,-1.344452487,-1.393338268,-0.775844859,-0.693267364,0.192704471,0.440528914,0.220264457,0.192704471,0.247824443,66838.731805397881544,94789780.520186379551888,4,1
31269.959999999999127,126.549999999999997,NM,1.502E+11,Cow Springs Draw,1.502E+11,0.989019798,-0.707057553,0.576144559,-0.814895908,-0.33287626,-0.596127561,-0.711666723,-0.126770368,0.223152202,0.949729618,0.833328738,-0.029412103,0.605297687,0.617299085,1.167494441491150,1.919748594764440,-0.001495233,0.785956644,0.787624487,1.010776688206670,0.505388344,0.787624487,0.223152202,73947.342377244553063,126857497.508621528744698,3,5
30787.299999999999272,124.590000000000003,NM,1.504E+11,Upper Corduroy Draw,1.504E+11,0.839072682,-0.835871897,-0.518183152,-0.760623984,-1.423259393,-0.126945551,0.995687596,-0.238258379,0.193518412,1.998517833206730,0.394264423,0.293867747,0.846628725,-0.059213335,-0.010460947,-0.935448987,1.391583882777660,0.509587336,0.676473213,0.869991624,0.434995812,0.676473213,0.193518412,65687.036081757774809,124706147.639881014823914,2,4
24612.510000000002037,99.600000000000009,NM,1.504E+11,South Water Canyon,1.504E+11,0.761815077,-0.835871897,-0.518183152,-0.760623984,-1.423259393,-0.126945551,0.995687596,-0.244929531,0.191745203,1.998517833206730,0.394264423,0.343264804,0.846628725,-0.059213335,-0.010460947,-0.935448987,1.391583882777660,0.512630782,0.677697237,0.86944244,0.43472122,0.677697237,0.191745203,48366.486375455773668,99701571.590814113616943,2,4
31221.540000000000873,126.350000000000009,NM,1.504E+11,Corduroy Canyon,1.504E+11,0.658996291,-0.835871897,-0.518183152,-0.760623984,-1.423259393,-0.126945551,0.995687596,-0.253807878,0.189385316,1.998517833206730,0.394264423,0.354750732,0.846628725,-0.059213335,-0.010460947,-0.935448987,1.391583882777660,0.513338451,0.67798185,0.867367167,0.433683583,0.67798185,0.189385316,67012.190561193885515,126490656.159234583377838,2,4
13047.139999999999418,52.800000000000004,NM,1.305E+11,Rock Springs Canyon,1.305E+11,-0.654697069,0.827622933,-0.102945038,1.470057714406400,0.757506873,-0.871935342,1.289342453390620,-0.009132819,0.254420554,0.025583788,-0.99651939,0.075792862,0.384232296,-0.81882567,-1.344452487,-1.393338268,-0.775844859,-0.703564986,0.188562934,0.442983488,0.221491744,0.188562934,0.254420554,38832.905337632437295,52784132.602959364652634,4,1
32675.720000000001164,132.229999999999990,NM,1.504E+11,Coyote Canyon,1.504E+11,0.87220013,-0.835871897,-0.518183152,-0.760623984,-1.423259393,-0.126945551,0.995687596,-0.235397842,0.194278749,1.998517833206730,0.394264423,0.37683764,0.846628725,-0.059213335,-0.010460947,-0.935448987,1.391583882777660,0.514699267,0.678529149,0.872807898,0.436403949,0.678529149,0.194278749,68923.079756960214581,132416247.676054045557976,2,4
39458.580000000001746,159.680000000000007,NM,1.504E+11,O Bar O Canyon,1.504E+11,0.808208854,-0.835871897,-0.518183152,-0.760623984,-1.423259393,-0.126945551,0.995687596,-0.240923454,0.192810028,1.998517833206730,0.394264423,0.384892326,0.846628725,-0.059213335,-0.010460947,-0.935448987,1.391583882777660,0.515195531,0.678728738,0.871538766,0.435769383,0.678728738,0.192810028,85299.836428851907840,159920881.722761839628220,2,5
22024.369999999998981,89.129999999999995,NM,1.504E+11,Houghton Canyon,1.504E+11,0.902838901,-0.835871897,-0.518183152,-0.760623984,-1.423259393,-0.126945551,0.995687596,-0.2327522,0.194981967,1.998517833206730,0.394264423,0.249695613,0.846628725,-0.059213335,-0.010460947,-0.935448987,1.391583882777660,0.506865808,0.675378658,0.870360625,0.435180313,0.675378658,0.194981967,55093.346385673139594,89256421.585947424173355,2,4
38263.770000000004075,154.849999999999994,NM,1.504E+11,Mule Canyon-Beaver Creek,1.504E+11,0.594968135,-0.835871897,-0.518183152,-0.760623984,-1.423259393,-0.126945551,0.995687596,-0.259336675,0.187915748,1.998517833206730,0.394264423,0.364869352,0.846628725,-0.059213335,-0.010460947,-0.935448987,1.391583882777660,0.513961878,0.678232583,0.866148331,0.433074165,0.678232583,0.187915748,76212.119451200531330,155038168.455185413360596,2,4
26989.049999999999272,109.219999999999999,NM,1.504E+11,Hoyt Creek,1.504E+11,0.787318494,-0.835871897,-0.518183152,-0.760623984,-1.423259393,-0.126945551,0.995687596,-0.242727325,0.192330555,1.998517833206730,0.394264423,0.270533641,0.846628725,-0.059213335,-0.010460947,-0.935448987,1.391583882777660,0.508149678,0.67589501,0.868225564,0.434112782,0.67589501,0.192330555,75627.269048515066970,109334080.472601085901260,2,4
37952.910000000003492,153.590000000000003,NM,1.504E+11,Taylor Creek,1.504E+11,0.712043793,-0.835871897,-0.518183152,-0.760623984,-1.423259393,-0.126945551,0.995687596,-0.249227255,0.190602857,1.998517833206730,0.394264423,0.333895633,0.846628725,-0.059213335,-0.010460947,-0.935448987,1.391583882777660,0.512053529,0.677465076,0.868067933,0.434033966,0.677465076,0.190602857,84322.676496723826858,153755986.609281420707703,2,4
26631.310000000001310,107.769999999999996,NM,1.504E+11,Indian Creek-Beaver Creek,1.504E+11,0.616111483,-0.835871897,-0.518183152,-0.760623984,-1.423259393,-0.126945551,0.995687596,-0.257510958,0.188401028,1.998517833206730,0.394264423,0.33932793,0.846628725,-0.059213335,-0.010460947,-0.935448987,1.391583882777660,0.512388223,0.677599684,0.866000712,0.433000356,0.677599684,0.188401028,68765.599768534142640,107909918.980794966220856,2,4
20884.150000000001455,84.519999999999996,NM,1.504E+11,Headwaters Diamond Creek,1.504E+11,1.101112661326130,-0.835871897,-0.518183152,-0.760623984,-1.423259393,-0.126945551,0.995687596,-0.215631368,0.199532727,1.998517833206730,0.394264423,0.292910085,0.846628725,-0.059213335,-0.010460947,-0.935448987,1.391583882777660,0.509528333,0.676449482,0.875982209,0.437991105,0.676449482,0.199532727,50298.974919005944685,84600284.897501155734062,2,4
25574.709999999999127,103.500000000000000,NM,1.504E+11,South Diamond Creek,1.504E+11,0.897482563,-0.835871897,-0.518183152,-0.760623984,-1.423259393,-0.126945551,0.995687596,-0.233214717,0.194859029,1.998517833206730,0.394264423,0.358442163,0.846628725,-0.059213335,-0.010460947,-0.935448987,1.391583882777660,0.513565887,0.678073322,0.872932351,0.436466175,0.678073322,0.194859029,62282.392590084695257,103609237.350586339831352,2,4
24858.279999999998836,100.600000000000009,NM,1.504E+11,Outlet Diamond Creek,1.504E+11,0.401855799,-0.835871897,-0.518183152,-0.760623984,-1.423259393,-0.126945551,0.995687596,-0.276011821,0.183483453,1.998517833206730,0.394264423,0.325847535,0.846628725,-0.059213335,-0.010460947,-0.935448987,1.391583882777660,0.511557671,0.677265649,0.860749102,0.430374551,0.677265649,0.183483453,93673.122566081248806,100716310.001206040382385,2,4
30838.139999999999418,124.799999999999997,NM,1.504E+11,Burnt Corral Canyon-East Fork Gila River,1.504E+11,0.365217617,-0.835871897,-0.518183152,-0.760623984,-1.423259393,-0.126945551,0.995687596,-0.279175508,0.182642537,1.998517833206730,0.394264423,0.260239591,0.846628725,-0.059213335,-0.010460947,-0.935448987,1.391583882777660,0.507515442,0.67563993,0.858282467,0.429141234,0.67563993,0.182642537,52891.659705642385234,124964743.859096243977547,2,4
26558.400000000001455,107.480000000000004,NM,1.504E+11,T Bar Canyon,1.504E+11,1.113714839947520,-0.835871897,-0.518183152,-0.760623984,-1.423259393,-0.126945551,0.995687596,-0.214543177,0.199821971,1.998517833206730,0.394264423,-0.055937968,0.846628725,-0.059213335,-0.010460947,-0.935448987,1.391583882777660,0.488035148,0.667805271,0.867627242,0.433813621,0.667805271,0.199821971,44691.306938098314276,107662491.207991242408752,2,4
25227.389999999999418,102.090000000000003,NM,1.504E+11,Gilita Creek,1.504E+11,1.447813861333300,-0.835871897,-0.518183152,-0.760623984,-1.423259393,-0.126945551,0.995687596,-0.185693907,0.207490179,1.998517833206730,0.394264423,-1.258967968,0.846628725,-0.059213335,-0.010460947,-0.935448987,1.391583882777660,0.413914208,0.637995025,0.845485204,0.422742602,0.637995025,0.207490179,65746.156993987358874,102293663.642111703753471,3,4
31337.750000000000000,126.820000000000007,NM,1.504E+11,Snow Canyon,1.504E+11,1.036014052848330,-0.835871897,-0.518183152,-0.760623984,-1.423259393,-0.126945551,0.995687596,-0.221252598,0.19803859,1.998517833206730,0.394264423,-0.178558943,0.846628725,-0.059213335,-0.010460947,-0.935448987,1.391583882777660,0.480480239,0.664766808,0.862805399,0.431402699,0.664766808,0.19803859,62945.403766317474947,127052835.654898539185524,2,4
29967.450000000000728,121.269999999999996,NM,1.504E+11,Canyon Creek,1.504E+11,0.943147972,-0.835871897,-0.518183152,-0.760623984,-1.423259393,-0.126945551,0.995687596,-0.229271534,0.195907137,1.998517833206730,0.394264423,0.173690058,0.846628725,-0.059213335,-0.010460947,-0.935448987,1.391583882777660,0.502182963,0.673495293,0.86940243,0.434701215,0.673495293,0.195907137,64699.152801166608697,121470961.649127110838890,2,4
32430.549999999999272,131.240000000000009,NM,1.504E+11,Clayton Creek-Middle Fork Gila River,1.504E+11,1.003637921442120,-0.835871897,-0.518183152,-0.760623984,-1.423259393,-0.126945551,0.995687596,-0.224048259,0.197295497,1.998517833206730,0.394264423,-0.683358531,0.846628725,-0.059213335,-0.010460947,-0.935448987,1.391583882777660,0.449378588,0.652258226,0.849553723,0.424776861,0.652258226,0.197295497,73043.114615164362476,131479616.929644063115120,2,4
21855.090000000000146,88.439999999999998,NM,1.504E+11,Indian Creek Canyon,1.504E+11,0.941451594,-0.835871897,-0.518183152,-0.760623984,-1.423259393,-0.126945551,0.995687596,-0.229418015,0.195868202,1.998517833206730,0.394264423,0.208960127,0.846628725,-0.059213335,-0.010460947,-0.935448987,1.391583882777660,0.504356018,0.674369261,0.870237463,0.435118731,0.674369261,0.195868202,52259.321053494139051,88578358.203185230493546,2,4
21393.529999999998836,86.579999999999998,NM,1.504E+11,Clear Creek-Middle Fork Gila River,1.504E+11,0.627349601,-0.835871897,-0.518183152,-0.760623984,-1.423259393,-0.126945551,0.995687596,-0.256540553,0.188658964,1.998517833206730,0.394264423,0.092330647,0.846628725,-0.059213335,-0.010460947,-0.935448987,1.391583882777660,0.497170256,0.671479264,0.860138228,0.430069114,0.671479264,0.188658964,51226.426701309428609,86719844.951338574290276,2,4
29939.450000000000728,121.159999999999997,NM,1.504E+11,Big Bear Canyon-Middle Fork Gila River,1.504E+11,0.45919422,-0.835871897,-0.518183152,-0.760623984,-1.423259393,-0.126945551,0.995687596,-0.271060679,0.184799479,1.998517833206730,0.394264423,0.124039802,0.846628725,-0.059213335,-0.010460947,-0.935448987,1.391583882777660,0.499123917,0.672264994,0.857064473,0.428532237,0.672264994,0.184799479,73660.805290578355198,121340377.370056301355362,2,4
13953.540000000000873,56.469999999999999,NM,1.504E+11,White Creek,1.504E+11,1.161336534489720,-0.835871897,-0.518183152,-0.760623984,-1.423259393,-0.126945551,0.995687596,-0.210431069,0.20091498,1.998517833206730,0.394264423,-0.915215887,0.846628725,-0.059213335,-0.010460947,-0.935448987,1.391583882777660,0.43509342,0.646512962,0.847427942,0.423713971,0.646512962,0.20091498,42252.486072380204860,56572380.763372287154198,2,4
23171.680000000000291,93.769999999999996,NM,1.504E+11,Headwaters West Fork Gila River,1.504E+11,1.259792967787670,-0.835871897,-0.518183152,-0.760623984,-1.423259393,-0.126945551,0.995687596,-0.20192941,0.203174742,1.998517833206730,0.394264423,-1.528025342,0.846628725,-0.059213335,-0.010460947,-0.935448987,1.391583882777660,0.397337078,0.631327971,0.834502713,0.417251356,0.631327971,0.203174742,46262.316537873295601,93947603.194923177361488,3,4
26769.959999999999127,108.329999999999998,NM,1.504E+11,Little Creek,1.504E+11,0.495520369,-0.835871897,-0.518183152,-0.760623984,-1.423259393,-0.126945551,0.995687596,-0.267923936,0.185633233,1.998517833206730,0.394264423,0.328147132,0.846628725,-0.059213335,-0.010460947,-0.935448987,1.391583882777660,0.511699353,0.677322632,0.862955865,0.431477932,0.677322632,0.185633233,60342.918987908728013,108503911.526228487491608,2,4
39985.709999999999127,161.819999999999993,NM,1.504E+11,Outlet West Fork Gila River,1.504E+11,0.348318159,-0.835871897,-0.518183152,-0.760623984,-1.423259393,-0.126945551,0.995687596,-0.280634767,0.182254662,1.998517833206730,0.394264423,-0.13392223,0.846628725,-0.059213335,-0.010460947,-0.935448987,1.391583882777660,0.483230391,0.665872875,0.848127537,0.424063769,0.665872875,0.182254662,99085.501432499004295,162075895.748660445213318,2,4
21611.180000000000291,87.460000000000008,NM,1.504E+11,Headwaters Black Canyon,1.504E+11,1.300577808948950,-0.835871897,-0.518183152,-0.760623984,-1.423259393,-0.126945551,0.995687596,-0.198407661,0.204110831,1.998517833206730,0.394264423,0.322978272,0.846628725,-0.059213335,-0.010460947,-0.935448987,1.391583882777660,0.51138089,0.677194551,0.881305382,0.440652691,0.677194551,0.204110831,48545.185886101018696,87546729.643814250826836,3,4
15152.010000000000218,61.320000000000000,NM,1.504E+11,Apache Creek,1.504E+11,0.516268533,-0.835871897,-0.518183152,-0.760623984,-1.423259393,-0.126945551,0.995687596,-0.266132343,0.186109443,1.998517833206730,0.394264423,0.233126031,0.846628725,-0.059213335,-0.010460947,-0.935448987,1.391583882777660,0.505844925,0.674968075,0.861077518,0.430538759,0.674968075,0.186109443,45628.306150487667765,61395895.220869205892086,2,4
34944.520000000004075,141.420000000000016,NM,1.504E+11,Outlet Black Canyon,1.504E+11,0.631150879,-0.835871897,-0.518183152,-0.760623984,-1.423259393,-0.126945551,0.995687596,-0.256212314,0.188746211,1.998517833206730,0.394264423,0.348204137,0.846628725,-0.059213335,-0.010460947,-0.935448987,1.391583882777660,0.512935103,0.67781963,0.866565841,0.433282921,0.67781963,0.188746211,83635.870796171890106,141582296.285955995321274,2,4
19071.830000000001746,77.180000000000007,NM,1.504E+11,SA Canyon-East Fork Gila River,1.504E+11,0.0494621,-0.835871897,-0.518183152,-0.760623984,-1.423259393,-0.126945551,0.995687596,-0.306440826,0.175395348,1.998517833206730,0.394264423,0.288238047,0.846628725,-0.059213335,-0.010460947,-0.935448987,1.391583882777660,0.50924048,0.676333712,0.85172906,0.42586453,0.676333712,0.175395348,62430.716928370231471,77285244.896075159311295,2,4
15144.880000000001019,61.289999999999999,NM,1.504E+11,Rocky Canyon,1.504E+11,0.611955377,-0.835871897,-0.518183152,-0.760623984,-1.423259393,-0.126945551,0.995687596,-0.257869836,0.188305638,1.998517833206730,0.394264423,0.189241349,0.846628725,-0.059213335,-0.010460947,-0.935448987,1.391583882777660,0.503141107,0.673880643,0.862186281,0.43109314,0.673880643,0.188305638,54883.881792828899052,61363448.149512499570847,2,4
29716.549999999999272,120.260000000000005,NM,1.504E+11,Skates Canyon-Sapillo Creek,1.504E+11,0.442093515,-0.835871897,-0.518183152,-0.760623984,-1.423259393,-0.126945551,0.995687596,-0.272537316,0.184406985,1.998517833206730,0.394264423,0.251009334,0.846628725,-0.059213335,-0.010460947,-0.935448987,1.391583882777660,0.506946749,0.675411211,0.859818196,0.429909098,0.675411211,0.184406985,64669.058758869934536,120406200.595291197299957,2,4
23355.159999999999854,94.519999999999996,NM,1.504E+11,Lake Roberts-Sapillo Creek,1.504E+11,0.347623199,-0.835871897,-0.518183152,-0.760623984,-1.423259393,-0.126945551,0.995687596,-0.280694776,0.182238712,1.998517833206730,0.394264423,0.265567897,0.846628725,-0.059213335,-0.010460947,-0.935448987,1.391583882777660,0.507843729,0.675771962,0.858010674,0.429005337,0.675771962,0.182238712,57198.813775282338611,94642745.157646998763084,2,4
16743.760000000002037,67.760000000000005,NM,1.504E+11,Copperas Creek-Sapillo Creek,1.504E+11,0.206479774,-0.835871897,-0.518183152,-0.760623984,-1.423259393,-0.126945551,0.995687596,-0.292882435,0.178999202,1.998517833206730,0.394264423,0.244773494,0.846628725,-0.059213335,-0.010460947,-0.935448987,1.391583882777660,0.506562547,0.675256691,0.854255893,0.427127946,0.675256691,0.178999202,47824.097332315970561,67854184.062270253896713,2,4
25628.180000000000291,103.710000000000008,NM,1.504E+11,Sheep Corral Canyon-Sapillo Creek,1.504E+11,0.238946426,-0.835871897,-0.518183152,-0.760623984,-1.423259393,-0.126945551,0.995687596,-0.290078957,0.179744373,1.998517833206730,0.394264423,0.274385592,0.846628725,-0.059213335,-0.010460947,-0.935448987,1.391583882777660,0.508387004,0.675990458,0.855734832,0.427867416,0.675990458,0.179744373,52380.999953323705995,103867945.896899387240410,2,4
26511.690000000002328,107.290000000000006,NM,1.504E+11,Sycamore Canyon-Gila River,1.504E+11,0.084125392,-0.835871897,-0.518183152,-0.760623984,-1.423259393,-0.126945551,0.995687596,-0.30344767,0.176190936,1.998517833206730,0.394264423,0.208353164,0.846628725,-0.059213335,-0.010460947,-0.935448987,1.391583882777660,0.504318622,0.674354221,0.850545157,0.425272578,0.674354221,0.176190936,57089.858368394263380,107449468.981601879000664,2,4
25230.040000000000873,102.100000000000009,NM,1.504E+11,Hells Canyon-Gila River,1.504E+11,0.096286196,-0.835871897,-0.518183152,-0.760623984,-1.423259393,-0.126945551,0.995687596,-0.302397591,0.17647005,1.998517833206730,0.394264423,0.217341532,0.846628725,-0.059213335,-0.010460947,-0.935448987,1.391583882777660,0.504872412,0.674576946,0.851046996,0.425523498,0.674576946,0.17647005,50142.836331032580347,102267792.150926142930984,2,4
32955.440000000002328,133.370000000000005,NM,1.504E+11,Turkey Creek,1.504E+11,0.34871706,-0.835871897,-0.518183152,-0.760623984,-1.423259393,-0.126945551,0.995687596,-0.280600322,0.182263818,1.998517833206730,0.394264423,0.310001809,0.846628725,-0.059213335,-0.010460947,-0.935448987,1.391583882777660,0.510581386,0.676873003,0.859136821,0.429568411,0.676873003,0.182263818,62879.562336306880752,133597717.331797763705254,2,4
34690.790000000000873,140.390000000000015,NM,1.504E+11,Upper Mogollon Creek,1.504E+11,0.932791891,-0.835871897,-0.518183152,-0.760623984,-1.423259393,-0.126945551,0.995687596,-0.230165776,0.195669446,1.998517833206730,0.394264423,-0.385545877,0.846628725,-0.059213335,-0.010460947,-0.935448987,1.391583882777660,0.467727385,0.659637816,0.855307262,0.427653631,0.659637816,0.195669446,72308.093117484735558,140659172.800601005554199,2,4
25221.950000000000728,102.070000000000007,NM,1.504E+11,Middle Mogollon Creek,1.504E+11,0.224619573,-0.835871897,-0.518183152,-0.760623984,-1.423259393,-0.126945551,0.995687596,-0.291316073,0.179415545,1.998517833206730,0.394264423,-0.747613113,0.846628725,-0.059213335,-0.010460947,-0.935448987,1.391583882777660,0.445419742,0.650666042,0.830081587,0.415040793,0.650666042,0.179415545,61723.038340913466527,102276696.952218562364578,2,4
19593.409999999999854,79.290000000000006,NM,1.504E+11,Lower Mogollon Creek,1.504E+11,-0.241876838,-0.835871897,-0.518183152,-0.760623984,-1.423259393,-0.126945551,0.995687596,-0.331597786,0.168708565,1.998517833206730,0.394264423,0.143668185,0.846628725,-0.059213335,-0.010460947,-0.935448987,1.391583882777660,0.500333259,0.672751372,0.841459937,0.420729969,0.672751372,0.168708565,52029.658318588291877,79444047.396009206771851,2,4
25547.220000000001164,103.390000000000001,NM,1.504E+11,Shelley Canyon-Gila River,1.504E+11,-0.195640442,-0.835871897,-0.518183152,-0.760623984,-1.423259393,-0.126945551,0.995687596,-0.327605299,0.169769779,1.998517833206730,0.394264423,0.197824105,0.846628725,-0.059213335,-0.010460947,-0.935448987,1.391583882777660,0.503669907,0.674093318,0.843863096,0.421931548,0.674093318,0.169769779,56813.534887176989287,103569569.546563923358917,2,4
38336.529999999998836,155.140000000000015,NM,1.504E+11,Upper Bear Creek,1.504E+11,0.358189143,-0.822981045,-0.518183152,1.170418403953600,-1.423259393,-0.760469343,-0.339643361,-0.499390816,0.124108762,1.585447113224920,-0.430482935,0.288527109,0.272768658,0.082843562,0.794455151,-0.561231912,-0.732499269,0.095119419,0.509780907,0.633889669,0.316944835,0.509780907,0.124108762,59678.268285545025719,155375878.020589619874954,1,3
28789.100000000002183,116.510000000000005,NM,1.504E+11,Middle Bear Creek,1.504E+11,-0.117362612,-0.822981045,-0.518183152,1.170418403953600,-1.423259393,-0.760469343,-0.339643361,-0.540454453,0.113193945,1.585447113224920,-0.430482935,0.286894092,0.272768658,0.082843562,0.794455151,-0.561231912,-0.732499269,0.095018806,0.509740442,0.622934387,0.311467194,0.509740442,0.113193945,66819.472334929188946,116696530.408794596791267,1,3
36786.239999999997963,148.870000000000005,NM,1.504E+11,Lower Bear Creek,1.504E+11,-0.473820328,-0.822981045,-0.518183152,1.170418403953600,-1.423259393,-0.760469343,-0.339643361,-0.571234384,0.105012563,1.585447113224920,-0.430482935,0.242566223,0.272768658,0.082843562,0.794455151,-0.561231912,-0.732499269,0.092287682,0.508642029,0.613654591,0.306827296,0.508642029,0.105012563,91974.214234260914964,149133144.999080836772919,1,3
25975.520000000000437,105.120000000000005,NM,1.504E+11,Sacaton Creek,1.504E+11,-0.22389208,-0.822981045,-0.518183152,1.170418403953600,-1.423259393,-0.760469343,-0.339643361,-0.549653215,0.110748891,1.585447113224920,-0.430482935,-0.070657688,0.272768658,0.082843562,0.794455151,-0.561231912,-0.732499269,0.072989368,0.500880558,0.611629449,0.305814725,0.500880558,0.110748891,60759.451579707652854,105343965.950621217489243,1,3
36735.669999999998254,148.659999999999997,NM,1.504E+11,Outlet Duck Creek,1.504E+11,-0.788315067,-0.822981045,-0.518183152,1.170418403953600,-1.423259393,-0.760469343,-0.339643361,-0.598390835,0.097794311,1.585447113224920,-0.430482935,0.246668204,0.272768658,0.082843562,0.794455151,-0.561231912,-0.732499269,0.092540413,0.508743673,0.606537984,0.303268992,0.508743673,0.097794311,72171.902057154875365,148977217.080266088247299,1,3
29274.310000000001310,118.469999999999999,NM,1.504E+11,Ash Spring Canyon-Mangas Creek,1.504E+11,-0.353240184,-0.822981045,-0.518183152,1.170418403953600,-1.423259393,-0.760469343,-0.339643361,-0.560822354,0.107780106,1.585447113224920,-0.430482935,0.268249117,0.272768658,0.082843562,0.794455151,-0.561231912,-0.732499269,0.093870054,0.509278433,0.617058539,0.30852927,0.509278433,0.107780106,72177.277462666708743,118681633.418690249323845,1,3
37983.720000000001164,153.710000000000008,NM,1.504E+11,Schoolhouse Canyon-Mangas Creek,1.504E+11,-0.598163372,-0.822981045,-0.518183152,1.170418403953600,-1.423259393,-0.760469343,-0.339643361,-0.581971339,0.102158654,1.585447113224920,-0.430482935,0.238405177,0.272768658,0.082843562,0.794455151,-0.561231912,-0.732499269,0.092031312,0.508538921,0.610697574,0.305348787,0.508538921,0.102158654,64499.082388215625542,153995020.866490989923477,1,3
30996.360000000000582,125.439999999999998,NM,1.504E+11,Winn Canyon-Gila River,1.504E+11,-0.872301608,-0.822981045,-0.518183152,1.170418403953600,-1.423259393,-0.760469343,-0.339643361,-0.605643028,0.09586666,1.585447113224920,-0.430482935,0.225333531,0.272768658,0.082843562,0.794455151,-0.561231912,-0.732499269,0.091225944,0.508215015,0.604081675,0.302040837,0.508215015,0.09586666,69839.850087146071019,125682513.990085169672966,1,3
17978.830000000001746,72.760000000000005,NM,1.504E+11,Outlet Sycamore Creek,1.504E+11,-0.543509803,-0.822981045,-0.518183152,1.170418403953600,-1.423259393,-0.760469343,-0.339643361,-0.577252033,0.103413057,1.585447113224920,-0.430482935,0.269578221,0.272768658,0.082843562,0.794455151,-0.561231912,-0.732499269,0.093951942,0.509311367,0.612724424,0.306362212,0.509311367,0.103413057,55282.326337049402355,72913867.827566921710968,1,3
32683.900000000001455,132.270000000000010,NM,1.504E+11,Lobo Creek-Gila River,1.504E+11,-0.756274148,-0.822981045,-0.518183152,1.170418403953600,-1.423259393,-0.760469343,-0.339643361,-0.595624119,0.098529711,1.585447113224920,-0.430482935,0.229897305,0.272768658,0.082843562,0.794455151,-0.561231912,-0.732499269,0.091507126,0.508328102,0.606857812,0.303428906,0.508328102,0.098529711,81125.126960378140211,132524449.721435695886612,1,3
17837.860000000000582,72.189999999999998,NM,1.504E+11,Dix Canyon-Gila River,1.504E+11,-0.740728113,-0.822981045,-0.518183152,1.170418403953600,-1.423259393,-0.760469343,-0.339643361,-0.594281727,0.098886522,1.585447113224920,-0.430482935,0.231861629,0.272768658,0.082843562,0.794455151,-0.561231912,-0.732499269,0.091628152,0.508376776,0.607263298,0.303631649,0.508376776,0.098886522,51316.520666371077823,72336430.404944106936455,1,3
36777.760000000002037,148.830000000000013,NM,1.504E+11,Cherry Creek-Blue Creek,1.504E+11,-0.251703002,-0.822981045,-0.518183152,1.170418403953600,-1.423259393,-0.760469343,-0.339643361,-0.552054673,0.110110578,1.585447113224920,-0.430482935,0.279674883,0.272768658,0.082843562,0.794455151,-0.561231912,-0.732499269,0.094574017,0.509561555,0.619672133,0.309836067,0.509561555,0.110110578,63550.745728943162248,149199307.693896025419235,1,3
28778.130000000001019,116.460000000000008,NM,1.504E+11,Cottonwood Canyon-Blue Creek,1.504E+11,-0.734105616,-0.822981045,-0.518183152,1.170418403953600,-1.423259393,-0.760469343,-0.339643361,-0.593709878,0.099038521,1.585447113224920,-0.430482935,0.272461809,0.272768658,0.082843562,0.794455151,-0.561231912,-0.732499269,0.094129606,0.509382821,0.608421341,0.304210671,0.509382821,0.099038521,51356.889916665139026,116741270.099683567881584,1,3
23358.790000000000873,94.530000000000001,NM,1.504E+11,Seep Spring Draw-Blue Creek,1.504E+11,-1.040682937,-0.822981045,-0.518183152,1.170418403953600,-1.423259393,-0.760469343,-0.339643361,-0.620182665,0.092001988,1.585447113224920,-0.430482935,0.306061886,0.272768658,0.082843562,0.794455151,-0.561231912,-0.732499269,0.09619977,0.510215407,0.602217395,0.301108698,0.510215407,0.092001988,66538.355552835972048,94758190.123959958553314,1,3
26245.440000000002328,106.210000000000008,NM,1.504E+11,Bear Canyon-Gila River,1.504E+11,-0.729530254,-0.822981045,-0.518183152,1.170418403953600,-1.423259393,-0.760469343,-0.339643361,-0.593314798,0.099143534,1.585447113224920,-0.430482935,0.183649762,0.272768658,0.082843562,0.794455151,-0.561231912,-0.732499269,0.088657728,0.50718212,0.606325654,0.303162827,0.50718212,0.099143534,55528.504339408325905,106423709.349763721227646,1,3
27891.430000000000291,112.870000000000005,NM,1.504E+11,House Canyon-Gila River,1.504E+11,-0.806539299,-0.822981045,-0.518183152,1.170418403953600,-1.423259393,-0.760469343,-0.339643361,-0.599964488,0.09737603,1.585447113224920,-0.430482935,0.290270674,0.272768658,0.082843562,0.794455151,-0.561231912,-0.732499269,0.095226843,0.509824112,0.607200142,0.303600071,0.509824112,0.09737603,59437.147299269185169,113105930.197582721710205,1,3
16895.599999999998545,68.370000000000005,NM,1.504E+11,Ash Creek,1.504E+11,-0.718988954,-0.822981045,-0.518183152,1.170418403953600,-1.423259393,-0.760469343,-0.339643361,-0.592404563,0.099385477,1.585447113224920,-0.430482935,0.239435837,0.272768658,0.082843562,0.794455151,-0.561231912,-0.732499269,0.092094813,0.50856446,0.607949937,0.303974968,0.50856446,0.099385477,50059.786798392728087,68522408.270128399133682,1,3
14805.380000000001019,59.920000000000002,NM,1.504E+11,Road Canyon,1.504E+11,-0.954704875,-0.822981045,-0.518183152,1.170418403953600,-1.423259393,-0.760469343,-0.339643361,-0.612758505,0.093975348,1.585447113224920,-0.430482935,0.360289555,0.272768658,0.082843562,0.794455151,-0.561231912,-0.732499269,0.099540838,0.511559131,0.605534479,0.30276724,0.511559131,0.093975348,46190.429129467440362,60042769.339370295405388,1,3
26651.770000000000437,107.859999999999999,NM,1.504E+11,Redrock Canyon-Gila River,1.504E+11,-0.958177219,-0.822981045,-0.518183152,1.170418403953600,-1.423259393,-0.760469343,-0.339643361,-0.61305834,0.093895651,1.585447113224920,-0.430482935,0.323303121,0.272768658,0.082843562,0.794455151,-0.561231912,-0.732499269,0.097262034,0.510642633,0.604538284,0.302269142,0.510642633,0.093895651,80620.266012153602787,108095069.459146544337273,1,3
18786.369999999998981,76.030000000000001,NM,1.504E+11,Elliot Canyon-Gila River,1.504E+11,-1.226520046,-0.822981045,-0.518183152,1.170418403953600,-1.423259393,-0.760469343,-0.339643361,-0.636229598,0.087736673,1.585447113224920,-0.430482935,0.301451836,0.272768658,0.082843562,0.794455151,-0.561231912,-0.732499269,0.095915736,0.510101173,0.597837847,0.298918923,0.510101173,0.087736673,48626.170712910701695,76201555.011170849204063,1,3
46131.230000000003201,186.689999999999998,NM,1.504E+11,Cottonwood Canyon-Gila River,1.504E+11,-1.342070428,-0.822981045,-0.518183152,1.170418403953600,-1.423259393,-0.760469343,-0.339643361,-0.646207312,0.085084573,1.585447113224920,-0.430482935,0.313250993,0.272768658,0.082843562,0.794455151,-0.561231912,-0.732499269,0.096642704,0.510393548,0.595478121,0.29773906,0.510393548,0.085084573,66571.963491763497586,187153419.860209643840790,1,3
19897.220000000001164,80.519999999999996,NM,1.504E+11,Pride Draw,1.504E+11,-1.099728234,-0.808976672,-0.324966739,1.935291721615920,-0.33287626,-0.719527307,-1.446840225,-0.559553267,0.108117433,1.505086135600580,-1.309407593,0.262343884,0.240095932,0.112833622,1.188044877660490,-0.883480579,-1.527330254,-0.181705639,0.398446338,0.506563771,0.253281885,0.398446338,0.108117433,44033.242661006966955,80688167.779233023524284,1,2
34617.059999999997672,140.090000000000003,NM,1.30202E+11,Cibola Canyon,1.30202E+11,-0.446142751,-0.323537845,-0.299882144,1.934667084987930,0.757506873,-0.377257972,0.188365533,-0.116790325,0.225804922,-0.191406104,-0.070333357,0.2214275,0.297064554,-0.035465375,-0.825229563,-0.008736652,-0.937062652,-0.23049664,0.378823385,0.604628307,0.302314153,0.378823385,0.225804922,80484.003988838579971,140062130.194081157445908,3,2
25786.779999999998836,104.359999999999999,NM,1.30202E+11,Arroto de Alamillo,1.30202E+11,-0.682822281,-0.323537845,-0.299882144,1.934667084987930,0.757506873,-0.377257972,0.188365533,-0.137227475,0.220372677,-0.191406104,-0.070333357,0.176592444,0.297064554,-0.035465375,-0.825229563,-0.008736652,-0.937062652,-0.233259012,0.377712404,0.59808508,0.29904254,0.377712404,0.220372677,61456.141959805514489,104340584.928002208471298,3,2
24661.369999999998981,99.799999999999997,NM,1.30202E+11,Arroyo Rosa de Castillo-Rio Grande,1.30202E+11,-0.871094572,-0.323537845,-0.299882144,1.934667084987930,0.757506873,-0.377257972,0.188365533,-0.153484685,0.21605147,-0.191406104,-0.070333357,0.017684034,0.297064554,-0.035465375,-0.825229563,-0.008736652,-0.937062652,-0.243049658,0.373774764,0.589826234,0.294913117,0.373774764,0.21605147,58518.963552950284793,99796784.264557257294655,3,2
36650.980000000003201,148.319999999999993,NM,1.30202E+11,Canoncito de Puertecito del Lemitar-Rio Grande,1.30202E+11,-0.743751849,-0.323537845,-0.299882144,1.934667084987930,0.757506873,-0.377257972,0.188365533,-0.14248871,0.218974227,-0.191406104,-0.070333357,0.040883082,0.297064554,-0.035465375,-0.825229563,-0.008736652,-0.937062652,-0.241620321,0.37434962,0.593323848,0.296661924,0.37434962,0.218974227,70156.214248194897664,148317335.884802609682083,3,2
14563.399999999999636,58.939999999999998,NM,1.30202E+11,Arroyo de la Parida-Rio Grande,1.30202E+11,-0.79780798,-0.323537845,-0.299882144,1.934667084987930,0.757506873,-0.377257972,0.188365533,-0.147156428,0.217733536,-0.191406104,-0.070333357,0.134876311,0.297064554,-0.035465375,-0.825229563,-0.008736652,-0.937062652,-0.235829222,0.376678707,0.594412243,0.297206122,0.376678707,0.217733536,61840.510182178215473,58932577.315778926014900,3,2
33093.919999999998254,133.930000000000007,NM,1.30202E+11,Shakespeare Canyon,CLOSED BASIN,0.05724489,-0.323537845,-0.299882144,1.934667084987930,0.757506873,-0.377257972,0.188365533,-0.073323074,0.237358625,-0.191406104,-0.070333357,0.241443642,0.297064554,-0.035465375,-0.825229563,-0.008736652,-0.937062652,-0.229263408,0.379319371,0.616677996,0.308338998,0.379319371,0.237358625,52061.408700294967275,133945733.160494491457939,3,2
25428.740000000001601,102.909999999999997,NM,1.30202E+11,Nogal Arroyo-Rio Grande,1.30202E+11,-0.737270866,-0.323537845,-0.299882144,1.934667084987930,0.757506873,-0.377257972,0.188365533,-0.141929081,0.219122978,-0.191406104,-0.070333357,0.09201774,0.297064554,-0.035465375,-0.825229563,-0.008736652,-0.937062652,-0.238469819,0.375616701,0.59473968,0.29736984,0.375616701,0.219122978,83489.508841203205520,102900089.303595304489136,3,2
17103.319999999999709,69.210000000000008,NM,1.30202E+11,Arroyo de las Canas,1.30202E+11,-0.512638445,-0.323537845,-0.299882144,1.934667084987930,0.757506873,-0.377257972,0.188365533,-0.122532192,0.224278719,-0.191406104,-0.070333357,0.188640753,0.297064554,-0.035465375,-0.825229563,-0.008736652,-0.937062652,-0.232516693,0.378010952,0.602289672,0.301144836,0.378010952,0.224278719,60627.561799235969374,69203179.324092388153076,3,2
38430.580000000001746,155.520000000000010,NM,1.30202E+11,Arroyo Tinajas-Rio Grande,1.30202E+11,-0.763603912,-0.323537845,-0.299882144,1.934667084987930,0.757506873,-0.377257972,0.188365533,-0.144202925,0.218518585,-0.191406104,-0.070333357,0.077668792,0.297064554,-0.035465375,-0.825229563,-0.008736652,-0.937062652,-0.239353885,0.375261145,0.593779729,0.296889865,0.375261145,0.218518585,87513.103091732409666,155510903.253347128629684,3,2
39641.700000000004366,160.420000000000016,NM,1.30202E+11,Town of Bosquecito-Rio Grande,1.30202E+11,-0.887760257,-0.323537845,-0.299882144,1.934667084987930,0.757506873,-0.377257972,0.188365533,-0.154923758,0.215668961,-0.191406104,-0.070333357,-0.020037631,0.297064554,-0.035465375,-0.825229563,-0.008736652,-0.937062652,-0.245373761,0.372840047,0.588509008,0.294254504,0.372840047,0.215668961,82644.022441403634730,160412631.963696777820587,3,2
25286.450000000000728,102.329999999999998,NM,1.30202E+11,Chupadera Spring-Rio Grande,1.30202E+11,-0.860112706,-0.323537845,-0.299882144,1.934667084987930,0.757506873,-0.377257972,0.188365533,-0.152536407,0.216303524,-0.191406104,-0.070333357,0.082293207,0.297064554,-0.035465375,-0.825229563,-0.008736652,-0.937062652,-0.239068966,0.375375734,0.591679259,0.295839629,0.375375734,0.216303524,49738.115279334560910,102327523.470488116145134,3,2
16767.010000000002037,67.849999999999994,NM,1.30202E+11,Willow Springs,1.30202E+11,-0.806914074,-0.323537845,-0.299882144,1.934667084987930,0.757506873,-0.377257972,0.188365533,-0.147942734,0.217524534,-0.191406104,-0.070333357,0.058649002,0.297064554,-0.035465375,-0.825229563,-0.008736652,-0.937062652,-0.24052573,0.374789847,0.592314382,0.296157191,0.374789847,0.217524534,39516.337602672225330,67853666.349921405315399,3,2
37872.029999999998836,153.259999999999991,NM,1.30202E+11,Red Tank-Rio Grande,1.30202E+11,-1.009601455,-0.323537845,-0.299882144,1.934667084987930,0.757506873,-0.377257972,0.188365533,-0.16544468,0.212872473,-0.191406104,-0.070333357,-0.370810818,0.297064554,-0.035465375,-0.825229563,-0.008736652,-0.937062652,-0.266985556,0.364148132,0.577020606,0.288510303,0.364148132,0.212872473,98689.390639837889466,153249872.990678697824478,3,2
30196.340000000000146,122.200000000000003,NM,1.30202E+11,Sawmill Canyon,1.30202E+11,0.506404908,-0.323537845,-0.299882144,1.934667084987930,0.757506873,-0.377257972,0.188365533,-0.034538349,0.247667701,-0.191406104,-0.070333357,0.120326228,0.297064554,-0.035465375,-0.825229563,-0.008736652,-0.937062652,-0.23672568,0.376318166,0.623985867,0.311992934,0.376318166,0.247667701,65253.101641612163803,122219247.182907178997993,4,2
12281.340000000000146,49.700000000000003,NM,1.30202E+11,Outlet Tiffany Canyon,1.30202E+11,-0.924926933,-0.323537845,-0.299882144,1.934667084987930,0.757506873,-0.377257972,0.188365533,-0.158133081,0.214815915,-0.191406104,-0.070333357,0.067586568,0.297064554,-0.035465375,-0.825229563,-0.008736652,-0.937062652,-0.239975069,0.375011314,0.589827229,0.294913614,0.375011314,0.214815915,42201.696199916266778,49702130.377930440008640,3,2
21395.470000000001164,86.579999999999998,NM,1.30202E+11,Town of San Marcial,1.30202E+11,-0.871600152,-0.323537845,-0.299882144,1.934667084987930,0.757506873,-0.377257972,0.188365533,-0.153528342,0.216039866,-0.191406104,-0.070333357,0.013355591,0.297064554,-0.035465375,-0.825229563,-0.008736652,-0.937062652,-0.243316342,0.373667508,0.589707374,0.294853687,0.373667508,0.216039866,49965.547175939806039,86590497.963080555200577,3,2
33193.239999999997963,134.330000000000013,NM,1.504E+11,Gold Hill Canyon-Lordsburg Draw,1.504E+11,-0.898073761,-0.808976672,-0.324966739,1.935291721615920,-0.33287626,-0.719527307,-1.446840225,-0.542140512,0.112745786,1.505086135600580,-1.309407593,0.26749121,0.240095932,0.112833622,1.188044877660490,-0.883480579,-1.527330254,-0.181388503,0.398573885,0.511319672,0.255659836,0.398573885,0.112745786,83098.214396615323494,134604920.678244233131409,1,2
25150.170000000001892,101.780000000000001,NM,1.504E+11,Headwaters Thompson Canyon,1.504E+11,-0.173653641,-0.808976672,-0.324966739,1.935291721615920,-0.33287626,-0.719527307,-1.446840225,-0.479587226,0.129372605,1.505086135600580,-1.309407593,0.325202315,0.240095932,0.112833622,1.188044877660490,-0.883480579,-1.527330254,-0.177832813,0.400003926,0.529376531,0.264688266,0.400003926,0.129372605,48777.608731638538302,101969700.558027461171150,1,2
29208.610000000000582,118.200000000000003,NM,1.504E+11,Thompson Canyon-Lordsburg Draw,1.504E+11,-0.92121751,-0.808976672,-0.324966739,1.935291721615920,-0.33287626,-0.719527307,-1.446840225,-0.544138962,0.112214593,1.505086135600580,-1.309407593,0.281695447,0.240095932,0.112833622,1.188044877660490,-0.883480579,-1.527330254,-0.180513353,0.398925856,0.51114045,0.255570225,0.398925856,0.112214593,111412.390784809977049,118452180.441132441163063,1,2
11483.149999999999636,46.469999999999999,NM,1.504E+11,Miner Canyon,1.504E+11,-0.575762555,-0.808976672,-0.324966739,1.935291721615920,-0.33287626,-0.719527307,-1.446840225,-0.514309113,0.120143441,1.505086135600580,-1.309407593,0.190188615,0.240095932,0.112833622,1.188044877660490,-0.883480579,-1.527330254,-0.186151261,0.396658381,0.516801822,0.258400911,0.396658381,0.120143441,42905.085151927502011,46590667.771994523704052,1,2
37459.840000000003783,151.590000000000003,NM,1.504E+11,McClean Creek,1.504E+11,-0.844410564,-0.808976672,-0.324966739,1.935291721615920,-0.33287626,-0.719527307,-1.446840225,-0.537506724,0.113977459,1.505086135600580,-1.309407593,0.264103498,0.240095932,0.112833622,1.188044877660490,-0.883480579,-1.527330254,-0.181597226,0.39848994,0.512467399,0.256233699,0.39848994,0.113977459,113429.255386912831455,151953958.995529741048813,1,2
38795.400000000001455,157.000000000000000,NM,1.504E+11,Big Creek,1.504E+11,-0.724603618,-0.808976672,-0.324966739,1.935291721615920,-0.33287626,-0.719527307,-1.446840225,-0.527161459,0.116727256,1.505086135600580,-1.309407593,0.253502702,0.240095932,0.112833622,1.188044877660490,-0.883480579,-1.527330254,-0.182250361,0.39822726,0.514954516,0.257477258,0.39822726,0.116727256,95675.225159809386241,157396835.854069024324417,1,2
38583.760000000002037,156.140000000000015,NM,1.504E+11,Bobcat Hill-Frontal Lake Tank,1.504E+11,-1.260224144,-0.808976672,-0.324966739,1.935291721615920,-0.33287626,-0.719527307,-1.446840225,-0.573412002,0.104433747,1.505086135600580,-1.309407593,0.21916039,0.240095932,0.112833622,1.188044877660490,-0.883480579,-1.527330254,-0.184366256,0.397376281,0.501810028,0.250905014,0.397376281,0.104433747,65023.671907892450690,156550890.466629117727280,1,2
22384.020000000000437,90.579999999999998,NM,1.504E+11,Sand Flat Canyon,1.504E+11,0.875133857,-0.83667115,-0.487162589,-0.332218396,-1.423259393,-0.156632284,0.436890678,-0.267788724,0.185669173,1.493802124713760,0.777947358,0.368486311,1.522024547182060,0.583817434,1.235601736250050,0.350299819,1.274827080751500,0.913301373,0.838840481,1.024509653305000,0.512254827,0.838840481,0.185669173,58855.823749073970248,90751095.178819090127945,2,5
35731.489999999997963,144.599999999999994,NM,1.504E+11,Negro Canyon-Tularosa River,1.504E+11,0.650452063,-0.83667115,-0.487162589,-0.332218396,-1.423259393,-0.156632284,0.436890678,-0.287189875,0.180512298,1.493802124713760,0.777947358,0.39164557,1.522024547182060,0.583817434,1.235601736250050,0.350299819,1.274827080751500,0.914728259,0.839414351,1.019926649356410,0.509963325,0.839414351,0.180512298,81791.995638824271737,144856113.151351153850555,2,5
28845.840000000000146,116.740000000000009,NM,1.504E+11,Whiskey Creek,1.504E+11,0.957247374,-0.83667115,-0.487162589,-0.332218396,-1.423259393,-0.156632284,0.436890678,-0.260698266,0.187553834,1.493802124713760,0.777947358,0.305779291,1.522024547182060,0.583817434,1.235601736250050,0.350299819,1.274827080751500,0.909437876,0.837286644,1.024840478328930,0.512420239,0.837286644,0.187553834,63621.239005934308807,116964199.728718325495720,2,5
31723.100000000002183,128.379999999999995,NM,1.504E+11,Hardcastle Canyon,1.504E+11,0.839890167,-0.83667115,-0.487162589,-0.332218396,-1.423259393,-0.156632284,0.436890678,-0.270831997,0.184860263,1.493802124713760,0.777947358,0.273404915,1.522024547182060,0.583817434,1.235601736250050,0.350299819,1.274827080751500,0.90744323,0.83648443,1.021344692855110,0.510672346,0.83648443,0.184860263,61665.463824332808144,128654222.643183797597885,2,5
28793.090000000000146,116.519999999999996,NM,1.504E+11,Apache Creek,1.504E+11,0.593582857,-0.83667115,-0.487162589,-0.332218396,-1.423259393,-0.156632284,0.436890678,-0.2921005,0.179207042,1.493802124713760,0.777947358,0.31564071,1.522024547182060,0.583817434,1.235601736250050,0.350299819,1.274827080751500,0.910045456,0.837531003,1.016738045484210,0.508369023,0.837531003,0.179207042,66920.540348353373702,116759040.622961983084679,2,5
29272.260000000002037,118.460000000000008,NM,1.504E+11,Sand Canyon-Tularosa River,1.504E+11,0.696530053,-0.83667115,-0.487162589,-0.332218396,-1.423259393,-0.156632284,0.436890678,-0.283211066,0.181569876,1.493802124713760,0.777947358,0.303653968,1.522024547182060,0.583817434,1.235601736250050,0.350299819,1.274827080751500,0.909306931,0.83723398,1.018803856222550,0.509401928,0.83723398,0.181569876,58956.968241541886528,118678915.570997416973114,2,5
30957.909999999999854,125.280000000000001,NM,1.504E+11,Cold Springs Canyon-Tularosa River,1.504E+11,0.612468805,-0.83667115,-0.487162589,-0.332218396,-1.423259393,-0.156632284,0.436890678,-0.290469709,0.17964051,1.493802124713760,0.777947358,0.295975931,1.522024547182060,0.583817434,1.235601736250050,0.350299819,1.274827080751500,0.908833872,0.837043724,1.016684234389700,0.508342117,0.837043724,0.17964051,84033.112901273139869,125525334.547229558229446,2,5
33493.120000000002619,135.539999999999992,NM,1.504E+11,Long Canyon-Tularosa River,1.504E+11,0.682930319,-0.83667115,-0.487162589,-0.332218396,-1.423259393,-0.156632284,0.436890678,-0.284385395,0.181257736,1.493802124713760,0.777947358,0.211772531,1.522024547182060,0.583817434,1.235601736250050,0.350299819,1.274827080751500,0.903645942,0.834957222,1.016214958432170,0.508107479,0.834957222,0.181257736,75811.626708447962301,135804742.807373344898224,2,5
31683.840000000000146,128.219999999999999,NM,1.504E+11,South Fork Negrito Creek,1.504E+11,1.060177716265800,-0.83667115,-0.487162589,-0.332218396,-1.423259393,-0.156632284,0.436890678,-0.251810286,0.189916281,1.493802124713760,0.777947358,-0.272709624,1.522024547182060,0.583817434,1.235601736250050,0.350299819,1.274827080751500,0.873796086,0.822952092,1.012868372961800,0.506434186,0.822952092,0.189916281,68144.978663315239828,128465211.742276147007942,2,5
24171.770000000000437,97.820000000000007,NM,1.504E+11,Outlet North Fork Negrito Creek,1.504E+11,0.821104521,-0.83667115,-0.487162589,-0.332218396,-1.423259393,-0.156632284,0.436890678,-0.272454128,0.184429097,1.493802124713760,0.777947358,0.015774675,1.522024547182060,0.583817434,1.235601736250050,0.350299819,1.274827080751500,0.891570146,0.830100532,1.014529628664160,0.507264814,0.830100532,0.184429097,44708.049905521336768,98005851.866403266787529,2,5
26231.700000000000728,106.159999999999997,NM,1.504E+11,Sign Camp Canyon,1.504E+11,0.711184325,-0.83667115,-0.487162589,-0.332218396,-1.423259393,-0.156632284,0.436890678,-0.281945677,0.181906219,1.493802124713760,0.777947358,-0.195502378,1.522024547182060,0.583817434,1.235601736250050,0.350299819,1.274827080751500,0.87855297,0.824865234,1.006771453038050,0.503385727,0.824865234,0.181906219,47331.590947447257349,106377884.682021856307983,2,5
25664.709999999999127,103.859999999999999,NM,1.504E+11,Negrito Creek,1.504E+11,0.562977894,-0.83667115,-0.487162589,-0.332218396,-1.423259393,-0.156632284,0.436890678,-0.294743222,0.1785046,1.493802124713760,0.777947358,0.078056198,1.522024547182060,0.583817434,1.235601736250050,0.350299819,1.274827080751500,0.895407428,0.831643825,1.010148424686260,0.505074212,0.831643825,0.1785046,61423.064879096746154,104073335.062211290001869,2,5
22470.040000000000873,90.930000000000007,NM,1.504E+11,Wilson Canyon-Tularosa River,1.504E+11,0.393420228,-0.83667115,-0.487162589,-0.332218396,-1.423259393,-0.156632284,0.436890678,-0.309384435,0.174612929,1.493802124713760,0.777947358,0.210617892,1.522024547182060,0.583817434,1.235601736250050,0.350299819,1.274827080751500,0.903574803,0.834928611,1.009541540410190,0.50477077,0.834928611,0.174612929,66200.584246021971921,91120649.359468370676041,2,5
26174.959999999999127,105.930000000000007,NM,1.504E+11,Spur Lake Draw,1.504E+11,0.830218131,-0.83667115,-0.487162589,-0.332218396,-1.423259393,-0.156632284,0.436890678,-0.271667172,0.184638271,1.493802124713760,0.777947358,0.226748361,1.522024547182060,0.583817434,1.235601736250050,0.350299819,1.274827080751500,0.904568632,0.835328313,1.019966584330700,0.509983292,0.835328313,0.184638271,57387.925739897262247,106177609.413897305727005,2,5
22557.959999999999127,91.290000000000006,NM,1.504E+11,SA Creek,1.504E+11,1.041141913057310,-0.83667115,-0.487162589,-0.332218396,-1.423259393,-0.156632284,0.436890678,-0.253454018,0.189479373,1.493802124713760,0.777947358,0.064831979,1.522024547182060,0.583817434,1.235601736250050,0.350299819,1.274827080751500,0.894592659,0.831316138,1.020795510894520,0.510397755,0.831316138,0.189479373,64287.429505821564817,91515985.143648624420166,2,5
18531.920000000001892,75.000000000000000,NM,1.504E+11,Headwaters Centerfire Creek,1.504E+11,0.798150708,-0.83667115,-0.487162589,-0.332218396,-1.423259393,-0.156632284,0.436890678,-0.274436177,0.183902263,1.493802124713760,0.777947358,0.3048483,1.522024547182060,0.583817434,1.235601736250050,0.350299819,1.274827080751500,0.909380516,0.837263575,1.021165838134840,0.510582919,0.837263575,0.183902263,63016.788353891199222,75166715.155365332961082,2,5
20588.439999999998690,83.320000000000007,NM,1.504E+11,Outlet Centerfire Creek,1.504E+11,0.620963853,-0.83667115,-0.487162589,-0.332218396,-1.423259393,-0.156632284,0.436890678,-0.289736166,0.179835488,1.493802124713760,0.777947358,0.219343309,1.522024547182060,0.583817434,1.235601736250050,0.350299819,1.274827080751500,0.904112392,0.835144821,1.014980308891060,0.507490154,0.835144821,0.179835488,49552.254844044298807,83521343.975978687405586,2,5
16416.209999999999127,66.430000000000007,NM,1.504E+11,Big Canyon-San Franciso River,1.504E+11,0.775158632,-0.83667115,-0.487162589,-0.332218396,-1.423259393,-0.156632284,0.436890678,-0.27642153,0.183374551,1.493802124713760,0.777947358,0.175355463,1.522024547182060,0.583817434,1.235601736250050,0.350299819,1.274827080751500,0.901402218,0.834054833,1.017429383965960,0.508714692,0.834054833,0.183374551,42522.484045038487238,66594193.776876732707024,2,5
25274.459999999999127,102.280000000000001,NM,1.504E+11,Starkweather Canyon,1.504E+11,0.313548187,-0.83667115,-0.487162589,-0.332218396,-1.423259393,-0.156632284,0.436890678,-0.316281343,0.172779714,1.493802124713760,0.777947358,0.272424933,1.522024547182060,0.583817434,1.235601736250050,0.350299819,1.274827080751500,0.907382851,0.836460147,1.009239860670860,0.50461993,0.836460147,0.172779714,57700.619961599419184,102521548.043729707598686,2,5
21759.220000000001164,88.060000000000002,NM,1.504E+11,Largo Canyon,1.504E+11,0.471771508,-0.83667115,-0.487162589,-0.332218396,-1.423259393,-0.156632284,0.436890678,-0.302618845,0.17641124,1.493802124713760,0.777947358,0.286816886,1.522024547182060,0.583817434,1.235601736250050,0.350299819,1.274827080751500,0.908269566,0.836816769,1.013228009218920,0.506614005,0.836816769,0.17641124,70131.570140657277079,88246142.571334242820740,2,5
36080.080000000001746,146.009999999999991,NM,1.504E+11,Cienega Canyon-San Francisco River,1.504E+11,0.230891037,-0.83667115,-0.487162589,-0.332218396,-1.423259393,-0.156632284,0.436890678,-0.323418743,0.170882575,1.493802124713760,0.777947358,0.220678311,1.522024547182060,0.583817434,1.235601736250050,0.350299819,1.274827080751500,0.904194644,0.835177901,1.006060476725380,0.503030238,0.835177901,0.170882575,77433.441312747818301,146335948.782619029283524,2,5
26225.420000000001892,106.129999999999995,NM,1.504E+11,Headwaters Saliz Canyon,1.504E+11,0.393982209,-0.83667115,-0.487162589,-0.332218396,-1.423259393,-0.156632284,0.436890678,-0.309335909,0.174625828,1.493802124713760,0.777947358,0.128644211,1.522024547182060,0.583817434,1.235601736250050,0.350299819,1.274827080751500,0.89852425,0.83289736,1.007523188214300,0.503761594,0.83289736,0.174625828,53528.215454850294918,106391174.906167253851891,2,5
14049.370000000000800,56.859999999999999,NM,1.504E+11,Outlet Saliz Canyon,1.504E+11,0.053107928,-0.83667115,-0.487162589,-0.332218396,-1.423259393,-0.156632284,0.436890678,-0.338770219,0.166802115,1.493802124713760,0.777947358,0.216724266,1.522024547182060,0.583817434,1.235601736250050,0.350299819,1.274827080751500,0.903951028,0.835079923,1.001882037963440,0.500941019,0.835079923,0.166802115,48123.206101909971039,56991236.375805079936981,2,5
36823.400000000001455,149.020000000000010,NM,1.504E+11,Willow Spring Canyon-San Francisco River,1.504E+11,0.068719341,-0.83667115,-0.487162589,-0.332218396,-1.423259393,-0.156632284,0.436890678,-0.337422182,0.167160427,1.493802124713760,0.777947358,0.12395644,1.522024547182060,0.583817434,1.235601736250050,0.350299819,1.274827080751500,0.898235428,0.832781201,0.999941627,0.499970814,0.832781201,0.167160427,63282.145318816721556,149355240.388429045677185,2,5
22761.779999999998836,92.109999999999999,NM,1.504E+11,Devils Creek,1.504E+11,0.269285208,-0.83667115,-0.487162589,-0.332218396,-1.423259393,-0.156632284,0.436890678,-0.320103427,0.171763795,1.493802124713760,0.777947358,-0.102642241,1.522024547182060,0.583817434,1.235601736250050,0.350299819,1.274827080751500,0.884274257,0.827166243,0.998930038,0.499465019,0.827166243,0.171763795,55775.655153212224832,92322052.003918379545212,2,5
30511.150000000001455,123.469999999999999,NM,1.504E+11,Deep Creek,1.504E+11,0.63839028,-0.83667115,-0.487162589,-0.332218396,-1.423259393,-0.156632284,0.436890678,-0.288231404,0.180235458,1.493802124713760,0.777947358,-0.853122142,1.522024547182060,0.583817434,1.235601736250050,0.350299819,1.274827080751500,0.83803578,0.808569874,0.988805332,0.494402666,0.808569874,0.180235458,70845.624396805593278,123745261.477569803595543,2,5
22917.799999999999272,92.750000000000000,NM,1.504E+11,Long Canyon-San Francisco River,1.504E+11,-0.306543599,-0.83667115,-0.487162589,-0.332218396,-1.423259393,-0.156632284,0.436890678,-0.369825934,0.158547429,1.493802124713760,0.777947358,0.137674998,1.522024547182060,0.583817434,1.235601736250050,0.350299819,1.274827080751500,0.899080654,0.833121137,0.991668566,0.495834283,0.833121137,0.158547429,74570.693615341282566,92969126.598610058426857,2,5
32907.620000000002619,133.170000000000016,NM,1.504E+11,Mineral Creek,1.504E+11,0.693439851,-0.83667115,-0.487162589,-0.332218396,-1.423259393,-0.156632284,0.436890678,-0.283477903,0.18149895,1.493802124713760,0.777947358,-0.897790284,1.522024547182060,0.583817434,1.235601736250050,0.350299819,1.274827080751500,0.835283691,0.807463029,0.988961978,0.494480989,0.807463029,0.18149895,72647.340509127854602,133465745.706674292683601,2,5
34865.819999999999709,141.099999999999994,NM,1.504E+11,Whitewater Creek,1.504E+11,0.740819422,-0.83667115,-0.487162589,-0.332218396,-1.423259393,-0.156632284,0.436890678,-0.279386703,0.182586401,1.493802124713760,0.777947358,-1.214518625,1.522024547182060,0.583817434,1.235601736250050,0.350299819,1.274827080751500,0.815769463,0.799614721,0.982201122,0.491100561,0.799614721,0.182586401,67711.468843620270491,141412973.814500242471695,2,5
34019.000000000000000,137.670000000000016,NM,1.504E+11,South Dugway Canyon-San Francisco River,1.504E+11,-0.421135245,-0.83667115,-0.487162589,-0.332218396,-1.423259393,-0.156632284,0.436890678,-0.379720861,0.155917333,1.493802124713760,0.777947358,-0.025013013,1.522024547182060,0.583817434,1.235601736250050,0.350299819,1.274827080751500,0.88905714,0.829089842,0.985007174,0.492503587,0.829089842,0.155917333,68142.835467907148995,138001619.421799987554550,2,5
33236.300000000002910,134.500000000000000,NM,1.504E+11,Little Dry Creek,1.504E+11,-0.392916291,-0.83667115,-0.487162589,-0.332218396,-1.423259393,-0.156632284,0.436890678,-0.377284169,0.156565011,1.493802124713760,0.777947358,-0.056610716,1.522024547182060,0.583817434,1.235601736250050,0.350299819,1.274827080751500,0.887110346,0.828306872,0.984871884,0.492435942,0.828306872,0.156565011,70062.954818099140539,134816846.824405908584595,2,5
25063.350000000002183,101.430000000000007,NM,1.504E+11,Big Dry Creek,1.504E+11,0.383445493,-0.83667115,-0.487162589,-0.332218396,-1.423259393,-0.156632284,0.436890678,-0.310245748,0.17438399,1.493802124713760,0.777947358,-1.41307979,1.522024547182060,0.583817434,1.235601736250050,0.350299819,1.274827080751500,0.803535736,0.794694514,0.969078504,0.484539252,0.794694514,0.17438399,66370.021164126330405,101655527.640974953770638,2,5
25983.770000000000437,105.150000000000006,NM,1.504E+11,Pine Cienega Creek,1.504E+11,-0.242246331,-0.83667115,-0.487162589,-0.332218396,-1.423259393,-0.156632284,0.436890678,-0.364273899,0.160023173,1.493802124713760,0.777947358,0.316510379,1.522024547182060,0.583817434,1.235601736250050,0.350299819,1.274827080751500,0.910099038,0.837552553,0.997575727,0.498787863,0.837552553,0.160023173,68082.151435932406457,105422692.703498959541321,2,5
20281.529999999998836,82.079999999999998,NM,1.504E+11,Upper Mule Creek,1.504E+11,-0.430165909,-0.83667115,-0.487162589,-0.332218396,-1.423259393,-0.156632284,0.436890678,-0.380500654,0.155710062,1.493802124713760,0.777947358,0.332584639,1.522024547182060,0.583817434,1.235601736250050,0.350299819,1.274827080751500,0.911089404,0.837950862,0.993660924,0.496830462,0.837950862,0.155710062,42700.896629296621541,82292336.667780056595802,2,5
13799.389999999999418,55.840000000000003,NM,1.504E+11,Lower Mule Creek,1.504E+11,-0.564265781,-0.83667115,-0.487162589,-0.332218396,-1.423259393,-0.156632284,0.436890678,-0.392080105,0.152632215,1.493802124713760,0.777947358,0.259846674,1.522024547182060,0.583817434,1.235601736250050,0.350299819,1.274827080751500,0.906607881,0.836148466,0.988780681,0.494390341,0.836148466,0.152632215,40571.464786387419736,55987103.680421397089958,2,5
30141.830000000001746,121.980000000000004,NM,1.30202E+11,J L Draw,1.30202E+11,0.816502772,-0.83149765,-0.518183152,1.005586195572490,-1.423259393,-0.879812592,-0.107906526,-0.481702854,0.128810266,1.424780587482380,0.524311241,0.326626122,0.06294935,0.456555514,0.799248426,0.351792388,0.255938487,0.56529307,0.698877159,0.827687425,0.413843713,0.698877159,0.128810266,57919.275981332088122,122131501.802153095602989,1,5
28514.470000000001164,115.390000000000001,NM,1.30202E+11,Patterson Canyon,1.30202E+11,0.929239006,-0.83149765,-0.518183152,1.005586195572490,-1.423259393,-0.879812592,-0.107906526,-0.471968141,0.131397777,1.424780587482380,0.524311241,0.386557483,0.06294935,0.456555514,0.799248426,0.351792388,0.255938487,0.568985554,0.700362217,0.831759993,0.415879997,0.700362217,0.131397777,55470.178208600023936,115569008.271041750907898,1,5
35478.849999999998545,143.580000000000013,NM,1.30202E+11,Lower La Jencia Creek,1.30202E+11,-0.339381319,-0.386042447,-0.518183152,0.269286274,-0.33287626,-0.778141145,-0.080375969,-0.47192552,0.131409105,1.046319430106780,0.185543421,0.173414304,0.244223086,0.369736962,-0.889751297,-0.030300343,-0.44216347,0.155709924,0.53414943,0.665558536,0.332779268,0.53414943,0.131409105,64901.287445190981089,143597119.230989605188370,1,4
13427.370000000000800,54.340000000000003,NM,1.30202E+11,Cerro Pardo-Chupadera Arroyo,1.30202E+11,-0.752494293,0.649718309,0.020684896,1.360304503701170,0.757506873,-0.883285478,0.309039563,-0.104840295,0.228981269,0.235441355,-0.122232622,0.215691271,0.288023205,-0.855788591,-1.66958608,-0.665497924,-1.297014107,-0.561127415,0.245849025,0.474830295,0.237415147,0.245849025,0.228981269,62905.667995052870538,54320516.519421167671680,3,1
13572.360000000000582,54.930000000000000,NM,1.30202E+11,Outlet Milligan Gulch,1.30202E+11,-0.799988979,-0.595943799,0.278847897,1.497560025163700,0.757506873,-0.734675014,0.943877937,-0.058060541,0.241415444,0.722586558,-0.401451189,-0.099406606,0.228700437,-0.762786739,-1.430443791,-1.247580887,-1.09357952,-0.5589626,0.246719679,0.488135123,0.244067562,0.246719679,0.241415444,61306.818204313203751,54934902.885254025459290,3,1
40290.760000000002037,163.050000000000011,NM,1.30202E+11,Quates Canyon-Rio Grande,1.30202E+11,-1.039433167,-0.595943799,0.278847897,1.497560025163700,0.757506873,-0.734675014,0.943877937,-0.078736418,0.235919745,0.722586558,-0.401451189,-0.181896782,0.228700437,-0.762786739,-1.430443791,-1.247580887,-1.09357952,-0.564044975,0.24467563,0.480595375,0.240297687,0.24467563,0.235919745,118276.482465451088501,163062092.625318467617035,3,1
38511.840000000003783,155.849999999999994,NM,1.30202E+11,Lumbre Canyon-Rio Grande,1.30202E+11,-0.581136519,-0.595943799,0.278847897,1.497560025163700,0.757506873,-0.734675014,0.943877937,-0.03916275,0.246438524,0.722586558,-0.401451189,-0.026906246,0.228700437,-0.762786739,-1.430443791,-1.247580887,-1.09357952,-0.554495716,0.248516188,0.494954712,0.247477356,0.248516188,0.246438524,78000.443126101061353,155889032.855499714612961,4,1
25962.119999999998981,105.070000000000007,NM,1.30202E+11,Crawford Hollow-Rio Grande,1.30202E+11,-0.726449541,-0.595943799,0.278847897,1.497560025163700,0.757506873,-0.734675014,0.943877937,-0.051710451,0.243103314,0.722586558,-0.401451189,-0.003464822,0.228700437,-0.762786739,-1.430443791,-1.247580887,-1.09357952,-0.553051446,0.24909705,0.492200364,0.246100182,0.24909705,0.243103314,60875.322258434469404,105088677.523844525218010,4,1
31701.709999999999127,128.289999999999992,NM,1.30302E+11,Donahue Canyon-Mimbres River,1.30302E+11,0.054840992,-0.744557002,0.446626176,1.952527770594580,-0.33287626,-0.833123996,-0.261691705,-0.138317102,0.220083051,1.225289429032630,-0.952589762,0.302754514,0.293314621,-0.200429177,-0.148423901,-1.418236259,-1.25088631,-0.366067859,0.32429883,0.544381881,0.27219094,0.32429883,0.220083051,70190.591290146010579,128410403.183572411537170,3,2
32247.250000000000000,130.500000000000000,NM,1.30301E+11,Trujillo Canyon,1.30301E+11,-0.462712794,-0.433170469,0.654454026,2.025579022561770,0.757506873,-0.860646197,-0.154701285,-0.016055534,0.252580479,-0.373528665,-1.020447097,0.344529566,0.24418455,-0.499174497,-0.379953389,-1.516725117,-1.832355144,-0.820262893,0.14162892,0.394209399,0.197104699,0.14162892,0.252580479,113814.922985546858399,130580228.028225243091583,4,1
11255.700000000000728,45.550000000000004,NM,1.30301E+11,Headwaters Tierra Blanca Creek,1.30301E+11,0.276066647,-0.433170469,0.654454026,2.025579022561770,0.757506873,-0.860646197,-0.154701285,0.047737672,0.269536872,-0.373528665,-1.020447097,0.341757921,0.24418455,-0.499174497,-0.379953389,-1.516725117,-1.832355144,-0.820433659,0.14156024,0.411097112,0.205548556,0.14156024,0.269536872,35302.219699510336795,45586125.045588903129101,4,1
20432.270000000000437,82.689999999999998,NM,1.30301E+11,Green Canyon,1.30301E+11,-0.927418227,-0.433170469,0.654454026,2.025579022561770,0.757506873,-0.860646197,-0.154701285,-0.056182597,0.241914606,-0.373528665,-1.020447097,0.163607907,0.24418455,-0.499174497,-0.379953389,-1.516725117,-1.832355144,-0.831409817,0.137145807,0.379060413,0.189530207,0.137145807,0.241914606,52596.636447104399849,82707640.658535853028297,3,1
18003.959999999999127,72.859999999999999,NM,1.30301E+11,Nordstrom Arroyo-Rio Grande,1.30301E+11,-1.251065616,-0.433170469,0.654454026,2.025579022561770,0.757506873,-0.860646197,-0.154701285,-0.084129374,0.234486284,-0.373528665,-1.020447097,-0.447274442,0.24418455,-0.499174497,-0.379953389,-1.516725117,-1.832355144,-0.869047427,0.122008568,0.356494851,0.178247426,0.122008568,0.234486284,61082.776488961120776,72884612.616317555308342,3,1
24592.630000000001019,99.519999999999996,NM,1.30301E+11,Headwaters Berrenda Creek,1.30301E+11,-0.230064428,-0.433170469,0.654454026,2.025579022561770,0.757506873,-0.860646197,-0.154701285,0.004033527,0.257920202,-0.373528665,-1.020447097,0.324248063,0.24418455,-0.499174497,-0.379953389,-1.516725117,-1.832355144,-0.821512475,0.141126358,0.39904656,0.19952328,0.141126358,0.257920202,77299.307947720648372,99593120.764844983816147,4,1
23020.080000000001746,93.159999999999997,NM,1.30301E+11,Sibley Canyon-Rio Grande,1.30301E+11,-1.053581318,-0.433170469,0.654454026,2.025579022561770,0.757506873,-0.860646197,-0.154701285,-0.067076712,0.239018924,-0.373528665,-1.020447097,-0.09608557,0.24418455,-0.499174497,-0.379953389,-1.516725117,-1.832355144,-0.84741002,0.130710783,0.369729707,0.184864854,0.130710783,0.239018924,66960.973717126151314,93200676.482062578201294,3,1
18608.799999999999272,75.310000000000002,NM,1.30301E+11,Arroyo Yeso-Rio Grande,1.30301E+11,-1.203871331,-0.433170469,0.654454026,2.025579022561770,0.757506873,-0.860646197,-0.154701285,-0.080054173,0.235569482,-0.373528665,-1.020447097,-0.090592084,0.24418455,-0.499174497,-0.379953389,-1.516725117,-1.832355144,-0.847071556,0.130846908,0.36641639,0.183208195,0.130846908,0.235569482,52662.981693812776939,75330769.117362320423126,3,1
9865.329999999999927,39.920000000000002,NM,1.30301E+11,McLeod Arroyo,1.30301E+11,-0.929432135,-0.433170469,0.654454026,2.025579022561770,0.757506873,-0.860646197,-0.154701285,-0.056356497,0.241868383,-0.373528665,-1.020447097,0.211632812,0.24418455,-0.499174497,-0.379953389,-1.516725117,-1.832355144,-0.828450912,0.138335831,0.380204214,0.190102107,0.138335831,0.241868383,50400.067828245060809,39932679.081271439790726,3,1
21710.520000000000437,87.859999999999999,NM,1.30301E+11,Placitas Arroyo,1.30301E+11,-1.066645923,-0.433170469,0.654454026,2.025579022561770,0.757506873,-0.860646197,-0.154701285,-0.068204833,0.238719066,-0.373528665,-1.020447097,0.084621439,0.24418455,-0.499174497,-0.379953389,-1.516725117,-1.832355144,-0.836276321,0.135188577,0.373907643,0.186953822,0.135188577,0.238719066,44663.142954486684175,87882370.776657938957214,3,1
31620.139999999999418,127.960000000000008,NM,1.30301E+11,Reed Thurman Dam-Rio Grande,1.30301E+11,-1.238022795,-0.433170469,0.654454026,2.025579022561770,0.757506873,-0.860646197,-0.154701285,-0.083003134,0.234785641,-0.373528665,-1.020447097,-0.072757557,0.24418455,-0.499174497,-0.379953389,-1.516725117,-1.832355144,-0.845972737,0.131288835,0.366074476,0.183037238,0.131288835,0.234785641,55331.101878536057484,127994326.215855985879898,3,1
30715.340000000000146,124.299999999999997,NM,1.30301E+11,Arroyo Angostura-Rio Grande,1.30301E+11,-1.171660883,-0.433170469,0.654454026,2.025579022561770,0.757506873,-0.860646197,-0.154701285,-0.077272818,0.236308773,-0.373528665,-1.020447097,-0.059469141,0.24418455,-0.499174497,-0.379953389,-1.516725117,-1.832355144,-0.845154013,0.131618113,0.367926886,0.183963443,0.131618113,0.236308773,59240.686456236369850,124323013.260509625077248,3,1
33211.260000000002037,134.400000000000006,NM,1.30301E+11,Tonuco Draw,1.30301E+11,-1.228324865,-0.433170469,0.654454026,2.025579022561770,0.757506873,-0.860646197,-0.154701285,-0.082165722,0.235008227,-0.373528665,-1.020447097,0.420786282,0.24418455,-0.499174497,-0.379953389,-1.516725117,-1.832355144,-0.815564573,0.143518508,0.378526735,0.189263367,0.143518508,0.235008227,68997.063077194252401,134401226.497718274593353,3,1
26537.619999999998981,107.390000000000001,NM,1.30301E+11,Bignell Arroyo-Rio Grande,1.30301E+11,-1.204650773,-0.433170469,0.654454026,2.025579022561770,0.757506873,-0.860646197,-0.154701285,-0.080121477,0.235551593,-0.373528665,-1.020447097,-0.064123364,0.24418455,-0.499174497,-0.379953389,-1.516725117,-1.832355144,-0.845440768,0.131502785,0.367054377,0.183527189,0.131502785,0.235551593,57348.902177422271052,107406604.477970272302628,3,1
19455.590000000000146,78.730000000000004,NM,1.30301E+11,Horse Canyon-Rio Grande,1.30301E+11,-1.252843129,-0.433170469,0.654454026,2.025579022561770,0.757506873,-0.860646197,-0.154701285,-0.084282861,0.234445486,-0.373528665,-1.020447097,-0.136191215,0.24418455,-0.499174497,-0.379953389,-1.516725117,-1.832355144,-0.849881004,0.129716993,0.36416248,0.18208124,0.129716993,0.234445486,46383.683202893160342,78740457.367812678217888,3,1
17187.560000000001310,69.560000000000002,NM,1.30301E+11,Foster Canyon-Rio Grande,1.30301E+11,-1.258913817,-0.433170469,0.654454026,2.025579022561770,0.757506873,-0.860646197,-0.154701285,-0.084807062,0.234306153,-0.373528665,-1.020447097,-0.113658019,0.24418455,-0.499174497,-0.379953389,-1.516725117,-1.832355144,-0.848492692,0.13027535,0.364581503,0.182290751,0.13027535,0.234306153,46797.459639679371321,69558602.742810666561127,3,1
34592.180000000000291,139.990000000000009,NM,1.30301E+11,Wagner Canyon-Rio Grande,1.30301E+11,-1.243547211,-0.433170469,0.654454026,2.025579022561770,0.757506873,-0.860646197,-0.154701285,-0.083480164,0.234658845,-0.373528665,-1.020447097,-0.258626821,0.24418455,-0.499174497,-0.379953389,-1.516725117,-1.832355144,-0.857424492,0.126683124,0.36134197,0.180670985,0.126683124,0.234658845,56355.382945614168420,139984696.444143086671829,3,1
43803.340000000003783,177.270000000000010,NM,1.30301E+11,Box Canyon-Rio Grande,1.30301E+11,-1.275634549,-0.433170469,0.654454026,2.025579022561770,0.757506873,-0.860646197,-0.154701285,-0.086250888,0.23392238,-0.373528665,-1.020447097,-0.25506838,0.24418455,-0.499174497,-0.379953389,-1.516725117,-1.832355144,-0.85720525,0.1267713,0.36069368,0.18034684,0.1267713,0.23392238,85038.180716141097946,177253340.670544147491455,3,1
31987.750000000000000,129.449999999999989,NM,1.30301E+11,Picacho Drain-Rio Grande,1.30301E+11,-1.415862904,-0.433170469,0.654454026,2.025579022561770,0.757506873,-0.860646197,-0.154701285,-0.098359531,0.230703873,-0.373528665,-1.020447097,-0.248867001,0.24418455,-0.499174497,-0.379953389,-1.516725117,-1.832355144,-0.856823171,0.126924966,0.357628839,0.178814419,0.126924966,0.230703873,61523.106292964228487,129442277.710889786481857,3,1
43990.819999999999709,178.020000000000010,NM,1.30301E+11,Las Cruces Arroyo-Rio Grande,1.30301E+11,-1.392912245,-0.433170469,0.654454026,2.025579022561770,0.757506873,-0.860646197,-0.154701285,-0.096377754,0.231230634,-0.373528665,-1.020447097,-0.159253501,0.24418455,-0.499174497,-0.379953389,-1.516725117,-1.832355144,-0.851301915,0.129145526,0.36037616,0.18018808,0.129145526,0.231230634,119928.215418469757424,178003987.256414294242859,3,1
36892.279999999998836,149.300000000000011,NM,1.30301E+11,Black Mountain,1.30301E+11,-1.399456557,-0.433170469,0.654454026,2.025579022561770,0.757506873,-0.860646197,-0.154701285,-0.096942852,0.231080429,-0.373528665,-1.020447097,0.190311054,0.24418455,-0.499174497,-0.379953389,-1.516725117,-1.832355144,-0.829764586,0.137807492,0.368887922,0.184443961,0.137807492,0.231080429,52342.403716629320115,149280240.725772291421890,3,1
28817.740000000001601,116.620000000000005,NM,1.30302E+11,Lower Playas Valley,1.30302E+11,-1.144231137,-0.401173111,-0.518183152,1.826169086036080,-1.423259393,-0.883285478,-1.014907704,-0.65134997,0.083717641,0.785932705,-1.475935929,0.272846232,0.241756068,0.057149701,0.203172563,-2.702491078,-1.493211048,-0.660213541,0.205998185,0.289715826,0.144857913,0.205998185,0.083717641,94571.815647658499074,116868447.182468444108963,1,1
34729.360000000000582,140.539999999999992,NM,1.30302E+11,Powderhorn Canyon-Mimbres River,1.30302E+11,1.028314693198110,-0.744557002,0.446626176,1.952527770594580,-0.33287626,-0.833123996,-0.261691705,-0.054258174,0.242426123,1.225289429032630,-0.952589762,0.179202447,0.293314621,-0.200429177,-0.148423901,-1.418236259,-1.25088631,-0.373680134,0.321237296,0.563663419,0.281831709,0.321237296,0.242426123,62958.188669763476355,140691466.009446948766708,4,2
39101.529999999998836,158.240000000000009,NM,1.30302E+11,Allie Canyon-Mimbres River,1.30302E+11,0.544914547,-0.744557002,0.446626176,1.952527770594580,-0.33287626,-0.833123996,-0.261691705,-0.095999515,0.231331171,1.225289429032630,-0.952589762,0.260606658,0.293314621,-0.200429177,-0.148423901,-1.418236259,-1.25088631,-0.368664667,0.323254435,0.554585606,0.277292803,0.323254435,0.231331171,89511.344914662462543,158417922.254885226488113,3,2
35244.309999999997672,142.629999999999995,NM,1.30302E+11,Sheppard Canyon-Mimbres River,1.30302E+11,0.619664849,-0.744557002,0.446626176,1.952527770594580,-0.33287626,-0.833123996,-0.261691705,-0.089544867,0.233046832,1.225289429032630,-0.952589762,0.259990526,0.293314621,-0.200429177,-0.148423901,-1.418236259,-1.25088631,-0.368702628,0.323239168,0.556286,0.278143,0.323239168,0.233046832,96172.561807551479433,142786706.178910285234451,3,2
16290.850000000000364,65.930000000000007,NM,1.30302E+11,Noonday Canyon,1.30302E+11,0.447917539,-0.744557002,0.446626176,1.952527770594580,-0.33287626,-0.833123996,-0.261691705,-0.104375155,0.229104905,1.225289429032630,-0.952589762,0.201886759,0.293314621,-0.200429177,-0.148423901,-1.418236259,-1.25088631,-0.372282511,0.321799397,0.550904302,0.275452151,0.321799397,0.229104905,54212.161079024030187,65992171.411373652517796,3,2
28928.220000000001164,117.070000000000007,NM,1.30302E+11,Brunner Canyon-Mimbres River,1.30302E+11,0.12634379,-0.744557002,0.446626176,1.952527770594580,-0.33287626,-0.833123996,-0.261691705,-0.132142874,0.221724176,1.225289429032630,-0.952589762,0.266009616,0.293314621,-0.200429177,-0.148423901,-1.418236259,-1.25088631,-0.368331781,0.323388317,0.545112493,0.272556247,0.323388317,0.221724176,73284.267952166002942,117198822.911366239190102,3,2
34646.970000000001164,140.210000000000008,NM,1.30302E+11,Gallinas Canyon,1.30302E+11,0.536278389,-0.744557002,0.446626176,1.952527770594580,-0.33287626,-0.833123996,-0.261691705,-0.096745243,0.231132954,1.225289429032630,-0.952589762,0.213242429,0.293314621,-0.200429177,-0.148423901,-1.418236259,-1.25088631,-0.371582866,0.322080783,0.553213737,0.276606869,0.322080783,0.231132954,73822.153325238978141,140341941.825682550668716,3,2
16512.569999999999709,66.820000000000007,NM,1.30302E+11,Rio de Arenas,1.30302E+11,-0.136254365,-0.744557002,0.446626176,1.952527770594580,-0.33287626,-0.833123996,-0.261691705,-0.154818083,0.215697049,1.225289429032630,-0.952589762,0.244610958,0.293314621,-0.200429177,-0.148423901,-1.418236259,-1.25088631,-0.369650192,0.322858073,0.538555122,0.269277561,0.322858073,0.215697049,56276.520624306496757,66919096.147538885474205,3,2
35844.770000000004075,145.060000000000002,NM,1.30302E+11,Cameron Creek,1.30302E+11,-0.008252019,-0.744557002,0.446626176,1.952527770594580,-0.33287626,-0.833123996,-0.261691705,-0.14376515,0.218634946,1.225289429032630,-0.952589762,0.246621709,0.293314621,-0.200429177,-0.148423901,-1.418236259,-1.25088631,-0.369526306,0.322907898,0.541542845,0.270771422,0.322907898,0.218634946,85011.089132751003490,145255788.280008196830750,3,2
29842.069999999999709,120.769999999999996,NM,1.30302E+11,Headwaters Whitewater Creek,1.30302E+11,-0.072512075,-0.744557002,0.446626176,1.952527770594580,-0.33287626,-0.833123996,-0.261691705,-0.149313971,0.217160056,1.225289429032630,-0.952589762,0.245229328,0.293314621,-0.200429177,-0.148423901,-1.418236259,-1.25088631,-0.369612093,0.322873396,0.540033452,0.270016726,0.322873396,0.217160056,68808.091146899227169,120921000.093606948852539,3,2
35432.510000000002037,143.390000000000015,NM,1.30302E+11,Cherry Creek-San Vicente Arroyo,1.30302E+11,-0.644879137,-0.744557002,0.446626176,1.952527770594580,-0.33287626,-0.833123996,-0.261691705,-0.198737557,0.204023144,1.225289429032630,-0.952589762,0.288508819,0.293314621,-0.200429177,-0.148423901,-1.418236259,-1.25088631,-0.366945563,0.323945831,0.527968975,0.263984488,0.323945831,0.204023144,137651.526338357391069,143589156.270974576473236,3,2
29063.100000000002183,117.609999999999999,NM,1.30302E+11,Whiterock Canyon,1.30302E+11,-0.41437235,-0.744557002,0.446626176,1.952527770594580,-0.33287626,-0.833123996,-0.261691705,-0.178833421,0.209313713,1.225289429032630,-0.952589762,0.309421319,0.293314621,-0.200429177,-0.148423901,-1.418236259,-1.25088631,-0.365657104,0.324464029,0.533777742,0.266888871,0.324464029,0.209313713,61799.976705281442264,117804488.183892697095871,3,2
48722.489999999997963,197.170000000000016,"NM,TX",1.30301E+11,Vado Arroyo-Rio Grande,1.30301E+11,-1.418966217,-0.433170469,0.654454026,2.025579022561770,0.757506873,-0.860646197,-0.154701285,-0.0986275,0.230632646,-0.373528665,-1.020447097,-0.405331204,0.24418455,-0.499174497,-0.379953389,-1.516725117,-1.832355144,-0.866463225,0.123047892,0.353680538,0.176840269,0.123047892,0.230632646,96694.535959407279734,195076594.131301879882812,3,1
37280.160000000003492,150.870000000000005,"NM,TX",1.30301E+11,Town of Borderland-Rio Grande,1.30301E+11,-1.462263445,-0.433170469,0.654454026,2.025579022561770,0.757506873,-0.860646197,-0.154701285,-0.102366192,0.229638892,-0.373528665,-1.020447097,0.391387287,0.24418455,-0.499174497,-0.379953389,-1.516725117,-1.832355144,-0.817375901,0.142790021,0.372428913,0.186214457,0.142790021,0.229638892,64347.424654488691885,133174473.434449851512909,3,1
30691.580000000001746,124.200000000000003,"NM,TX",1.30301E+11,Mulberry Dam-Rio Grande,1.30301E+11,-1.445863617,-0.433170469,0.654454026,2.025579022561770,0.757506873,-0.860646197,-0.154701285,-0.100950076,0.230015299,-0.373528665,-1.020447097,-0.76440365,0.24418455,-0.499174497,-0.379953389,-1.516725117,-1.832355144,-0.888586353,0.114150327,0.344165626,0.172082813,0.114150327,0.230015299,39229.905872413793986,73698871.390824988484383,3,1
18541.970000000001164,75.040000000000006,"MX,NM,TX",1.30301E+11,City of Coronado Hills-Rio Grande,1.30401E+11,-1.495280112,-0.433170469,0.654454026,2.025579022561770,0.757506873,-0.860646197,-0.154701285,-0.105217164,0.228881097,-0.373528665,-1.020447097,-1.073652562,0.24418455,-0.499174497,-0.379953389,-1.516725117,-1.832355144,-0.90763976,0.106487354,0.335368451,0.167684225,0.106487354,0.228881097,21488.462112314449769,14631034.867581970989704,3,1
37496.620000000002619,151.740000000000009,NM,1.205E+11,City of Elida-Boone Draw,1.205E+11,-1.189236066,-0.83667115,-0.518183152,3.246733352383590,-1.423259393,-0.883285478,-2.345334811,-0.762670279,0.054128427,-0.841298543,-0.325846256,-0.161965122,0.220837165,-0.39398026,1.578330264085580,-0.205418408,-0.629866221,-0.287729125,0.355805404,0.409933831,0.204966915,0.355805404,0.054128427,53022.755027827566664,151677901.553729534149170,1,2
36666.410000000003492,148.379999999999995,NM,1.205E+11,Town of Kermit-Boone Draw,1.205E+11,-1.217667708,-0.83667115,-0.518183152,3.246733352383590,-1.423259393,-0.883285478,-2.345334811,-0.765125336,0.053475867,-0.841298543,-0.325846256,0.246324615,0.220837165,-0.39398026,1.578330264085580,-0.205418408,-0.629866221,-0.262573627,0.365922539,0.419398406,0.209699203,0.365922539,0.053475867,83939.898393560943077,148319429.115599602460861,1,2
38928.750000000000000,157.539999999999992,NM,1.306E+11,Eightmile Draw-Berrendo Creek,1.306E+11,-1.544401747,3.317033723358260,-0.518183152,-0.814895908,-1.423259393,-0.323706589,1.306596151482900,-0.010239812,0.254126313,-0.662716516,-1.401011697,-0.214143543,0.273396174,1.387971363194480,1.004919830139730,1.167743635218800,-0.192423049,0.222015425,0.560816432,0.814942745,0.407471373,0.560816432,0.254126313,78914.416880759890773,157417836.351655960083008,4,4
28770.090000000000146,116.430000000000007,NM,1.306E+11,North Spring River,1.306E+11,-1.619553983,3.317033723358260,-0.518183152,-0.814895908,-1.423259393,-0.323706589,1.306596151482900,-0.016729167,0.252401426,-0.662716516,-1.401011697,-0.128475553,0.273396174,1.387971363194480,1.004919830139730,1.167743635218800,-0.192423049,0.227293591,0.562939226,0.815340652,0.407670326,0.562939226,0.252401426,53144.662301863623725,116339496.771541327238083,4,4
39799.700000000004366,161.060000000000002,NM,1.306E+11,South Spring River-Rio Hondo,1.306E+11,-1.626048285,3.317033723358260,-0.518183152,-0.814895908,-1.423259393,-0.323706589,1.306596151482900,-0.017289946,0.252252369,-0.662716516,-1.401011697,-0.168804952,0.273396174,1.387971363194480,1.004919830139730,1.167743635218800,-0.192423049,0.224808821,0.561939891,0.814192261,0.40709613,0.561939891,0.252252369,119623.945132181019289,160941865.220230728387833,4,4
22228.729999999999563,89.960000000000008,NM,1.306E+11,Loco Canyon-Rio Felix,1.306E+11,-0.445857495,5.678275345077070,-0.518183152,-0.814895908,-1.423259393,-0.620406016,1.346793733717060,0.264844713,0.327244462,-1.290949812,-1.21135531,-0.076930053,0.25623978,1.642310437782060,-0.228219698,1.092622816590940,-0.644860902,0.03952719,0.487422611,0.814667073,0.407333536,0.487422611,0.327244462,52722.852682712546084,89885237.205790996551514,4,3
21022.430000000000291,85.070000000000007,NM,1.306E+11,Silver Springs Canyon,1.306E+11,1.153168461078300,4.748015562593670,-0.518183152,-0.814895908,-1.423259393,-0.627276309,2.108524673904170,0.371153222,0.355501528,-1.23106711,-1.05369394,-0.232561298,0.556761305,1.282465768279870,-1.311160266,0.362215672,0.846990691,0.063576936,0.49709503,0.852596558,0.426298279,0.49709503,0.355501528,59209.071461138024461,85014456.152408212423325,4,3
29541.150000000001455,119.549999999999997,NM,1.306E+11,Headwaters Elk Canyon,1.306E+11,1.026513514773810,4.748015562593670,-0.518183152,-0.814895908,-1.423259393,-0.627276309,2.108524673904170,0.360216636,0.352594556,-1.23106711,-1.05369394,-0.129304311,0.556761305,1.282465768279870,-1.311160266,0.362215672,0.846990691,0.069938793,0.499653666,0.852248222,0.426124111,0.499653666,0.352594556,54361.620960925654799,119463521.316914498806000,4,3
25104.279999999998836,101.590000000000003,NM,1.306E+11,Outlet Elk Canyon,1.306E+11,0.40976483,4.748015562593670,-0.518183152,-0.814895908,-1.423259393,-0.627276309,2.108524673904170,0.30696072,0.338439001,-1.23106711,-1.05369394,-0.161043255,0.556761305,1.282465768279870,-1.311160266,0.362215672,0.846990691,0.067983297,0.498867197,0.837306199,0.418653099,0.498867197,0.338439001,77513.163237731801928,101517057.811828151345253,4,3
27341.190000000002328,110.650000000000006,NM,1.306E+11,Upper Agua Chiquita Creek,1.306E+11,1.410098553621140,4.748015562593670,-0.518183152,-0.814895908,-1.423259393,-0.627276309,2.108524673904170,0.393338997,0.361398562,-1.23106711,-1.05369394,-0.246285407,0.556761305,1.282465768279870,-1.311160266,0.362215672,0.846990691,0.062731368,0.496754956,0.858153518,0.429076759,0.496754956,0.361398562,47425.561437315191142,110568142.419732958078384,5,3
15569.680000000000291,63.009999999999998,NM,1.306E+11,Middle Agua Chiquita Creek,1.306E+11,0.756329022,4.748015562593670,-0.518183152,-0.814895908,-1.423259393,-0.627276309,2.108524673904170,0.33688635,0.346393308,-1.23106711,-1.05369394,-0.206857769,0.556761305,1.282465768279870,-1.311160266,0.362215672,0.846990691,0.065160579,0.497731946,0.844125254,0.422062627,0.497731946,0.346393308,43040.971536596633086,62962079.121549867093563,4,3
24830.979999999999563,100.490000000000009,NM,1.306E+11,Cox Canyon,1.306E+11,1.399857324426470,4.748015562593670,-0.518183152,-0.814895908,-1.423259393,-0.627276309,2.108524673904170,0.392454672,0.361163506,-1.23106711,-1.05369394,-0.269521934,0.556761305,1.282465768279870,-1.311160266,0.362215672,0.846990691,0.061299721,0.496179171,0.857342677,0.428671339,0.496179171,0.361163506,53232.668899992240767,100417753.835602849721909,5,3
30454.479999999999563,123.250000000000000,NM,1.306E+11,Headwaters Rio Penasco,1.306E+11,1.446237068653720,4.748015562593670,-0.518183152,-0.814895908,-1.423259393,-0.627276309,2.108524673904170,0.396459538,0.362228009,-1.23106711,-1.05369394,-0.279063236,0.556761305,1.282465768279870,-1.311160266,0.362215672,0.846990691,0.060711864,0.495942744,0.858170754,0.429085377,0.495942744,0.362228009,65227.484385049610864,123160272.482042074203491,5,3
17826.229999999999563,72.140000000000001,NM,1.306E+11,Bear Creek-Rio Penasco,1.306E+11,0.683311138,4.748015562593670,-0.518183152,-0.814895908,-1.423259393,-0.627276309,2.108524673904170,0.330581296,0.344717409,-1.23106711,-1.05369394,-0.227500982,0.556761305,1.282465768279870,-1.311160266,0.362215672,0.846990691,0.063888711,0.497220421,0.84193783,0.420968915,0.497220421,0.344717409,46049.262963699511602,72087252.566071555018425,4,3
19463.529999999998836,78.769999999999996,NM,1.306E+11,Burnt Canyon,1.306E+11,0.420204835,4.748015562593670,-0.518183152,-0.814895908,-1.423259393,-0.627276309,2.108524673904170,0.307862208,0.338678619,-1.23106711,-1.05369394,-0.21698713,0.556761305,1.282465768279870,-1.311160266,0.362215672,0.846990691,0.064536489,0.497480947,0.836159566,0.418079783,0.497480947,0.338678619,58430.649245594948297,78706756.630490437150002,4,3
15457.139999999999418,62.550000000000004,NM,1.306E+11,Merrett Canyon-Rio Penasco,1.306E+11,0.132079976,4.748015562593670,-0.518183152,-0.814895908,-1.423259393,-0.627276309,2.108524673904170,0.282982782,0.332065606,-1.23106711,-1.05369394,-0.232389719,0.556761305,1.282465768279870,-1.311160266,0.362215672,0.846990691,0.063587507,0.497099282,0.829164888,0.414582444,0.497099282,0.332065606,56808.708077246381436,62505185.540026806294918,4,3
27646.420000000001892,111.879999999999995,NM,1.306E+11,Perk Canyon,1.306E+11,0.852224011,4.748015562593670,-0.518183152,-0.814895908,-1.423259393,-0.627276309,2.108524673904170,0.345166831,0.348594281,-1.23106711,-1.05369394,-0.233057416,0.556761305,1.282465768279870,-1.311160266,0.362215672,0.846990691,0.063546369,0.497082736,0.845677017,0.422838509,0.497082736,0.348594281,65769.356892545998562,111799415.569650515913963,4,3
33474.779999999998836,135.469999999999999,NM,1.306E+11,Copeland Canyon-Rio Penasco,1.306E+11,-0.275022213,4.748015562593670,-0.518183152,-0.814895908,-1.423259393,-0.627276309,2.108524673904170,0.247829728,0.322721837,-1.23106711,-1.05369394,-0.087818738,0.556761305,1.282465768279870,-1.311160266,0.362215672,0.846990691,0.072494797,0.50068165,0.823403487,0.411701743,0.50068165,0.322721837,69748.296876970722224,135361289.875021249055862,4,3
31902.740000000001601,129.110000000000014,NM,1.306E+11,Little Cuevo Canyon-Rio Penasco,1.306E+11,-0.822071429,4.748015562593670,-0.518183152,-0.814895908,-1.423259393,-0.627276309,2.108524673904170,0.200592324,0.310166018,-1.23106711,-1.05369394,-0.044551608,0.556761305,1.282465768279870,-1.311160266,0.362215672,0.846990691,0.075160566,0.501753779,0.811919797,0.405959898,0.501753779,0.310166018,60105.184157011957723,129002718.977314338088036,4,3
25435.540000000000873,102.930000000000007,NM,1.306E+11,Charley White Draw-Rio Penasco,1.306E+11,-1.18583834,4.748015562593670,-0.518183152,-0.814895908,-1.423259393,-0.627276309,2.108524673904170,0.169181248,0.301816876,-1.23106711,-1.05369394,-0.074953473,0.556761305,1.282465768279870,-1.311160266,0.362215672,0.846990691,0.07328745,0.501000442,0.802817318,0.401408659,0.501000442,0.301816876,88220.838652397098485,102852310.686495512723923,4,3
30426.590000000000146,123.130000000000010,NM,1.306E+11,Outlet Palmilla Draw,1.306E+11,-1.927218468,0.657818643,-0.518183152,-0.721797177,0.757506873,0.020132618,0.575011416,-0.178012994,0.209531785,-3.296627224,-1.754441602,0.003768409,0.239999177,0.365764864,-0.138785462,0.55798838,-1.397278299,-0.819070574,0.142108451,0.351640236,0.175820118,0.142108451,0.209531785,65146.421317339649249,123054589.940471544861794,3,1
31881.760000000002037,129.020000000000010,NM,1.306E+11,Outlet Fourmile Draw,1.306E+11,-1.736516559,0.657818643,-0.518183152,-0.721797177,0.757506873,0.020132618,0.575011416,-0.161545987,0.213908756,-3.296627224,-1.754441602,-0.163956946,0.239999177,0.365764864,-0.138785462,0.55798838,-1.397278299,-0.829404449,0.137952334,0.351861089,0.175930545,0.137952334,0.213908756,70516.233257257554214,128925366.606250837445259,3,1
37213.230000000003201,150.599999999999994,NM,1.306E+11,Outlet Rocky Arroyo,1.306E+11,-1.554660355,0.657818643,-0.518183152,-0.721797177,0.757506873,0.020132618,0.575011416,-0.145842802,0.218082701,-3.296627224,-1.754441602,0.17851397,0.239999177,0.365764864,-0.138785462,0.55798838,-1.397278299,-0.808304172,0.146438524,0.364521226,0.182260613,0.146438524,0.218082701,74457.721543084713630,150485188.383840858936310,3,1
21147.360000000000582,85.579999999999998,NM,1.306E+11,Middle Last Chance Canyon,1.306E+11,-0.528522951,0.657818643,-0.518183152,-0.721797177,0.757506873,0.020132618,0.575011416,-0.057236391,0.241634505,-3.296627224,-1.754441602,-0.364583616,0.239999177,0.365764864,-0.138785462,0.55798838,-1.397278299,-0.841765435,0.132980944,0.37461545,0.187307725,0.132980944,0.241634505,43937.085019760743307,85513149.051341012120247,3,1
22206.920000000001892,89.870000000000005,NM,1.306E+11,Headwaters Dark Canyon,1.306E+11,-0.069618559,0.657818643,-0.518183152,-0.721797177,0.757506873,0.020132618,0.575011416,-0.017610245,0.252167233,-3.296627224,-1.754441602,-0.352942799,0.239999177,0.365764864,-0.138785462,0.55798838,-1.397278299,-0.841048222,0.133269396,0.385436629,0.192718315,0.133269396,0.252167233,58426.021998240546964,89797842.320606306195259,4,1
22965.510000000002037,92.939999999999998,NM,1.306E+11,Stone Canyon-Dark Canyon,1.306E+11,-0.909333221,0.657818643,-0.518183152,-0.721797177,0.757506873,0.020132618,0.575011416,-0.090119152,0.232894186,-3.296627224,-1.754441602,-0.315761,0.239999177,0.365764864,-0.138785462,0.55798838,-1.397278299,-0.838757382,0.134190735,0.367084921,0.18354246,0.134190735,0.232894186,64681.870852744134027,92867502.101933404803276,3,1
34282.610000000000582,138.740000000000009,NM,1.306E+11,Chalk Bluff Draw-Pecos River,1.306E+11,-1.810066756,0.657818643,-0.518183152,-0.721797177,0.757506873,0.020132618,0.575011416,-0.167897006,0.212220639,-3.296627224,-1.754441602,-0.197427926,0.239999177,0.365764864,-0.138785462,0.55798838,-1.397278299,-0.831466659,0.137122946,0.349343585,0.174671792,0.137122946,0.212220639,61188.095247111945355,138640462.358326345682144,3,1
17696.959999999999127,71.620000000000005,NM,1.306E+11,Lake McMillan-Pecos River,1.306E+11,-1.860428585,0.657818643,-0.518183152,-0.721797177,0.757506873,0.020132618,0.575011416,-0.172245723,0.211064739,-3.296627224,-1.754441602,-0.213588561,0.239999177,0.365764864,-0.138785462,0.55798838,-1.397278299,-0.832462346,0.136722497,0.347787236,0.173893618,0.136722497,0.211064739,40063.258160596364178,71566771.445128381252289,3,1
23795.799999999999272,96.299999999999997,NM,1.306E+11,Brantley Lake-Pecos River,1.306E+11,-1.806662577,0.657818643,-0.518183152,-0.721797177,0.757506873,0.020132618,0.575011416,-0.167603057,0.212298771,-3.296627224,-1.754441602,0.030586117,0.239999177,0.365764864,-0.138785462,0.55798838,-1.397278299,-0.817418285,0.142772975,0.355071746,0.177535873,0.142772975,0.212298771,56135.807854946317093,96228649.570695936679840,3,1
33553.419999999998254,135.789999999999992,NM,1.306E+11,Dagger Draw,1.306E+11,-1.788876098,0.657818643,-0.518183152,-0.721797177,0.757506873,0.020132618,0.575011416,-0.166067205,0.212707005,-3.296627224,-1.754441602,0.035212477,0.239999177,0.365764864,-0.138785462,0.55798838,-1.397278299,-0.817133246,0.142887613,0.355594618,0.177797309,0.142887613,0.212707005,89632.132679788555834,135693547.967438131570816,3,1
16286.250000000000000,65.909999999999997,NM,1.306E+11,Spencer Draw-Pecos River,1.306E+11,-1.820090472,0.657818643,-0.518183152,-0.721797177,0.757506873,0.020132618,0.575011416,-0.168762549,0.211990576,-3.296627224,-1.754441602,0.05803156,0.239999177,0.365764864,-0.138785462,0.55798838,-1.397278299,-0.815727319,0.143453054,0.35544363,0.177721815,0.143453054,0.211990576,46447.100484215654433,65861285.124460406601429,3,1
35006.910000000003492,141.670000000000016,NM,1.306E+11,Lake Avalon-Pecos River,1.306E+11,-1.926802511,0.657818643,-0.518183152,-0.721797177,0.757506873,0.020132618,0.575011416,-0.177977076,0.209541332,-3.296627224,-1.754441602,-0.230982569,0.239999177,0.365764864,-0.138785462,0.55798838,-1.397278299,-0.833534023,0.136291485,0.345832817,0.172916408,0.136291485,0.209541332,57098.905176151296473,141571974.382177978754044,3,1
11724.639999999999418,47.450000000000003,NM,1.306E+11,Esperanza Draw-Pecos River,1.306E+11,-1.972774748,0.657818643,-0.518183152,-0.721797177,0.757506873,0.020132618,0.575011416,-0.181946754,0.208486181,-3.296627224,-1.754441602,-0.151849375,0.239999177,0.365764864,-0.138785462,0.55798838,-1.397278299,-0.828658478,0.138252351,0.346738532,0.173369266,0.138252351,0.208486181,40637.489328218012815,47416628.459298826754093,3,1
36186.129999999997381,146.439999999999998,NM,1.306E+11,Gunsight Canyon-Black River,1.306E+11,-0.825334918,0.657818643,-0.518183152,-0.721797177,0.757506873,0.020132618,0.575011416,-0.082865944,0.234822106,-3.296627224,-1.754441602,-0.212971819,0.239999177,0.365764864,-0.138785462,0.55798838,-1.397278299,-0.832424347,0.136737779,0.371559886,0.185779943,0.136737779,0.234822106,69572.841213797073578,146327128.336864441633224,3,1
30075.209999999999127,121.710000000000008,NM,1.306E+11,Jurnigan Draw-Black River,1.306E+11,-1.775092244,0.657818643,-0.518183152,-0.721797177,0.757506873,0.020132618,0.575011416,-0.164876976,0.213023371,-3.296627224,-1.754441602,0.014233861,0.239999177,0.365764864,-0.138785462,0.55798838,-1.397278299,-0.818425778,0.142367778,0.355391148,0.177695574,0.142367778,0.213023371,58948.839037098950939,121625499.901816129684448,3,1
30569.250000000000000,123.710000000000008,NM,1.306E+11,Six Mile Dam-Pecos River,1.306E+11,-1.954027225,0.657818643,-0.518183152,-0.721797177,0.757506873,0.020132618,0.575011416,-0.180327915,0.208916473,-3.296627224,-1.754441602,-0.329230111,0.239999177,0.365764864,-0.138785462,0.55798838,-1.397278299,-0.839587239,0.13385698,0.342773452,0.171386726,0.13385698,0.208916473,113303.920407375902869,123631500.192413866519928,3,1
32143.180000000000291,130.080000000000013,NM,1.306E+11,Scoggin Flat-Pecos River,1.306E+11,-2.020609954,0.657818643,-0.518183152,-0.721797177,0.757506873,0.020132618,0.575011416,-0.186077298,0.207388272,-3.296627224,-1.754441602,-0.205784741,0.239999177,0.365764864,-0.138785462,0.55798838,-1.397278299,-0.831981538,0.13691587,0.344304142,0.172152071,0.13691587,0.207388272,69621.188420020815101,129998344.069513633847237,3,1
34450.010000000002037,139.409999999999997,NM,1.306E+11,Upper Red Bluff Draw,1.306E+11,-1.839501742,0.657818643,-0.518183152,-0.721797177,0.757506873,0.020132618,0.575011416,-0.170438702,0.21154505,-3.296627224,-1.754441602,0.057675315,0.239999177,0.365764864,-0.138785462,0.55798838,-1.397278299,-0.815749268,0.143444227,0.354989277,0.177494638,0.143444227,0.21154505,67387.735592891258420,139318904.792171537876129,3,1
25005.770000000000437,101.189999999999998,NM,1.306E+11,Harroun Lake-Pecos River,1.306E+11,-1.972177712,0.657818643,-0.518183152,-0.721797177,0.757506873,0.020132618,0.575011416,-0.1818952,0.208499884,-3.296627224,-1.754441602,-0.344267937,0.239999177,0.365764864,-0.138785462,0.55798838,-1.397278299,-0.840513748,0.133484353,0.341984237,0.170992119,0.133484353,0.208499884,63250.825527216526098,101138265.228218361735344,3,1
35616.840000000003783,144.140000000000015,NM,1.306E+11,Pierce Canyon-Pecos River,1.306E+11,-1.911704842,0.657818643,-0.518183152,-0.721797177,0.757506873,0.020132618,0.575011416,-0.1766734,0.209887852,-3.296627224,-1.754441602,-0.036336238,0.239999177,0.365764864,-0.138785462,0.55798838,-1.397278299,-0.821541497,0.141114686,0.351002537,0.175501269,0.141114686,0.209887852,70694.578864165247069,144059758.848181128501892,3,1
19540.119999999998981,79.079999999999998,NM,1.306E+11,Pickett Draw-Pecos River,1.306E+11,-2.01754678,0.657818643,-0.518183152,-0.721797177,0.757506873,0.020132618,0.575011416,-0.185812794,0.207458578,-3.296627224,-1.754441602,-0.340764509,0.239999177,0.365764864,-0.138785462,0.55798838,-1.397278299,-0.840297895,0.133571165,0.341029743,0.170514872,0.133571165,0.207458578,69211.167857571184868,79031323.540190055966377,3,1
16337.159999999999854,66.109999999999999,NM,1.306E+11,1.306E+11,1.306E+11,-1.992465986,0.657818643,-0.518183152,-0.721797177,0.757506873,0.020132618,0.575011416,-0.183647081,0.20803423,-3.296627224,-1.754441602,0.021853222,0.239999177,0.365764864,-0.138785462,0.55798838,-1.397278299,-0.817956335,0.14255658,0.35059081,0.175295405,0.14255658,0.20803423,40328.735829105091398,66077802.000666990876198,3,1
15262.239999999999782,61.759999999999998,NM,1.306E+11,Coad Tank-Pecos River,1.307E+11,-2.092712263,0.657818643,-0.518183152,-0.721797177,0.757506873,0.020132618,0.575011416,-0.192303293,0.205733387,-3.296627224,-1.754441602,-0.265075176,0.239999177,0.365764864,-0.138785462,0.55798838,-1.397278299,-0.835634533,0.135446694,0.341180082,0.170590041,0.135446694,0.205733387,60933.723034348295187,61727475.895112000405788,3,1
17362.830000000001746,70.260000000000005,NM,1.307E+11,Brushy Draw,1.307E+11,-1.975465812,-0.674908622,-0.518183152,0.694478321,-0.33287626,-0.766100239,-0.462427498,-0.65794611,0.081964371,-2.349799769,-0.462079348,0.031261678,0.247423923,1.514133995870970,0.41360784,2.214166328272240,-2.096996932,-0.083612016,0.43789801,0.519862381,0.25993119,0.43789801,0.081964371,56141.533372470177710,70227458.045372471213341,1,3
25052.810000000001310,101.390000000000001,NM,1.307E+11,City of Jal,1.307E+11,-2.032170317,-0.836107202,-0.518183152,0.967180891,-0.33287626,-0.883285478,-1.107655123,-0.764822442,0.053556376,-1.211573782,-0.489422819,-0.218100091,0.248061303,1.462816988496070,1.439032707805500,2.054916931206250,-1.622395663,0.19188659,0.548699102,0.602255478,0.301127739,0.548699102,0.053556376,58668.288140673284943,101374975.060406178236008,1,4
25718.529999999998836,104.079999999999998,NM,1.305E+11,White Oaks Draw,1.305E+11,0.213503757,0.827622933,-0.102945038,1.470057714406400,0.757506873,-0.871935342,1.289342453390620,0.065835854,0.274347413,0.025583788,-0.99651939,0.096320361,0.384232296,-0.81882567,-1.344452487,-1.393338268,-0.775844859,-0.702300248,0.189071591,0.463419004,0.231709502,0.189071591,0.274347413,61375.435193967932719,104008370.225313320755959,4,1
15747.270000000000437,63.730000000000004,NM,1.305E+11,Brownfield Canyon-Three Rivers,1.305E+11,0.522725156,0.827622933,-0.102945038,1.470057714406400,0.757506873,-0.871935342,1.289342453390620,0.092536954,0.281444632,0.025583788,-0.99651939,-0.302872503,0.384232296,-0.81882567,-1.344452487,-1.393338268,-0.775844859,-0.726895271,0.17917987,0.460624502,0.230312251,0.17917987,0.281444632,41977.523497500602389,63686565.176077328622341,4,1
18399.689999999998690,74.460000000000008,NM,1.305E+11,Golondrina Draw-Three Rivers,1.305E+11,0.44142353,0.827622933,-0.102945038,1.470057714406400,0.757506873,-0.871935342,1.289342453390620,0.085516603,0.279578605,0.025583788,-0.99651939,-0.188698203,0.384232296,-0.81882567,-1.344452487,-1.393338268,-0.775844859,-0.719860778,0.182009029,0.461587635,0.230793817,0.182009029,0.279578605,45690.359403565787943,74413812.477769598364830,4,1
35602.980000000003201,144.080000000000013,NM,1.305E+11,Rinconada Creek,1.305E+11,0.495951408,0.827622933,-0.102945038,1.470057714406400,0.757506873,-0.871935342,1.289342453390620,0.090225056,0.280830124,0.025583788,-0.99651939,-0.069314408,0.384232296,-0.81882567,-1.344452487,-1.393338268,-0.775844859,-0.712505318,0.184967277,0.465797401,0.2328987,0.184967277,0.280830124,56291.084829406616336,143986747.401666730642319,4,1
24460.319999999999709,98.990000000000009,NM,1.305E+11,South Fork Tularosa Canyon,1.305E+11,1.012160363271910,0.827622933,-0.102945038,1.470057714406400,0.757506873,-0.871935342,1.289342453390620,0.13479942,0.292678101,0.025583788,-0.99651939,-0.138348448,0.384232296,-0.81882567,-1.344452487,-1.393338268,-0.775844859,-0.716758635,0.183256661,0.475934762,0.237967381,0.183256661,0.292678101,56664.794102077677962,98919221.031161844730377,4,1
22084.250000000000000,89.370000000000005,NM,1.305E+11,Nogal Canyon,1.305E+11,0.810416422,0.827622933,-0.102945038,1.470057714406400,0.757506873,-0.871935342,1.289342453390620,0.11737894,0.288047694,0.025583788,-0.99651939,-0.121350413,0.384232296,-0.81882567,-1.344452487,-1.393338268,-0.775844859,-0.715711354,0.183677861,0.471725554,0.235862777,0.183677861,0.288047694,58190.704729514050996,89312647.462477907538414,4,1
11177.979999999999563,45.240000000000002,NM,1.305E+11,Upper Tularosa Creek,1.305E+11,0.268756851,0.827622933,-0.102945038,1.470057714406400,0.757506873,-0.871935342,1.289342453390620,0.070606928,0.275615577,0.025583788,-0.99651939,-0.132272609,0.384232296,-0.81882567,-1.344452487,-1.393338268,-0.775844859,-0.716384291,0.183407216,0.459022793,0.229511397,0.183407216,0.275615577,35234.362786807134398,45205823.293619886040688,4,1
13728.989999999999782,55.560000000000002,NM,1.305E+11,Middle Tularosa Creek,1.305E+11,-0.082675027,0.827622933,-0.102945038,1.470057714406400,0.757506873,-0.871935342,1.289342453390620,0.040260976,0.267549547,0.025583788,-0.99651939,-0.061150673,0.384232296,-0.81882567,-1.344452487,-1.393338268,-0.775844859,-0.712002335,0.185169568,0.452719116,0.226359558,0.185169568,0.267549547,47645.857204061474476,55524067.414178594946861,4,1
12890.819999999999709,52.170000000000002,NM,1.305E+11,Cottonwood Wash,1.305E+11,0.054617183,0.827622933,-0.102945038,1.470057714406400,0.757506873,-0.871935342,1.289342453390620,0.052116084,0.270700665,0.025583788,-0.99651939,-0.057701684,0.384232296,-0.81882567,-1.344452487,-1.393338268,-0.775844859,-0.711789836,0.185255032,0.455955696,0.227977848,0.185255032,0.270700665,65535.481565075235267,52134023.271226465702057,4,1
26494.760000000002037,107.219999999999999,NM,1.305E+11,Fresnal Canyon,1.305E+11,0.716340392,0.827622933,-0.102945038,1.470057714406400,0.757506873,-0.871935342,1.289342453390620,0.109255526,0.28588847,0.025583788,-0.99651939,-0.225979892,0.384232296,-0.81882567,-1.344452487,-1.393338268,-0.775844859,-0.722157773,0.181085215,0.466973685,0.233486843,0.181085215,0.28588847,67942.121160129405325,107149903.562100723385811,4,1
13075.909999999999854,52.920000000000002,NM,1.305E+11,La Luz Canyon,1.305E+11,0.505790635,0.827622933,-0.102945038,1.470057714406400,0.757506873,-0.871935342,1.289342453390620,0.091074668,0.281055953,0.025583788,-0.99651939,-0.194650521,0.384232296,-0.81882567,-1.344452487,-1.393338268,-0.775844859,-0.720227511,0.181861535,0.462917488,0.231458744,0.181861535,0.281055953,49012.006151373927423,52881493.792170912027359,4,1
37414.580000000001746,151.409999999999997,NM,1.305E+11,Alamo Canyon,1.305E+11,-0.612561228,0.827622933,-0.102945038,1.470057714406400,0.757506873,-0.871935342,1.289342453390620,-0.005494412,0.255387652,0.025583788,-0.99651939,-0.265135608,0.384232296,-0.81882567,-1.344452487,-1.393338268,-0.775844859,-0.72457023,0.180114964,0.435502616,0.217751308,0.180114964,0.255387652,90434.383030555618461,151320043.172857195138931,4,1
25376.909999999999854,102.700000000000003,NM,1.305E+11,Dog Canyon,1.305E+11,-0.220875949,0.827622933,-0.102945038,1.470057714406400,0.757506873,-0.871935342,1.289342453390620,0.028327401,0.264377573,0.025583788,-0.99651939,-0.090447087,0.384232296,-0.81882567,-1.344452487,-1.393338268,-0.775844859,-0.713807342,0.184443624,0.448821197,0.224410599,0.184443624,0.264377573,57296.584716226476303,102632069.969027802348137,4,1
48729.209999999999127,197.200000000000017,NM,1.305E+11,Bug Scuffle Canyon,1.305E+11,-0.559745887,0.827622933,-0.102945038,1.470057714406400,0.757506873,-0.871935342,1.289342453390620,-0.000933836,0.256599864,0.025583788,-0.99651939,-0.089322011,0.384232296,-0.81882567,-1.344452487,-1.393338268,-0.775844859,-0.713738024,0.184471502,0.441071367,0.220535683,0.184471502,0.256599864,128951.084265333396615,197076413.628848254680634,4,1
33753.129999999997381,136.590000000000003,NM,1.305E+11,Arkansas Canyon-Sacramento River,1.305E+11,1.080807316770950,2.854485356555390,-0.518183152,-0.353867662,-0.33287626,-0.870516617,1.307418286088990,0.089968102,0.280761825,-3.178028513,-2.450505029,-0.224272018,0.243914883,-0.076200195,0.125995492,-0.780453003,-1.179217858,-1.144491498,0.011229409,0.291991234,0.145995617,0.011229409,0.280761825,78675.420210947602754,136500384.095173150300980,4,1
27490.330000000001746,111.250000000000000,NM,1.305E+11,Surveyors Canyon-Sacramento River,1.305E+11,-0.068896861,2.854485356555390,-0.518183152,-0.353867662,-0.33287626,-0.870516617,1.307418286088990,-0.009308233,0.254373929,-3.178028513,-2.450505029,-0.332063311,0.243914883,-0.076200195,0.125995492,-0.780453003,-1.179217858,-1.151132722,0.008558416,0.262932344,0.131466172,0.008558416,0.254373929,82664.637678912273259,111168255.812342301011086,4,1
16879.990000000001601,68.310000000000002,NM,1.305E+11,Headwaters Big Dog Canyon,1.305E+11,-0.422594865,2.854485356555390,-0.518183152,-0.353867662,-0.33287626,-0.870516617,1.307418286088990,-0.039849865,0.246255887,-3.178028513,-2.450505029,-0.417439661,0.243914883,-0.076200195,0.125995492,-0.780453003,-1.179217858,-1.15639292,0.006442849,0.252698736,0.126349368,0.006442849,0.246255887,44592.468772985681426,68256432.088970765471458,4,1
27302.190000000002328,110.490000000000009,NM,1.305E+11,Box Canyon,1.305E+11,-1.015578577,2.854485356555390,-0.518183152,-0.353867662,-0.33287626,-0.870516617,1.307418286088990,-0.091053688,0.232645784,-3.178028513,-2.450505029,-0.434206934,0.243914883,-0.076200195,0.125995492,-0.780453003,-1.179217858,-1.157425983,0.006027368,0.238673152,0.119336576,0.006027368,0.232645784,83274.797287869878346,110399777.036681830883026,3,1
27402.909999999999854,110.900000000000006,NM,1.306E+11,Cibolo Creek,1.306E+11,-1.337851731,-0.164740309,-0.518183152,-0.695294414,0.757506873,-0.823131072,-0.796194255,-0.600912354,0.097124085,-0.966998958,-0.366207333,0.102046575,0.233063009,-1.135372106,0.64743022,-0.759543371,-0.844797499,-0.636629795,0.215483187,0.312607272,0.156303636,0.215483187,0.097124085,61595.859584644735151,110826355.236644253134727,1,1
23064.209999999999127,93.340000000000003,NM,1.306E+11,Eighteenmile Bend-Pecos River,1.306E+11,-1.436392152,-0.164740309,-0.518183152,-0.695294414,0.757506873,-0.823131072,-0.796194255,-0.609421266,0.094862395,-0.966998958,-0.366207333,-0.250071902,0.233063009,-1.135372106,0.64743022,-0.759543371,-0.844797499,-0.658324477,0.206757936,0.301620331,0.150810166,0.206757936,0.094862395,67514.420226525078760,93275578.227219894528389,1,1
21418.490000000001601,86.680000000000007,NM,1.306E+11,Headwaters Arroyo de la Moya,1.306E+11,-1.171724337,-0.164740309,-0.518183152,-0.695294414,0.757506873,-0.823131072,-0.796194255,-0.586567343,0.100937024,-0.966998958,-0.366207333,0.189697825,0.233063009,-1.135372106,0.64743022,-0.759543371,-0.844797499,-0.631229437,0.217655124,0.318592148,0.159296074,0.217655124,0.100937024,49574.311698704936134,86610350.636947333812714,1,1
28751.270000000000437,116.350000000000009,NM,1.306E+11,Gillespie Draw,1.306E+11,-1.273827031,-0.164740309,-0.518183152,-0.695294414,0.757506873,-0.823131072,-0.796194255,-0.595383856,0.098593573,-0.966998958,-0.366207333,0.188203488,0.233063009,-1.135372106,0.64743022,-0.759543371,-0.844797499,-0.631321506,0.217618095,0.316211668,0.158105834,0.217618095,0.098593573,69425.740159638895420,116265536.755652815103531,1,1
37698.090000000003783,152.560000000000002,NM,1.306E+11,Outlet Arroyo de la Moya,1.306E+11,-1.374379888,-0.164740309,-0.518183152,-0.695294414,0.757506873,-0.823131072,-0.796194255,-0.604066541,0.096285694,-0.966998958,-0.366207333,0.12014152,0.233063009,-1.135372106,0.64743022,-0.759543371,-0.844797499,-0.635514932,0.215931567,0.312217261,0.156108631,0.215931567,0.096285694,96146.357680894288933,152445423.699597477912903,1,1
24090.060000000001310,97.490000000000009,NM,1.306E+11,Sand Draw,1.306E+11,-1.444520031,-0.164740309,-0.518183152,-0.695294414,0.757506873,-0.823131072,-0.796194255,-0.610123104,0.094675845,-0.966998958,-0.366207333,-0.033946604,0.233063009,-1.135372106,0.64743022,-0.759543371,-0.844797499,-0.645008591,0.212113371,0.306789215,0.153394608,0.212113371,0.094675845,48362.452455674458179,97427883.744426399469376,1,1
22895.340000000000146,92.650000000000006,NM,1.306E+11,Jane Well,1.306E+11,-1.482861525,-0.164740309,-0.518183152,-0.695294414,0.757506873,-0.823131072,-0.796194255,-0.613433871,0.093795834,-0.966998958,-0.366207333,0.018490625,0.233063009,-1.135372106,0.64743022,-0.759543371,-0.844797499,-0.641777835,0.213412729,0.307208563,0.153604281,0.213412729,0.093795834,58749.912088041986863,92594710.259205937385559,1,1
33571.599999999998545,135.860000000000014,NM,1.306E+11,Hernandez Draw,1.306E+11,-1.328424883,-0.164740309,-0.518183152,-0.695294414,0.757506873,-0.823131072,-0.796194255,-0.600098351,0.097340449,-0.966998958,-0.366207333,0.017510305,0.233063009,-1.135372106,0.64743022,-0.759543371,-0.844797499,-0.641838234,0.213388437,0.310728886,0.155364443,0.213388437,0.097340449,97944.324601262269425,135779635.746904551982880,1,1
34793.430000000000291,140.800000000000011,NM,1.306E+11,Conejo Creek,1.306E+11,-1.351047195,-0.164740309,-0.518183152,-0.695294414,0.757506873,-0.823131072,-0.796194255,-0.602051775,0.096821224,-0.966998958,-0.366207333,0.22562502,0.233063009,-1.135372106,0.64743022,-0.759543371,-0.844797499,-0.629015895,0.218545375,0.315366598,0.157683299,0.218545375,0.096821224,59720.716085242886038,140701625.834451526403427,1,1
29403.209999999999127,118.990000000000009,NM,1.306E+11,Eighteenmile Draw-Pecos River,1.306E+11,-1.446735945,-0.164740309,-0.518183152,-0.695294414,0.757506873,-0.823131072,-0.796194255,-0.610314447,0.094624985,-0.966998958,-0.366207333,-0.055308051,0.233063009,-1.135372106,0.64743022,-0.759543371,-0.844797499,-0.64632471,0.211584049,0.306209034,0.153104517,0.211584049,0.094624985,59570.905045082465222,118908323.590420335531235,1,1
22755.490000000001601,92.090000000000003,NM,1.306E+11,Blanco Canyon-Pecos River,1.306E+11,-1.448650084,-0.164740309,-0.518183152,-0.695294414,0.757506873,-0.823131072,-0.796194255,-0.610479732,0.094581052,-0.966998958,-0.366207333,-0.06153162,0.233063009,-1.135372106,0.64743022,-0.759543371,-0.844797499,-0.646708156,0.211429833,0.306010885,0.153005443,0.211429833,0.094581052,52754.625595616125793,92023528.244417726993561,1,1
37716.279999999998836,152.629999999999995,NM,1.306E+11,Wylie Draw,1.306E+11,-1.352801268,-0.164740309,-0.518183152,-0.695294414,0.757506873,-0.823131072,-0.796194255,-0.602203238,0.096780964,-0.966998958,-0.366207333,0.122464727,0.233063009,-1.135372106,0.64743022,-0.759543371,-0.844797499,-0.635371795,0.215989134,0.312770099,0.156385049,0.215989134,0.096780964,79686.421848338955897,152519020.138026982545853,1,1
35876.169999999998254,145.189999999999998,NM,1.306E+11,Arroyo Arana-Pecos River,1.306E+11,-1.47311566,-0.164740309,-0.518183152,-0.695294414,0.757506873,-0.823131072,-0.796194255,-0.612592321,0.09401952,-0.966998958,-0.366207333,-0.123676788,0.233063009,-1.135372106,0.64743022,-0.759543371,-0.844797499,-0.650537036,0.209889919,0.30390944,0.15195472,0.209889919,0.09401952,89375.387375711681671,145083022.253636032342911,1,1
30305.119999999998981,122.640000000000001,NM,1.306E+11,Willow Creek-Pecos River,1.306E+11,-1.523496321,-0.164740309,-0.518183152,-0.695294414,0.757506873,-0.823131072,-0.796194255,-0.616942664,0.092863189,-0.966998958,-0.366207333,-0.335287619,0.233063009,-1.135372106,0.64743022,-0.759543371,-0.844797499,-0.663574777,0.20464635,0.297509539,0.148754769,0.20464635,0.092863189,59441.105529061213019,122554586.648398622870445,1,1
16558.010000000002037,67.010000000000005,NM,1.306E+11,Van Eaton Draw-Pecos River,1.306E+11,-1.552654954,-0.164740309,-0.518183152,-0.695294414,0.757506873,-0.823131072,-0.796194255,-0.619460496,0.092193942,-0.966998958,-0.366207333,-0.177495479,0.233063009,-1.135372106,0.64743022,-0.759543371,-0.844797499,-0.653852907,0.208556329,0.300750272,0.150375136,0.208556329,0.092193942,55960.270876938164292,66962331.023425459861755,1,1
29450.750000000000000,119.180000000000007,NM,1.306E+11,Crockett Draw-Pecos River,1.306E+11,-1.539654182,-0.164740309,-0.518183152,-0.695294414,0.757506873,-0.823131072,-0.796194255,-0.618337887,0.092492335,-0.966998958,-0.366207333,0.000141072,0.233063009,-1.135372106,0.64743022,-0.759543371,-0.844797499,-0.642908385,0.212958039,0.305450374,0.152725187,0.212958039,0.092492335,62250.559319840540411,119101690.904560446739197,1,1
38303.160000000003492,155.009999999999991,NM,1.306E+11,Bosque Draw-Pecos River,1.306E+11,-1.537976385,-0.164740309,-0.518183152,-0.695294414,0.757506873,-0.823131072,-0.796194255,-0.61819301,0.092530844,-0.966998958,-0.366207333,-0.066662265,0.233063009,-1.135372106,0.64743022,-0.759543371,-0.844797499,-0.647024264,0.211302699,0.303833543,0.151916771,0.211302699,0.092530844,68298.321421074651880,154899074.230904191732407,1,1
32138.979999999999563,130.060000000000002,NM,1.306E+11,Sand Creek-Pecos Draw,1.306E+11,-1.589520976,-0.164740309,-0.518183152,-0.695294414,0.757506873,-0.823131072,-0.796194255,-0.622643857,0.091347797,-0.966998958,-0.366207333,-0.195347211,0.233063009,-1.135372106,0.64743022,-0.759543371,-0.844797499,-0.654952786,0.208113976,0.299461773,0.149730887,0.208113976,0.091347797,64261.354401329313987,129971826.050771206617355,1,1
38904.610000000000582,157.439999999999998,NM,1.306E+11,Bob Crosby Draw-Pecos River,1.306E+11,-1.609785845,-0.164740309,-0.518183152,-0.695294414,0.757506873,-0.823131072,-0.796194255,-0.624393718,0.09088268,-0.966998958,-0.366207333,-0.212473678,0.233063009,-1.135372106,0.64743022,-0.759543371,-0.844797499,-0.65600798,0.207689594,0.298572274,0.149286137,0.207689594,0.09088268,66861.326116186886793,157331103.718763619661331,1,1
38095.879999999997381,154.170000000000016,NM,1.306E+11,Carrizo Creek-Arroyo del Macho,1.306E+11,0.243897066,4.476477783872810,-0.518183152,-0.814895908,-1.423259393,-0.650736894,0.781750065,0.125928968,0.290320312,-0.399322253,-0.535899375,0.00904302,0.248245995,-0.126786836,0.874102387,-0.061633764,-0.70660722,-0.214152071,0.385396907,0.67571722,0.33785861,0.385396907,0.290320312,109671.944681018765550,154055249.254665851593018,4,2
28891.010000000002037,116.920000000000002,NM,1.306E+11,Copeland Canyon-Arroyo Seco,1.306E+11,0.241356063,4.476477783872810,-0.518183152,-0.814895908,-1.423259393,-0.650736894,0.781750065,0.125709554,0.290261992,-0.399322253,-0.535899375,-0.071655786,0.248245995,-0.126786836,0.874102387,-0.061633764,-0.70660722,-0.219124076,0.383397247,0.673659238,0.336829619,0.383397247,0.290261992,53079.929791658687463,116826572.653251513838768,4,2
23235.840000000000146,94.030000000000001,NM,1.306E+11,Arroyo Serrano,1.306E+11,-0.57376495,4.476477783872810,-0.518183152,-0.814895908,-1.423259393,-0.650736894,0.781750065,0.055324294,0.271553415,-0.399322253,-0.535899375,-0.158087249,0.248245995,-0.126786836,0.874102387,-0.061633764,-0.70660722,-0.224449281,0.381255535,0.65280895,0.326404475,0.381255535,0.271553415,67456.129092139701243,93957360.241917014122009,4,2
14518.670000000000073,58.759999999999998,NM,1.306E+11,Lloyds Canyon,1.306E+11,-1.561952688,-0.372997889,-0.518183152,-0.690002545,0.757506873,-0.057669263,-0.404065495,-0.37865954,0.156199434,-1.168425682,-0.020644665,-0.161684913,0.227906169,0.027464466,0.401572235,0.54593521,-1.162974343,-0.265245139,0.3648481,0.521047534,0.260523767,0.3648481,0.156199434,42889.570810219571285,58714491.450387127697468,2,2
27648.729999999999563,111.890000000000001,NM,1.306E+11,Silman Lake,CLOSED BASIN,-1.496704215,-0.372997889,-0.518183152,-0.690002545,0.757506873,-0.057669263,-0.404065495,-0.37302537,0.157697011,-1.168425682,-0.020644665,0.459827361,0.227906169,0.027464466,0.401572235,0.54593521,-1.162974343,-0.2269526,0.380248741,0.537945752,0.268972876,0.380248741,0.157697011,56042.899457379266096,111821421.646799400448799,2,2
34720.300000000002910,140.509999999999991,NM,1.306E+11,Bitter Lake,1.306E+11,-1.616374271,-0.372997889,-0.518183152,-0.690002545,0.757506873,-0.057669263,-0.404065495,-0.383358814,0.154950356,-1.168425682,-0.020644665,-0.161617312,0.227906169,0.027464466,0.401572235,0.54593521,-1.162974343,-0.265240974,0.364849775,0.519800131,0.259900065,0.364849775,0.154950356,106171.253855774542899,140402545.618769347667694,2,2
24950.709999999999127,100.969999999999999,NM,1.306E+11,Dallas Ranch,1.306E+11,-1.55677116,-0.372997889,-0.518183152,-0.690002545,0.757506873,-0.057669263,-0.404065495,-0.378212118,0.15631836,-1.168425682,-0.020644665,-0.099875127,0.227906169,0.027464466,0.401572235,0.54593521,-1.162974343,-0.261436922,0.366379703,0.522698064,0.261349032,0.366379703,0.15631836,56957.359845033490274,100903187.281973287463188,2,2
35260.950000000004366,142.700000000000017,NM,1.306E+11,Shaw Lake-Pecos River,1.306E+11,-1.678967052,-0.372997889,-0.518183152,-0.690002545,0.757506873,-0.057669263,-0.404065495,-0.388763667,0.153513732,-1.168425682,-0.020644665,-0.320028494,0.227906169,0.027464466,0.401572235,0.54593521,-1.162974343,-0.275000985,0.360924456,0.514438189,0.257219094,0.360924456,0.153513732,100727.387310034886468,142593875.867996215820312,2,2
27847.360000000000582,112.689999999999998,NM,1.306E+11,Comanche Draw,1.306E+11,-1.641904243,-0.372997889,-0.518183152,-0.690002545,0.757506873,-0.057669263,-0.404065495,-0.385563314,0.154364394,-1.168425682,-0.020644665,-0.062701172,0.227906169,0.027464466,0.401572235,0.54593521,-1.162974343,-0.259146565,0.367300848,0.521665242,0.260832621,0.367300848,0.154364394,61579.502262058835186,112616050.083715006709099,2,2
13964.800000000001091,56.509999999999998,NM,1.306E+11,Chain Lakes-Pecos River,1.306E+11,-1.718354012,-0.372997889,-0.518183152,-0.690002545,0.757506873,-0.057669263,-0.404065495,-0.39216471,0.152609727,-1.168425682,-0.020644665,-0.201368408,0.227906169,0.027464466,0.401572235,0.54593521,-1.162974343,-0.267690114,0.363864771,0.516474497,0.258237249,0.363864771,0.152609727,50208.676825658192683,56472752.127605244517326,2,2
35098.510000000002037,142.039999999999992,NM,1.306E+11,Town of Midway-Pecos River,1.306E+11,-1.69452435,-0.372997889,-0.518183152,-0.690002545,0.757506873,-0.057669263,-0.404065495,-0.390107032,0.153156663,-1.168425682,-0.020644665,-0.20802344,0.227906169,0.027464466,0.401572235,0.54593521,-1.162974343,-0.268100143,0.363699864,0.516856526,0.258428263,0.363699864,0.153156663,72518.775934079065337,141933807.178010314702988,2,2
20346.330000000001746,82.340000000000003,NM,1.306E+11,Juan Lake,1.306E+11,-1.623125222,-0.372997889,-0.518183152,-0.690002545,0.757506873,-0.057669263,-0.404065495,-0.383941755,0.154795408,-1.168425682,-0.020644665,-0.170807401,0.227906169,0.027464466,0.401572235,0.54593521,-1.162974343,-0.265807193,0.364622051,0.519417459,0.25970873,0.364622051,0.154795408,72525.259922817829647,82276593.881908833980560,2,2
27534.180000000000291,111.430000000000007,NM,1.306E+11,Thirteenmile Draw,1.306E+11,-1.566599525,-0.372997889,-0.518183152,-0.690002545,0.757506873,-0.057669263,-0.404065495,-0.379060792,0.156092781,-1.168425682,-0.020644665,-0.199187136,0.227906169,0.027464466,0.401572235,0.54593521,-1.162974343,-0.267555722,0.363918821,0.520011602,0.260005801,0.363918821,0.156092781,101740.288345000255504,111342190.648515269160271,2,2
28590.819999999999709,115.700000000000003,NM,1.306E+11,Dimmitt Lake-Pecos River,1.306E+11,-1.722054427,-0.372997889,-0.518183152,-0.690002545,0.757506873,-0.057669263,-0.404065495,-0.392484239,0.152524795,-1.168425682,-0.020644665,-0.514772313,0.227906169,0.027464466,0.401572235,0.54593521,-1.162974343,-0.286999518,0.35609884,0.508623635,0.254311818,0.35609884,0.152524795,88311.786844273068709,115619801.974104523658752,1,2
12020.000000000000000,48.640000000000001,NM,1.306E+11,Calumet Ranch,1.306E+11,-1.70229159,-0.372997889,-0.518183152,-0.690002545,0.757506873,-0.057669263,-0.404065495,-0.390777729,0.15297839,-1.168425682,-0.020644665,-0.038169221,0.227906169,0.027464466,0.401572235,0.54593521,-1.162974343,-0.257635105,0.367908733,0.520887123,0.260443561,0.367908733,0.15297839,31215.267259752010432,48609581.121273666620255,2,2
21501.709999999999127,87.010000000000005,NM,1.306E+11,Lake Van-Pecos River,1.306E+11,-1.768060283,-0.372997889,-0.518183152,-0.690002545,0.757506873,-0.057669263,-0.404065495,-0.39645682,0.151468873,-1.168425682,-0.020644665,-0.247617319,0.227906169,0.027464466,0.401572235,0.54593521,-1.162974343,-0.270539596,0.362718755,0.514187628,0.257093814,0.362718755,0.151468873,70787.725223116736743,86952697.712845474481583,1,2
26088.869999999998981,105.579999999999998,"NM,TX",1.305E+11,Upper Dog Canyon,1.305E+11,-0.292747016,2.854485356555390,-0.518183152,-0.353867662,-0.33287626,-0.870516617,1.307418286088990,-0.028637573,0.249236142,-3.178028513,-2.450505029,-0.363226613,0.243914883,-0.076200195,0.125995492,-0.780453003,-1.179217858,-1.153052752,0.007786211,0.257022353,0.128511176,0.007786211,0.249236142,56047.982388534670463,92643424.357492029666901,4,1
23219.430000000000291,93.969999999999999,NM,1.306E+11,Adobe Lake-Long Arroyo,1.306E+11,-1.483874063,-0.372997889,-0.518183152,-0.690002545,0.757506873,-0.057669263,-0.404065495,-0.371917493,0.157991487,-1.168425682,-0.020644665,-0.200450592,0.227906169,0.027464466,0.401572235,0.54593521,-1.162974343,-0.267633566,0.363887513,0.521879001,0.2609395,0.363887513,0.157991487,59012.844959049922181,93910689.887273505330086,2,2
13197.520000000000437,53.410000000000004,NM,1.306E+11,North Morris Tank-Long Arroyo,1.306E+11,-1.735730211,-0.372997889,-0.518183152,-0.690002545,0.757506873,-0.057669263,-0.404065495,-0.393665135,0.15221091,-1.168425682,-0.020644665,-0.058317923,0.227906169,0.027464466,0.401572235,0.54593521,-1.162974343,-0.258876505,0.367409462,0.519620372,0.259810186,0.367409462,0.15221091,63886.113449342898093,53373462.482723422348499,1,2
31115.970000000001164,125.920000000000002,NM,1.306E+11,Headwaters Cottonwood Creek,1.306E+11,-1.698922236,-0.372997889,-0.518183152,-0.690002545,0.757506873,-0.057669263,-0.404065495,-0.390486787,0.153055723,-1.168425682,-0.020644665,-0.03453428,0.227906169,0.027464466,0.401572235,0.54593521,-1.162974343,-0.25741115,0.367998804,0.521054527,0.260527263,0.367998804,0.153055723,70970.124759090205771,125827093.137135356664658,2,2
39461.879999999997381,159.700000000000017,NM,1.306E+11,City of Artesia-Eagle Creek,1.306E+11,-1.650962285,-0.372997889,-0.518183152,-0.690002545,0.757506873,-0.057669263,-0.404065495,-0.386345471,0.154156495,-1.168425682,-0.020644665,-0.035383614,0.227906169,0.027464466,0.401572235,0.54593521,-1.162974343,-0.257463479,0.367977758,0.522134253,0.261067127,0.367977758,0.154156495,95760.714770777689409,159576714.700785666704178,2,2
30157.330000000001746,122.040000000000006,NM,1.306E+11,King Ranch,1.306E+11,-1.740181379,-0.372997889,-0.518183152,-0.690002545,0.757506873,-0.057669263,-0.404065495,-0.394049491,0.152108747,-1.168425682,-0.020644665,0.275213111,0.227906169,0.027464466,0.401572235,0.54593521,-1.162974343,-0.23832703,0.375674129,0.527782876,0.263891438,0.375674129,0.152108747,61646.447382285135973,121960296.782531723380089,1,2
21368.200000000000728,86.469999999999999,NM,1.306E+11,Lake Tolliver-Pecos River,1.306E+11,-1.79917637,-0.372997889,-0.518183152,-0.690002545,0.757506873,-0.057669263,-0.404065495,-0.399143677,0.1507547,-1.168425682,-0.020644665,-0.272376233,0.227906169,0.027464466,0.401572235,0.54593521,-1.162974343,-0.272065039,0.362105246,0.512859946,0.256429973,0.362105246,0.1507547,45167.652801844080386,86413744.599919512867928,1,2
24067.860000000000582,97.400000000000006,NM,1.306E+11,Buffalo Lake,1.306E+11,-1.748658059,-0.372997889,-0.518183152,-0.690002545,0.757506873,-0.057669263,-0.404065495,-0.394781448,0.151914191,-1.168425682,-0.020644665,-0.033593437,0.227906169,0.027464466,0.401572235,0.54593521,-1.162974343,-0.257353183,0.368022117,0.519936309,0.259968154,0.368022117,0.151914191,43915.121634595700016,97333780.288364291191101,1,2
17988.209999999999127,72.799999999999997,NM,1.306E+11,Buffalo Valley-Pecos River,1.306E+11,-1.791528637,-0.372997889,-0.518183152,-0.690002545,0.757506873,-0.057669263,-0.404065495,-0.398483299,0.15093023,-1.168425682,-0.020644665,-0.282587829,0.227906169,0.027464466,0.401572235,0.54593521,-1.162974343,-0.272694195,0.36185221,0.51278244,0.25639122,0.36185221,0.15093023,54413.492188931035344,72745343.075423181056976,1,2
26506.900000000001455,107.269999999999996,NM,1.306E+11,Lake Arthur-Pecos River,1.306E+11,-1.816156313,-0.372997889,-0.518183152,-0.690002545,0.757506873,-0.057669263,-0.404065495,-0.400609886,0.150364978,-1.168425682,-0.020644665,-0.25012823,0.227906169,0.027464466,0.401572235,0.54593521,-1.162974343,-0.270694298,0.362656536,0.513021514,0.256510757,0.362656536,0.150364978,70435.863523198975599,107193352.974590152502060,1,2
10399.319999999999709,42.079999999999998,NM,1.306E+11,130600071310-Pecos River,1.306E+11,-1.788349461,-0.372997889,-0.518183152,-0.690002545,0.757506873,-0.057669263,-0.404065495,-0.398208779,0.151003198,-1.168425682,-0.020644665,-0.242756511,0.227906169,0.027464466,0.401572235,0.54593521,-1.162974343,-0.270240113,0.362839202,0.5138424,0.2569212,0.362839202,0.151003198,62462.279592071790830,42054331.483785219490528,1,2
19636.180000000000291,79.460000000000008,NM,1.306E+11,Dog Canyon Draw,1.306E+11,-1.730953838,-0.372997889,-0.518183152,-0.690002545,0.757506873,-0.057669263,-0.404065495,-0.393252698,0.152320537,-1.168425682,-0.020644665,-0.119886426,0.227906169,0.027464466,0.401572235,0.54593521,-1.162974343,-0.262669856,0.365883837,0.518204374,0.259102187,0.365883837,0.152320537,49093.997114327219606,79411244.511585250496864,1,2
27289.580000000001746,110.439999999999998,NM,1.306E+11,Hart Canyon,1.306E+11,-1.719228819,-0.372997889,-0.518183152,-0.690002545,0.757506873,-0.057669263,-0.404065495,-0.392240249,0.152589648,-1.168425682,-0.020644665,-0.167253793,0.227906169,0.027464466,0.401572235,0.54593521,-1.162974343,-0.265588248,0.364710107,0.517299755,0.258649878,0.364710107,0.152589648,63882.675736591976602,110363712.079808592796326,2,2
15838.680000000000291,64.099999999999994,NM,1.306E+11,Logan Draw-Pecos River,1.306E+11,-1.801187722,-0.372997889,-0.518183152,-0.690002545,0.757506873,-0.057669263,-0.404065495,-0.399317356,0.150708536,-1.168425682,-0.020644665,-0.270860927,0.227906169,0.027464466,0.401572235,0.54593521,-1.162974343,-0.271971679,0.362142794,0.51285133,0.256425665,0.362142794,0.150708536,57897.655921750614652,64052380.231464467942715,1,2
36813.290000000000873,148.979999999999990,NM,1.306E+11,Brainard Lake-Pecos River,1.306E+11,-1.809481879,-0.372997889,-0.518183152,-0.690002545,0.757506873,-0.057669263,-0.404065495,-0.400033552,0.150518169,-1.168425682,-0.020644665,-0.248262181,0.227906169,0.027464466,0.401572235,0.54593521,-1.162974343,-0.270579327,0.362702776,0.513220944,0.256610472,0.362702776,0.150518169,92958.566523494926514,148871019.111264050006866,1,2
15752.350000000000364,63.750000000000000,NM,1.306E+11,Carrizo Creek,1.306E+11,0.819860212,3.317033723358260,-0.518183152,-0.814895908,-1.423259393,-0.323706589,1.306596151482900,0.193912931,0.308390619,-0.662716516,-1.401011697,-0.014578127,0.273396174,1.387971363194480,1.004919830139730,1.167743635218800,-0.192423049,0.234311025,0.565761524,0.874152143,0.437076072,0.565761524,0.308390619,39035.557875968086591,63703757.874322287738323,4,4
30344.810000000001310,122.799999999999997,NM,1.306E+11,Cherokee Bill Canyon,1.306E+11,0.801653889,3.317033723358260,-0.518183152,-0.814895908,-1.423259393,-0.323706589,1.306596151482900,0.192340825,0.307972749,-0.662716516,-1.401011697,-0.107740377,0.273396174,1.387971363194480,1.004919830139730,1.167743635218800,-0.192423049,0.228571124,0.563453029,0.871425778,0.435712889,0.563453029,0.307972749,68536.102954070971464,122714518.532807990908623,4,4
30848.639999999999418,124.840000000000003,NM,1.306E+11,Upper Rio Ruidoso,1.306E+11,1.058398291767500,3.317033723358260,-0.518183152,-0.814895908,-1.423259393,-0.323706589,1.306596151482900,0.214510566,0.313865521,-0.662716516,-1.401011697,-0.106095082,0.273396174,1.387971363194480,1.004919830139730,1.167743635218800,-0.192423049,0.228672494,0.563493798,0.877359319,0.43867966,0.563493798,0.313865521,61577.210156087523501,124753964.718721076846123,4,4
37264.980000000003201,150.810000000000002,NM,1.306E+11,Devils Canyon,1.306E+11,0.55518848,3.317033723358260,-0.518183152,-0.814895908,-1.423259393,-0.323706589,1.306596151482900,0.17105867,0.302315899,-0.662716516,-1.401011697,-0.18929119,0.273396174,1.387971363194480,1.004919830139730,1.167743635218800,-0.192423049,0.223546625,0.561432256,0.863748156,0.431874078,0.561432256,0.302315899,89976.917524382661213,150697679.722639709711075,4,4
37185.069999999999709,150.479999999999990,NM,1.306E+11,Middle Rio Ruidoso,1.306E+11,0.291089143,3.317033723358260,-0.518183152,-0.814895908,-1.423259393,-0.323706589,1.306596151482900,0.148253835,0.296254318,-0.662716516,-1.401011697,-0.346359069,0.273396174,1.387971363194480,1.004919830139730,1.167743635218800,-0.192423049,0.213869378,0.557540224,0.853794541,0.426897271,0.557540224,0.296254318,77979.535018482798478,150372057.567216724157333,4,4
20810.139999999999418,84.219999999999999,NM,1.306E+11,Lower Rio Ruidoso,1.306E+11,-0.221715549,3.317033723358260,-0.518183152,-0.814895908,-1.423259393,-0.323706589,1.306596151482900,0.103973427,0.284484475,-0.662716516,-1.401011697,-0.072790808,0.273396174,1.387971363194480,1.004919830139730,1.167743635218800,-0.192423049,0.230724433,0.564319055,0.84880353,0.424401765,0.564319055,0.284484475,57033.808624930963560,84150841.815805882215500,4,4
25864.670000000001892,104.670000000000002,NM,1.306E+11,Upper Rio Bonita,1.306E+11,1.326130904608000,3.317033723358260,-0.518183152,-0.814895908,-1.423259393,-0.323706589,1.306596151482900,0.237629132,0.320010493,-0.662716516,-1.401011697,-0.460990615,0.273396174,1.387971363194480,1.004919830139730,1.167743635218800,-0.192423049,0.206806713,0.554699734,0.874710227,0.437355114,0.554699734,0.320010493,47638.305277553983615,104600405.429532364010811,4,4
22344.760000000002037,90.430000000000007,NM,1.306E+11,Magado Canyon,1.306E+11,0.408279235,3.317033723358260,-0.518183152,-0.814895908,-1.423259393,-0.323706589,1.306596151482900,0.158373136,0.298944053,-0.662716516,-1.401011697,-0.087455415,0.273396174,1.387971363194480,1.004919830139730,1.167743635218800,-0.192423049,0.229820919,0.563955676,0.862899729,0.431449864,0.563955676,0.298944053,50263.089663716033101,90361936.981471076607704,4,4
19872.229999999999563,80.420000000000002,NM,1.306E+11,Headwaters Salado Creek,1.306E+11,0.351179416,3.317033723358260,-0.518183152,-0.814895908,-1.423259393,-0.323706589,1.306596151482900,0.153442598,0.297633504,-0.662716516,-1.401011697,-0.011587928,0.273396174,1.387971363194480,1.004919830139730,1.167743635218800,-0.192423049,0.234495257,0.56583562,0.863469123,0.431734562,0.56583562,0.297633504,52258.913823822360428,80362451.339174225926399,4,4
20737.939999999998690,83.920000000000002,NM,1.306E+11,Outlet Salado Creek,1.306E+11,0.246506184,3.317033723358260,-0.518183152,-0.814895908,-1.423259393,-0.323706589,1.306596151482900,0.144404121,0.295231054,-0.662716516,-1.401011697,-0.012576286,0.273396174,1.387971363194480,1.004919830139730,1.167743635218800,-0.192423049,0.234434363,0.565811129,0.861042183,0.430521091,0.565811129,0.295231054,73776.227760925045004,83860981.131553068757057,4,4
32272.020000000000437,130.599999999999994,NM,1.306E+11,Middle Rio Bonita,1.306E+11,0.231365315,3.317033723358260,-0.518183152,-0.814895908,-1.423259393,-0.323706589,1.306596151482900,0.143096715,0.294883542,-0.662716516,-1.401011697,-0.185007179,0.273396174,1.387971363194480,1.004919830139730,1.167743635218800,-0.192423049,0.223810571,0.561538411,0.856421953,0.428210977,0.561538411,0.294883542,73051.332027527183527,130504733.233536422252655,4,4
32297.930000000000291,130.710000000000008,NM,1.306E+11,Lower Rio Bonita,1.306E+11,-0.135668717,3.317033723358260,-0.518183152,-0.814895908,-1.423259393,-0.323706589,1.306596151482900,0.111403525,0.286459413,-0.662716516,-1.401011697,-0.053485396,0.273396174,1.387971363194480,1.004919830139730,1.167743635218800,-0.192423049,0.231913875,0.564797429,0.851256843,0.425628421,0.564797429,0.286459413,76657.079731291029020,130604549.075805857777596,4,4
18998.869999999998981,76.890000000000001,NM,1.306E+11,Talley Canyon-Rio Hondo,1.306E+11,-0.545686153,3.317033723358260,-0.518183152,-0.814895908,-1.423259393,-0.323706589,1.306596151482900,0.07599874,0.277048734,-0.662716516,-1.401011697,-0.133899495,0.273396174,1.387971363194480,1.004919830139730,1.167743635218800,-0.192423049,0.226959412,0.562804824,0.839853558,0.419926779,0.562804824,0.277048734,68620.116442054990330,76824939.962955147027969,4,4
19870.920000000001892,80.409999999999997,NM,1.306E+11,Town of Sunset-Rio Hondo,1.306E+11,-0.702979112,3.317033723358260,-0.518183152,-0.814895908,-1.423259393,-0.323706589,1.306596151482900,0.062416578,0.273438562,-0.662716516,-1.401011697,-0.174122009,0.273396174,1.387971363194480,1.004919830139730,1.167743635218800,-0.192423049,0.224481227,0.561808138,0.8352467,0.41762335,0.561808138,0.273438562,49705.653999949179706,80350672.031038001179695,4,4
17843.830000000001746,72.210000000000008,NM,1.306E+11,Agua Chiquita Creek-Blackwater Canyon,1.306E+11,-0.466288334,3.317033723358260,-0.518183152,-0.814895908,-1.423259393,-0.323706589,1.306596151482900,0.082854699,0.278871065,-0.662716516,-1.401011697,-0.135164834,0.273396174,1.387971363194480,1.004919830139730,1.167743635218800,-0.192423049,0.226881452,0.56277347,0.841644535,0.420822267,0.56277347,0.278871065,53181.759715255946503,72154091.264170944690704,4,4
19280.240000000001601,78.019999999999996,"NM,TX",1.306E+11,Big Canyon,1.306E+11,-0.218752544,0.657818643,-0.518183152,-0.721797177,0.757506873,0.020132618,0.575011416,-0.030487884,0.248744325,-3.296627224,-1.754441602,-0.325960022,0.239999177,0.365764864,-0.138785462,0.55798838,-1.397278299,-0.839385763,0.13393801,0.382682335,0.191341168,0.13393801,0.248744325,40979.972790198327857,48067715.283116377890110,4,1
23371.029999999998836,94.579999999999998,"NM,TX",1.306E+11,Upper McKittrick Canyon,1.306E+11,0.200938185,0.657818643,-0.518183152,-0.721797177,0.757506873,0.020132618,0.575011416,0.005752184,0.258377025,-3.296627224,-1.754441602,-0.363492927,0.239999177,0.365764864,-0.138785462,0.55798838,-1.397278299,-0.841698236,0.133007971,0.391384996,0.195692498,0.133007971,0.258377025,13699.776609329221174,8436632.427911166101694,4,1
25079.709999999999127,101.490000000000009,"NM,TX",1.306E+11,Lower McKittrick Canyon,1.306E+11,-1.41360588,0.657818643,-0.518183152,-0.721797177,0.757506873,0.020132618,0.575011416,-0.133662824,0.22132017,-3.296627224,-1.754441602,-0.169743202,0.239999177,0.365764864,-0.138785462,0.55798838,-1.397278299,-0.829760951,0.137808954,0.359129124,0.179564562,0.137808954,0.22132017,48298.235213522500999,56918641.028604365885258,3,1
34800.540000000000873,140.830000000000013,"NM,TX",1.307E+11,Red Bluff Reservoir-Pecos River,1.307E+11,-2.091876061,-0.674908622,-0.518183152,0.694478321,-0.33287626,-0.766100239,-0.462427498,-0.667998072,0.079292534,-2.349799769,-0.462079348,-0.199748147,0.247423923,1.514133995870970,0.41360784,2.214166328272240,-2.096996932,-0.097844965,0.432173747,0.511466282,0.255733141,0.432173747,0.079292534,52580.680294746394793,42741628.234896123409271,1,3
38903.739999999997963,157.439999999999998,"NM,TX",1.307E+11,Gyp Draw-Delaware River,1.306E+11,-2.059857642,1.921742687852370,-0.518183152,-0.814895908,-1.423259393,-0.869682117,1.603431618447750,-0.343300531,0.165597947,-3.354463456,-0.907664403,-0.150902937,0.242269866,0.007885999,-1.803738811,0.589493558,-2.038455272,-1.018866848,0.061753615,0.227351562,0.113675781,0.061753615,0.165597947,40042.264866617668304,38174653.338101357221603,2,1
36683.180000000000291,148.450000000000017,"CO,NM",1.40801E+11,Ditch Canyon-Animas River,1.40801E+11,0.065702601,-0.83667115,-0.518183152,-0.814895908,-2.513642526,-0.693181935,-1.63627616,-0.795842751,0.045311101,0.493077714,-0.398335631,-0.064936624,0.694747167,-4.844413486,-0.335761664,-0.034747596,-0.96578904,-1.172412581,0,0.045311101,0.022655551,0,0.045311101,38672.457545386147103,73098762.753814131021500,1,1
32784.220000000001164,132.670000000000016,"CO,NM",1.301E+11,Toltec Creek-Rio de Los Pinos,1.301E+11,2.248759417511630,-0.83667115,2.601376614164990,-0.814895908,-2.513642526,6.106606190074830,3.042489298014620,2.795880284090960,1.000000000000000,-0.586660517,-0.004042568,-0.53504594,-5.729338357,3.204025156749460,0.28806409,2.906429118610580,1.441011618378130,0.955010882,0.855615372,1.855615371914270,0.927807686,0.855615372,1.000000000000000,51833.674578885082155,59459172.070305861532688,5,5
18012.360000000000582,72.890000000000001,"CO,NM",1.30201E+11,Wolf Creek,1.30201E+11,1.919254017391970,-0.694322299,-0.374439185,-0.202746346,0.757506873,1.595268052810170,0.781792097,0.558004846,0.405167153,-0.572388519,0.286742863,-0.718195774,-2.534839024,1.903996223416780,-0.483764455,1.335335030990230,1.084741913001590,0.525466728,0.682859648,1.088026801128120,0.544013401,0.682859648,0.405167153,34175.178543245237961,48035431.390570387244225,5,5
29935.490000000001601,121.140000000000001,"CO,NM",1.30201E+11,Rio Chamita,1.30201E+11,1.264785360092360,-0.694322299,-0.374439185,-0.202746346,0.757506873,1.595268052810170,0.781792097,0.501491831,0.390145854,-0.572388519,0.286742863,-2.004235026,-2.534839024,1.903996223416780,-0.483764455,1.335335030990230,1.084741913001590,0.446231432,0.650992491,1.041138344524930,0.520569172,0.650992491,0.390145854,53800.453585724331788,81712511.103856518864632,5,4
29055.380000000001019,117.579999999999998,"CO,NM",1.30201E+11,Little Willow Creek-Rio Chama,1.30201E+11,1.609702685888850,-0.694322299,-0.374439185,-0.202746346,0.757506873,1.595268052810170,0.781792097,0.531275256,0.398062362,-0.572388519,0.286742863,-1.215150779,-2.534839024,1.903996223416780,-0.483764455,1.335335030990230,1.084741913001590,0.494848396,0.670545449,1.068607810789900,0.534303905,0.670545449,0.398062362,62266.507881822159106,85695372.275126039981842,5,4
32467.400000000001455,131.390000000000015,"CO,NM",1.40801E+11,Arroyo Escondido-San Juan River,1.40801E+11,0.396040304,-0.83667115,-0.518183152,-0.814895908,-2.513642526,-0.449224749,-1.425877727,-0.674647901,0.077524993,0.020108385,-0.029476302,0.361076761,0.546155661,-0.437150831,-0.411429862,0.916799397,-0.106799693,0.046586869,0.490261899,0.567786893,0.283893446,0.490261899,0.077524993,55470.986589380729129,37423388.435390003025532,1,3
33073.849999999998545,133.849999999999994,"CO,NM",1.40801E+11,Outlet Los Pinos River,1.40801E+11,0.115417006,-0.83667115,-0.518183152,-0.814895908,-2.513642526,-0.449224749,-1.425877727,-0.698879571,0.071084155,0.020108385,-0.029476302,0.024088353,0.546155661,-0.437150831,-0.411429862,0.916799397,-0.106799693,0.02582438,0.481911561,0.552995717,0.276497858,0.481911561,0.071084155,64004.834587233039201,126378361.599561914801598,1,3
22548.639999999999418,91.250000000000000,"CO,NM",1.40801E+11,Eul Canyon-Navajo Reservoir,1.40801E+11,0.166402858,-0.83667115,-0.518183152,-0.814895908,-2.513642526,-0.449224749,-1.425877727,-0.694476971,0.072254377,0.020108385,-0.029476302,-0.043525332,0.546155661,-0.437150831,-0.411429862,0.916799397,-0.106799693,0.021658574,0.480236141,0.552490519,0.276245259,0.480236141,0.072254377,52422.492452898113697,73020902.704000726342201,1,3
26075.709999999999127,105.519999999999996,"CO,NM",1.40801E+11,Cox Canyon,1.40801E+11,-0.020570894,-0.83667115,-0.518183152,-0.814895908,-2.513642526,-0.693181935,-1.63627616,-0.803292421,0.043330961,0.493077714,-0.398335631,0.540983671,0.694747167,-4.844413486,-0.335761664,-0.034747596,-0.96578904,-1.135080693,0.015014283,0.058345244,0.029172622,0.015014283,0.043330961,36015.337923634215258,52039928.596561305224895,1,1
18782.400000000001455,76.010000000000005,"CO,NM",1.40801E+11,Murphy Arroyo-La Plata River,1.40801E+11,-0.120158296,-0.249974014,-0.518183152,-0.814895908,-0.33287626,-0.730520535,-1.431042469,-0.609640474,0.094804129,1.358344163146150,0.588003079,0.222641476,0.585297554,-2.748474079,-0.267390645,-0.174692287,-1.227265184,-0.502617647,0.26938071,0.364184838,0.182092419,0.26938071,0.094804129,39710.794504554527521,63939874.186253681778908,1,2
18626.360000000000582,75.379999999999995,"CO,NM",1.40801E+11,Outlet Mancos River,1.40802E+11,-0.846878644,-0.83667115,-0.518183152,-0.814895908,-3.604025659,-0.883285478,-1.345217161,-0.966311819,0,1.784400797912870,1.017058678682300,0.238851618,0.566076825,0.854168424,-0.013273308,0.36695707,-1.702780659,0.415713622,0.63871872,0.63871872,0.31935936,0.63871872,0,31909.129796048848220,44943363.690806657075882,1,4
10845.370000000000800,43.890000000000001,"AZ,NM",1.40801E+11,Shoe Game Wash,1.40801E+11,-0.738392976,-0.249974014,-0.518183152,-0.814895908,-0.33287626,-0.730520535,-1.431042469,-0.663024705,0.080614468,1.358344163146150,0.588003079,0.820858072,0.585297554,-2.748474079,-0.267390645,-0.174692287,-1.227265184,-0.465760398,0.2842041,0.364818568,0.182409284,0.2842041,0.080614468,30241.673620006829879,21282318.782088354229927,1,2
30512.430000000000291,123.480000000000004,"AZ,NM",1.40801E+11,Salt Wash-San Juan River,1.40802E+11,-0.851597827,-0.249974014,-0.518183152,-0.814895908,-0.33287626,-0.730520535,-1.431042469,-0.672799883,0.078016201,1.358344163146150,0.588003079,0.715261491,0.585297554,-2.748474079,-0.267390645,-0.174692287,-1.227265184,-0.472266401,0.28158749,0.359603692,0.179801846,0.28158749,0.078016201,57816.653602362945094,104538939.321765407919884,1,2
7662.420000000000073,31.010000000000002,"AZ,NM",1.40802E+11,Prarie Dog Valley,1.40802E+11,1.372880415309400,-0.111675379,-0.518183152,-0.814895908,-1.423259393,1.402070050589060,0.322305387,0.272630686,0.329313993,1.027096199408480,0.229858196,0.557501735,0.733829759,-1.277621311,-2.371103227,-2.534973942,-0.50908263,-0.630590804,0.217911972,0.547225965,0.273612983,0.217911972,0.329313993,32900.879556437779684,30812629.743163995444775,4,1
26887.690000000002328,108.810000000000002,"AZ,NM",1.40802E+11,Upper Wheatfields Creek,1.40802E+11,1.395666463457560,-0.111675379,-0.518183152,-0.814895908,-1.423259393,1.402070050589060,0.322305387,0.274598249,0.329836976,1.027096199408480,0.229858196,0.579094307,0.733829759,-1.277621311,-2.371103227,-2.534973942,-0.50908263,-0.629260445,0.218447021,0.548283997,0.274141999,0.218447021,0.329836976,54374.771169129417103,67046163.364837810397148,4,1
42910.840000000003783,173.650000000000006,"AZ,NM",1.40802E+11,Crystal Creek,1.40802E+11,1.090782934530470,-0.111675379,-0.518183152,-0.814895908,-1.423259393,1.402070050589060,0.322305387,0.248271721,0.32283932,1.027096199408480,0.229858196,0.789851979,0.733829759,-1.277621311,-2.371103227,-2.534973942,-0.50908263,-0.616275268,0.223669449,0.546508769,0.273254384,0.223669449,0.32283932,66241.354194875762914,118002804.231902092695236,4,1
44419.340000000003783,179.759999999999991,"AZ,NM",1.40802E+11,Whiskey Creek,1.40802E+11,1.262664021544640,-0.111675379,-0.518183152,-0.814895908,-1.423259393,1.402070050589060,0.322305387,0.26311356,0.326784317,1.027096199408480,0.229858196,0.575760031,0.733829759,-1.277621311,-2.371103227,-2.534973942,-0.50908263,-0.629465876,0.2183644,0.545148717,0.272574359,0.2183644,0.326784317,51451.256517756242829,86115152.684494048357010,4,1
7592.170000000000073,30.719999999999999,"AZ,NM",1.502E+11,Cienega Amarilla,1.502E+11,0.038337358,-0.707057553,0.576144559,-0.814895908,-0.33287626,-0.596127561,-0.711666723,-0.208861283,0.201332233,0.949729618,0.833328738,0.443551692,0.605297687,0.617299085,1.167494441491150,1.919748594764440,-0.001495233,0.815096833,0.7993442,1.000676432558780,0.500338216,0.7993442,0.201332233,30244.598995214746537,26901387.850751522928476,2,5
19034.439999999998690,77.030000000000001,"AZ,NM",1.502E+11,Surrender Canyon-Puerco River,1.502E+11,0.093283284,-0.353097742,-0.518183152,-0.814895908,-1.423259393,-0.726881541,-1.625334918,-0.684449695,0.074919652,0.088583483,-0.186728939,0.575004462,0.244274042,-1.447260787,-1.267743796,-0.967479893,-0.10007702,-0.519761091,0.262485893,0.337405545,0.168702773,0.262485893,0.074919652,44832.772827385364508,65643796.558575488626957,1,1
18283.000000000000000,73.989999999999995,NM,1.40801E+11,Miller Canyon,1.40801E+11,0.808657213,-0.83667115,-0.518183152,-0.814895908,-2.513642526,-0.449224749,-1.425877727,-0.639018654,0.086995336,0.020108385,-0.029476302,0.566774025,0.546155661,-0.437150831,-0.411429862,0.916799397,-0.106799693,0.059260264,0.495358934,0.58235427,0.291177135,0.495358934,0.086995336,50976.108861187080038,73980128.156853377819061,1,3
23039.229999999999563,93.239999999999995,NM,1.40801E+11,Outlet Canon Bancos,1.40801E+11,0.268654353,-0.83667115,-0.518183152,-0.814895908,-2.513642526,-0.449224749,-1.425877727,-0.685647609,0.074601244,0.020108385,-0.029476302,0.475124406,0.546155661,-0.437150831,-0.411429862,0.916799397,-0.106799693,0.053613559,0.493087921,0.567689164,0.283844582,0.493087921,0.074601244,59509.568999868824903,93260823.775169551372528,1,3
29646.170000000001892,119.969999999999999,NM,1.40801E+11,Laguna Seca Draw-Navajo Reservoir,1.40801E+11,0.03193451,-0.83667115,-0.518183152,-0.814895908,-2.513642526,-0.449224749,-1.425877727,-0.70608824,0.069168073,0.020108385,-0.029476302,0.143936205,0.546155661,-0.437150831,-0.411429862,0.916799397,-0.106799693,0.033208431,0.484881308,0.554049381,0.27702469,0.484881308,0.069168073,66767.555600874940865,120020829.188010379672050,1,3
17204.959999999999127,69.629999999999995,NM,1.40801E+11,Dick Earl Canyon-Navajo Reservoir,1.40801E+11,0.008395704,-0.83667115,-0.518183152,-0.814895908,-2.513642526,-0.449224749,-1.425877727,-0.708120803,0.068627813,0.020108385,-0.029476302,-0.160656977,0.546155661,-0.437150831,-0.411429862,0.916799397,-0.106799693,0.014441873,0.477333701,0.545961514,0.272980757,0.477333701,0.068627813,53332.914964261857676,69659844.255857244133949,1,3
14062.050000000001091,56.910000000000004,NM,1.40801E+11,Lower Pump Canyon,1.40801E+11,-0.112285188,-0.83667115,-0.518183152,-0.814895908,-2.513642526,-0.449224749,-1.425877727,-0.718541533,0.065857957,0.020108385,-0.029476302,0.520449236,0.546155661,-0.437150831,-0.411429862,0.916799397,-0.106799693,0.056406107,0.494211038,0.560068995,0.280034498,0.494211038,0.065857957,47127.010233429115033,56945814.363278053700924,1,3
21090.840000000000146,85.350000000000009,NM,1.40801E+11,Salvador Canyon-San Juan River,1.40801E+11,-0.108482401,-0.83667115,-0.518183152,-0.814895908,-2.513642526,-0.449224749,-1.425877727,-0.718213164,0.065945238,0.020108385,-0.029476302,-0.549124776,0.546155661,-0.437150831,-0.411429862,0.916799397,-0.106799693,-0.009492359,0.467707739,0.533652978,0.266826489,0.467707739,0.065945238,65966.846766389571712,85402700.795940011739731,1,3
30287.560000000001310,122.570000000000007,NM,1.40801E+11,Manzanares Canyon-San Juan River,1.40801E+11,-0.202810286,-0.83667115,-0.518183152,-0.814895908,-2.513642526,-0.449224749,-1.425877727,-0.726358326,0.063780234,0.020108385,-0.029476302,-0.017071306,0.546155661,-0.437150831,-0.411429862,0.916799397,-0.106799693,0.023288456,0.480891654,0.544671888,0.272335944,0.480891654,0.063780234,62768.088838679846958,122657569.732210084795952,1,3
38117.309999999997672,154.259999999999991,NM,1.40801E+11,Slane Canyon-San Juan River,1.40801E+11,-0.262941027,-0.83667115,-0.518183152,-0.814895908,-2.513642526,-0.449224749,-1.425877727,-0.731550583,0.062400119,0.020108385,-0.029476302,0.234570286,0.546155661,-0.437150831,-0.411429862,0.916799397,-0.106799693,0.038792567,0.487127157,0.549527276,0.274763638,0.487127157,0.062400119,89643.074179969407851,154380014.735548645257950,1,3
34055.900000000001455,137.819999999999993,NM,1.40801E+11,Sullivan Canyon-San Juan River,1.40801E+11,-0.361363698,-0.83667115,-0.518183152,-0.814895908,-2.513642526,-0.449224749,-1.425877727,-0.740049328,0.060141132,0.020108385,-0.029476302,0.512607522,0.546155661,-0.437150831,-0.411429862,0.916799397,-0.106799693,0.055922964,0.494016726,0.554157858,0.277078929,0.494016726,0.060141132,63293.825883840632741,137946360.034526646137238,1,3
28333.850000000002183,114.659999999999997,NM,1.40801E+11,Horn Canyon-San Juan River,1.40801E+11,-0.372212634,-0.83667115,-0.518183152,-0.814895908,-2.513642526,-0.449224749,-1.425877727,-0.740986127,0.059892128,0.020108385,-0.029476302,1.117429997149840,0.546155661,-0.437150831,-0.411429862,0.916799397,-0.106799693,0.093187214,0.509003806,0.568895934,0.284447967,0.509003806,0.059892128,74523.021500496979570,114781219.636927500367165,1,3
19666.010000000002037,79.590000000000003,NM,1.40801E+11,Head Canyon-San Juan River,1.40801E+11,-0.465760359,-0.83667115,-0.518183152,-0.814895908,-2.513642526,-0.449224749,-1.425877727,-0.749063923,0.05774503,0.020108385,-0.029476302,0.980942779,0.546155661,-0.437150831,-0.411429862,0.916799397,-0.106799693,0.08477798,0.505621748,0.563366778,0.281683389,0.505621748,0.05774503,41108.858966255436826,79678589.455695658922195,1,3
20066.709999999999127,81.210000000000008,NM,1.40801E+11,Munoz Creek,1.40801E+11,0.314373241,-0.83667115,-0.518183152,-0.814895908,-2.513642526,-0.883285478,-1.698882044,-0.836698773,0.034451469,0.063960751,0.665913099,0.453949965,0.507740504,1.487634900887580,-1.127538449,1.191073448963560,-0.222225222,0.535408479,0.686858059,0.721309528,0.360654764,0.686858059,0.034451469,56234.131473510875367,81230403.297173827886581,1,5
11733.620000000000800,47.480000000000004,NM,1.40801E+11,Jasis Canyon,1.40801E+11,0.041050525,-0.83667115,-0.518183152,-0.814895908,-2.513642526,-0.883285478,-1.698882044,-0.860300042,0.028178193,0.063960751,0.665913099,0.511263501,0.507740504,1.487634900887580,-1.127538449,1.191073448963560,-0.222225222,0.538939673,0.688278249,0.716456442,0.358228221,0.688278249,0.028178193,35019.398173148161732,47510990.836185462772846,1,5
27520.830000000001746,111.370000000000005,NM,1.40801E+11,Tucker Canyon-Animas River,1.40801E+11,-0.127696449,-0.83667115,-0.518183152,-0.814895908,-2.513642526,-0.693181935,-1.63627616,-0.812542654,0.040872226,0.493077714,-0.398335631,0.165406801,0.694747167,-4.844413486,-0.335761664,-0.034747596,-0.96578904,-1.15822069,0.00570775,0.046579975,0.023289988,0.00570775,0.040872226,62581.775136203301372,111469315.420859694480896,1,1
37011.750000000000000,149.780000000000001,NM,1.40801E+11,Estes Arroyo-Animas River,1.40801E+11,-0.175098971,-0.83667115,-0.518183152,-0.814895908,-2.513642526,-0.693181935,-1.63627616,-0.816635837,0.039784248,0.493077714,-0.398335631,0.433726188,0.694747167,-4.844413486,-0.335761664,-0.034747596,-0.96578904,-1.141689028,0.012356517,0.052140765,0.026070382,0.012356517,0.039784248,67459.130617632545182,149917668.537333905696869,1,1
27405.560000000001310,110.909999999999997,NM,1.40801E+11,Flora Vista Arroyo-Animas River,1.40801E+11,-0.330104967,-0.83667115,-0.518183152,-0.814895908,-2.513642526,-0.693181935,-1.63627616,-0.830020521,0.036226565,0.493077714,-0.398335631,0.487551121,0.694747167,-4.844413486,-0.335761664,-0.034747596,-0.96578904,-1.138372773,0.013690262,0.049916827,0.024958413,0.013690262,0.036226565,57362.708189140343165,111019717.902163654565811,1,1
21351.740000000001601,86.409999999999997,NM,1.40801E+11,City of Farmington-Animas River,1.40801E+11,-0.462233764,-0.83667115,-0.518183152,-0.814895908,-2.513642526,-0.693181935,-1.63627616,-0.841429771,0.033193958,0.493077714,-0.398335631,0.245458103,0.694747167,-4.844413486,-0.335761664,-0.034747596,-0.96578904,-1.153288579,0.007691365,0.040885323,0.020442662,0.007691365,0.033193958,48235.811891155652120,86505001.032283991575241,1,1
16538.580000000001746,66.930000000000007,NM,1.301E+11,Beaver Creek,1.301E+11,2.218301582648560,-0.83667115,2.601376614164990,-0.814895908,-2.513642526,6.106606190074830,3.042489298014620,2.793250266497770,0.999300935,-0.586660517,-0.004042568,-0.630070269,-5.729338357,3.204025156749460,0.28806409,2.906429118610580,1.441011618378130,0.949156255,0.853260735,1.852561670044230,0.926280835,0.853260735,0.999300935,39338.961629428093147,66898038.046918950974941,5,5
33714.110000000000582,136.439999999999998,NM,1.301E+11,Canada Tio Grande-Rio San Antonio,1.301E+11,2.057409475569720,-0.83667115,2.601376614164990,-0.814895908,-2.513642526,6.106606190074830,3.042489298014620,2.779357319933250,0.995608155,-0.586660517,-0.004042568,-0.052827422,-5.729338357,3.204025156749460,0.28806409,2.906429118610580,1.441011618378130,0.984721272,0.867564411,1.863172566037950,0.931586283,0.867564411,0.995608155,65323.581192471276154,136368205.971185564994812,5,5
34322.309999999997672,138.900000000000006,NM,1.305E+11,Arroyo de Tajique,1.305E+11,0.401729361,0.080962104,-0.518183152,-0.814895908,-1.423259393,-0.837641641,-0.257844834,-0.508655999,0.121646053,0.058854002,0.377117759,0.299308085,0.339587034,-0.635012236,-0.173229142,-0.129576287,-0.088453846,-0.087898628,0.436174003,0.557820056,0.278910028,0.436174003,0.121646053,68833.003571352703148,138834216.272243082523346,1,3
20843.889999999999418,84.350000000000009,NM,1.40801E+11,Blue Lake Wash-McDermott Arroyo,1.40801E+11,-0.207655269,-0.249974014,-0.518183152,-0.814895908,-0.33287626,-0.730520535,-1.431042469,-0.617195791,0.092795907,1.358344163146150,0.588003079,0.632898454,0.585297554,-2.748474079,-0.267390645,-0.174692287,-1.227265184,-0.477340943,0.279546592,0.372342499,0.186171249,0.279546592,0.092795907,45745.019353612056875,84444865.557807996869087,1,2
36771.090000000003783,148.810000000000002,NM,1.40801E+11,Cottonwood Arroyo-La Plata River,1.40801E+11,-0.396993782,-0.249974014,-0.518183152,-0.814895908,-0.33287626,-0.730520535,-1.431042469,-0.633545069,0.088450228,1.358344163146150,0.588003079,0.337705003,0.585297554,-2.748474079,-0.267390645,-0.174692287,-1.227265184,-0.495528366,0.272231904,0.360682132,0.180341066,0.272231904,0.088450228,74663.537101201683981,148988598.639183938503265,1,2
32353.200000000000728,130.930000000000007,NM,1.40801E+11,Outlet Shumway Arroyo,1.40801E+11,-0.590087965,-0.249974014,-0.518183152,-0.814895908,-0.33287626,-0.730520535,-1.431042469,-0.650218647,0.08401835,1.358344163146150,0.588003079,0.979978269,0.585297554,-2.748474079,-0.267390645,-0.174692287,-1.227265184,-0.455956703,0.288146988,0.372165337,0.186082669,0.288146988,0.08401835,66987.337835742000607,131125736.545318096876144,1,2
23634.799999999999272,95.650000000000006,NM,1.40801E+11,Farmington Glade,1.40801E+11,-0.159723079,-0.249974014,-0.518183152,-0.814895908,-0.33287626,-0.730520535,-1.431042469,-0.613056872,0.093896042,1.358344163146150,0.588003079,0.661210262,0.585297554,-2.748474079,-0.267390645,-0.174692287,-1.227265184,-0.475596599,0.280248139,0.37414418,0.18707209,0.280248139,0.093896042,85633.595282775844680,95751421.797178879380226,1,2
27952.639999999999418,113.120000000000005,NM,1.40801E+11,Headwaters Ojo Amarillo Canyon,1.40801E+11,-0.18442968,-0.249974014,-0.518183152,-0.814895908,-0.33287626,-0.730520535,-1.431042469,-0.615190274,0.093328978,1.358344163146150,0.588003079,0.88284468,0.585297554,-2.748474079,-0.267390645,-0.174692287,-1.227265184,-0.461941286,0.285740085,0.379069063,0.189534532,0.285740085,0.093328978,56699.879866698902333,113263759.103116601705551,1,2
25509.850000000002183,103.230000000000004,NM,1.40801E+11,Coolidge Arroyo-San Juan River,1.40801E+11,-0.534041829,-0.249974014,-0.518183152,-0.814895908,-0.33287626,-0.730520535,-1.431042469,-0.645379094,0.085304715,1.358344163146150,0.588003079,0.613713607,0.585297554,-2.748474079,-0.267390645,-0.174692287,-1.227265184,-0.478522958,0.279071205,0.364375919,0.18218796,0.279071205,0.085304715,60401.917241259361617,103370904.264017418026924,1,2
32215.900000000001455,130.370000000000005,NM,1.40801E+11,Stevens Arroyo-San Juan River,1.40801E+11,-0.610973581,-0.249974014,-0.518183152,-0.814895908,-0.33287626,-0.730520535,-1.431042469,-0.652022109,0.083538985,1.358344163146150,0.588003079,0.533373235,0.585297554,-2.748474079,-0.267390645,-0.174692287,-1.227265184,-0.483472879,0.277080426,0.360619411,0.180309706,0.277080426,0.083538985,65165.380055070942035,130563448.102380543947220,1,2
21694.880000000001019,87.799999999999997,NM,1.40801E+11,Lower Salt Creek Wash,1.40801E+11,-0.731282468,-0.249974014,-0.518183152,-0.814895908,-0.33287626,-0.730520535,-1.431042469,-0.662410717,0.080777667,1.358344163146150,0.588003079,0.893351005,0.585297554,-2.748474079,-0.267390645,-0.174692287,-1.227265184,-0.461293972,0.286000425,0.366778092,0.183389046,0.286000425,0.080777667,46719.369718148889660,87953864.619993835687637,1,2
29846.959999999999127,120.790000000000006,NM,1.40801E+11,Eagle Nest Arroyo,1.40801E+11,-0.563057552,-0.249974014,-0.518183152,-0.814895908,-0.33287626,-0.730520535,-1.431042469,-0.647884586,0.084638749,1.358344163146150,0.588003079,0.867390524,0.585297554,-2.748474079,-0.267390645,-0.174692287,-1.227265184,-0.462893446,0.285357142,0.369995891,0.184997945,0.285357142,0.084638749,64942.434856748994207,120986594.001439005136490,1,2
22101.860000000000582,89.439999999999998,NM,1.40801E+11,Waughan Arroyo-San Juan River,1.40801E+11,-0.738463936,-0.249974014,-0.518183152,-0.814895908,-0.33287626,-0.730520535,-1.431042469,-0.663030832,0.080612839,1.358344163146150,0.588003079,0.554724628,0.585297554,-2.748474079,-0.267390645,-0.174692287,-1.227265184,-0.482157379,0.277609499,0.358222338,0.179111169,0.277609499,0.080612839,64604.273216807501740,89591385.870426744222641,1,2
28390.779999999998836,114.890000000000001,NM,1.40801E+11,Many Devils Wash-San Juan River,1.40801E+11,-0.797523808,-0.249974014,-0.518183152,-0.814895908,-0.33287626,-0.730520535,-1.431042469,-0.66813062,0.079257303,1.358344163146150,0.588003079,0.335873224,0.585297554,-2.748474079,-0.267390645,-0.174692287,-1.227265184,-0.495641226,0.272186513,0.351443816,0.175721908,0.272186513,0.079257303,76910.009809113442316,115111153.798178195953369,1,2
21032.069999999999709,85.109999999999999,NM,1.40801E+11,Middle Shiprock Wash,1.40801E+11,-0.643135017,-0.249974014,-0.518183152,-0.814895908,-0.33287626,-0.730520535,-1.431042469,-0.654799232,0.082800819,1.358344163146150,0.588003079,0.82401371,0.585297554,-2.748474079,-0.267390645,-0.174692287,-1.227265184,-0.465565973,0.284282295,0.367083114,0.183541557,0.284282295,0.082800819,43932.280656753493531,85292089.991850987076759,1,2
30364.950000000000728,122.879999999999995,NM,1.40801E+11,Malpais Arroyo-San Juan River,1.40801E+11,-0.795740249,-0.249974014,-0.518183152,-0.814895908,-0.33287626,-0.730520535,-1.431042469,-0.667976611,0.079298239,1.358344163146150,0.588003079,0.725614701,0.585297554,-2.748474079,-0.267390645,-0.174692287,-1.227265184,-0.471628521,0.281844036,0.361142274,0.180571137,0.281844036,0.079298239,53504.140002938998805,123121356.217169910669327,1,2
30846.500000000000000,124.829999999999998,NM,1.40801E+11,Canal Creek-San Juan River,1.40801E+11,-0.846199855,-0.249974014,-0.518183152,-0.814895908,-0.33287626,-0.730520535,-1.431042469,-0.672333771,0.078140095,1.358344163146150,0.588003079,0.516274009,0.585297554,-2.748474079,-0.267390645,-0.174692287,-1.227265184,-0.484526394,0.276656719,0.354796814,0.177398407,0.276656719,0.078140095,60838.527573975508858,125093872.409426808357239,1,2
20899.290000000000873,84.579999999999998,NM,1.40801E+11,Headwaters Figueredo Wash,1.40801E+11,0.169283589,-0.827855628,-0.518183152,-0.814895908,-0.33287626,-0.877973798,-1.837082585,-0.732482026,0.062152539,0.756681619,0.448110622,0.720215513,0.432529673,-0.690400076,-1.315803008,-0.316437919,-0.929941772,-0.193240878,0.393807051,0.45595959,0.227979795,0.393807051,0.062152539,52904.755448594427435,84759681.417537406086922,1,2
37925.970000000001164,153.479999999999990,NM,1.30201E+11,Los Alamos Canyon,1.30201E+11,0.743727871,0.153004765,3.160849657975070,0.52194796,0.757506873,0.25742834,1.243407160137290,1.297436989972370,0.601710053,0.197910208,0.68889681,0.178277449,-1.916650831,0.822078261,0.362083591,1.530812340087640,1.534386241860980,0.715430901,0.759260171,1.360970224033550,0.680485112,0.759260171,0.601710053,67764.293829270609422,153409629.861221253871918,5,5
12555.590000000000146,50.810000000000002,NM,1.30201E+11,East Fork Rio Brazos,1.30201E+11,2.485165061902970,-0.694322299,-0.374439185,-0.202746346,0.757506873,1.595268052810170,0.781792097,0.606870959,0.418155887,-0.572388519,0.286742863,-0.606555227,-2.534839024,1.903996223416780,-0.483764455,1.335335030990230,1.084741913001590,0.532345112,0.685626023,1.103781910295580,0.551890955,0.685626023,0.418155887,34846.275808371654421,50789183.036444671452045,5,5
11120.739999999999782,45.000000000000000,NM,1.30201E+11,West Fork Rio Brazos,1.30201E+11,2.482605479969750,-0.694322299,-0.374439185,-0.202746346,0.757506873,1.595268052810170,0.781792097,0.60664994,0.41809714,-0.572388519,0.286742863,-1.106486032,-2.534839024,1.903996223416780,-0.483764455,1.335335030990230,1.084741913001590,0.501543436,0.673238086,1.091335225895470,0.545667613,0.673238086,0.41809714,39663.605699866137002,44986017.167907983064651,5,4
10411.930000000000291,42.140000000000001,NM,1.30201E+11,Gavilan Creek,1.30201E+11,2.233405227506410,-0.694322299,-0.374439185,-0.202746346,0.757506873,1.595268052810170,0.781792097,0.585131633,0.412377521,-0.572388519,0.286742863,-2.761540462,-2.534839024,1.903996223416780,-0.483764455,1.335335030990230,1.084741913001590,0.399572421,0.63222699,1.044604510418690,0.522302255,0.63222699,0.412377521,32952.232017682028527,42116375.527225375175476,5,4
28144.819999999999709,113.900000000000006,NM,1.30201E+11,Hidden Lake-Rio Brazos,1.30201E+11,2.327447767301950,-0.694322299,-0.374439185,-0.202746346,0.757506873,1.595268052810170,0.781792097,0.593252156,0.414535976,-0.572388519,0.286742863,-1.242496887,-2.534839024,1.903996223416780,-0.483764455,1.335335030990230,1.084741913001590,0.493163551,0.669867831,1.084403807205190,0.542201904,0.669867831,0.414535976,57261.330758712429088,113846694.574848815798759,5,4
15706.940000000000509,63.560000000000002,NM,1.30201E+11,Chavez Creek,1.30201E+11,1.918921441103180,-0.694322299,-0.374439185,-0.202746346,0.757506873,1.595268052810170,0.781792097,0.557976128,0.40515952,-0.572388519,0.286742863,-2.940327528,-2.534839024,1.903996223416780,-0.483764455,1.335335030990230,1.084741913001590,0.388557013,0.627796771,1.032956290775400,0.516478145,0.627796771,0.40515952,43793.958709962309513,63539226.761063225567341,5,4
30083.770000000000437,121.740000000000009,NM,1.30201E+11,Encinado Creek-Rio Brazos,1.30201E+11,1.718074803563180,-0.694322299,-0.374439185,-0.202746346,0.757506873,1.595268052810170,0.781792097,0.540633129,0.400549708,-0.572388519,0.286742863,-2.270501796,-2.534839024,1.903996223416780,-0.483764455,1.335335030990230,1.084741913001590,0.429826236,0.644394586,1.044944293774480,0.522472147,0.644394586,0.400549708,65851.071458668127889,121696131.199497953057289,5,4
15097.159999999999854,61.100000000000001,NM,1.30201E+11,Daggett Canyon-Canones Creek,1.30201E+11,2.055258000424990,-0.694322299,-0.374439185,-0.202746346,0.757506873,1.595268052810170,0.781792097,0.569748716,0.408288703,-0.572388519,0.286742863,-2.560165297,-2.534839024,1.903996223416780,-0.483764455,1.335335030990230,1.084741913001590,0.411979523,0.637216926,1.045505629262020,0.522752815,0.637216926,0.408288703,47403.961590213424643,61073131.158971801400185,5,4
24517.709999999999127,99.219999999999999,NM,1.30201E+11,Brazos Creek-Rio Chama,1.30201E+11,0.983281145,-0.694322299,-0.374439185,-0.202746346,0.757506873,1.595268052810170,0.781792097,0.477184094,0.383684797,-0.572388519,0.286742863,-1.746108745,-2.534839024,1.903996223416780,-0.483764455,1.335335030990230,1.084741913001590,0.462135078,0.65738868,1.041073477140170,0.520536739,0.65738868,0.383684797,71429.473318345379084,99186907.535470440983772,5,4
26626.040000000000873,107.750000000000000,NM,1.30201E+11,Canada de Tio Roque,1.30201E+11,0.882919384,-0.694322299,-0.374439185,-0.202746346,0.757506873,1.595268052810170,0.781792097,0.46851791,0.381381304,-0.572388519,0.286742863,0.062002087,-2.534839024,1.903996223416780,-0.483764455,1.335335030990230,1.084741913001590,0.573536185,0.702192407,1.083573710971630,0.541786855,0.702192407,0.381381304,47819.922304859130236,107727341.736324429512024,5,5
24146.630000000001019,97.719999999999999,NM,1.30201E+11,Canada de la Laguna-Willow Creek,1.30201E+11,0.760573601,-0.694322299,-0.374439185,-0.202746346,0.757506873,1.595268052810170,0.781792097,0.457953418,0.378573235,-0.572388519,0.286742863,-0.415173175,-2.534839024,1.903996223416780,-0.483764455,1.335335030990230,1.084741913001590,0.54413652,0.690368337,1.068941572068890,0.534470786,0.690368337,0.378573235,47430.174382916222385,97691549.965689003467560,5,5
17249.720000000001164,69.810000000000002,NM,1.30201E+11,Heron Reservoir-Willow Creek,1.30201E+11,0.615218388,-0.694322299,-0.374439185,-0.202746346,0.757506873,1.595268052810170,0.781792097,0.445402073,0.375237057,-0.572388519,0.286742863,-0.342671145,-2.534839024,1.903996223416780,-0.483764455,1.335335030990230,1.084741913001590,0.548603507,0.692164887,1.067401943428640,0.533700972,0.692164887,0.375237057,44758.870725640175806,69790459.599380761384964,5,5
39156.260000000002037,158.460000000000008,NM,1.30201E+11,Rito de Tierra Amarilla,1.30201E+11,1.383166588006610,-0.694322299,-0.374439185,-0.202746346,0.757506873,1.595268052810170,0.781792097,0.511713986,0.392862928,-0.572388519,0.286742863,-2.612265528,-2.534839024,1.903996223416780,-0.483764455,1.335335030990230,1.084741913001590,0.40876953,0.635925919,1.028788846400010,0.514394423,0.635925919,0.392862928,72924.086718870996265,158400599.271473973989487,5,4
27191.190000000002328,110.040000000000006,NM,1.30201E+11,Stone Lake-Boulder Creek,1.30201E+11,0.863431359,-0.694322299,-0.374439185,-0.202746346,0.757506873,1.595268052810170,0.781792097,0.466835129,0.380934016,-0.572388519,0.286742863,0.642776806,-2.534839024,1.903996223416780,-0.483764455,1.335335030990230,1.084741913001590,0.609318808,0.7165836,1.097517616773070,0.548758808,0.7165836,0.380934016,56569.265306176443119,110028368.606440663337708,5,5
34954.080000000001746,141.450000000000017,NM,1.30201E+11,Stinking Lake,CLOSED BASIN,0.660324304,-0.694322299,-0.374439185,-0.202746346,0.757506873,1.595268052810170,0.781792097,0.449296945,0.376272323,-0.572388519,0.286742863,0.673601162,-2.534839024,1.903996223416780,-0.483764455,1.335335030990230,1.084741913001590,0.611217954,0.717347406,1.093619729858220,0.546809865,0.717347406,0.376272323,83170.237196153699188,141443614.105390459299088,5,5
38435.300000000002910,155.539999999999992,NM,1.30201E+11,Boulder Creek-El Vado Reservoir,1.30201E+11,0.660696931,-0.694322299,-0.374439185,-0.202746346,0.757506873,1.595268052810170,0.781792097,0.449329121,0.376280876,-0.572388519,0.286742863,0.523731383,-2.534839024,1.903996223416780,-0.483764455,1.335335030990230,1.084741913001590,0.601984195,0.713633738,1.089914613624170,0.544957307,0.713633738,0.376280876,83367.557174594752723,155517736.686635375022888,5,5
29762.340000000000146,120.439999999999998,NM,1.30201E+11,Headwaters Rio Cebolla,1.30201E+11,1.047644271927280,-0.694322299,-0.374439185,-0.202746346,0.757506873,1.595268052810170,0.781792097,0.482741815,0.385162053,-0.572388519,0.286742863,-0.790885049,-2.534839024,1.903996223416780,-0.483764455,1.335335030990230,1.084741913001590,0.520988206,0.681058458,1.066220511107710,0.533110256,0.681058458,0.385162053,66671.320233713355265,120399418.405170738697052,5,5
35773.900000000001455,144.770000000000010,NM,1.30201E+11,Outlet Rio Cebolla,1.30201E+11,0.644885668,-0.694322299,-0.374439185,-0.202746346,0.757506873,1.595268052810170,0.781792097,0.447963827,0.375917977,-0.572388519,0.286742863,0.420839342,-2.534839024,1.903996223416780,-0.483764455,1.335335030990230,1.084741913001590,0.595644823,0.711084145,1.087002121963020,0.543501061,0.711084145,0.375917977,71431.842364883937989,144732273.596220731735229,5,5
20790.540000000000873,84.140000000000001,NM,1.30201E+11,Rio Capulin,1.30201E+11,1.251311450041060,-0.694322299,-0.374439185,-0.202746346,0.757506873,1.595268052810170,0.781792097,0.500328366,0.389836602,-0.572388519,0.286742863,0.158078846,-2.534839024,1.903996223416780,-0.483764455,1.335335030990230,1.084741913001590,0.579455655,0.704573123,1.094409724300720,0.547204862,0.704573123,0.389836602,51997.493210288550472,84123493.575270026922226,5,5
18419.100000000002183,74.540000000000006,NM,1.30201E+11,Upper Rio Gallina,1.30201E+11,1.184279040396450,-0.694322299,-0.374439185,-0.202746346,0.757506873,1.595268052810170,0.781792097,0.494540154,0.388298081,-0.572388519,0.286742863,1.217745615044600,-2.534839024,1.903996223416780,-0.483764455,1.335335030990230,1.084741913001590,0.644743717,0.730830927,1.119129007536660,0.559564504,0.730830927,0.388298081,51714.969997498279554,74531459.704375967383385,5,5
23336.569999999999709,94.439999999999998,NM,1.30201E+11,Middle Rio Gallina,1.30201E+11,0.86292675,-0.694322299,-0.374439185,-0.202746346,0.757506873,1.595268052810170,0.781792097,0.466791557,0.380922435,-0.572388519,0.286742863,0.493239029,-2.534839024,1.903996223416780,-0.483764455,1.335335030990230,1.084741913001590,0.600105504,0.712878158,1.093800593085980,0.546900297,0.712878158,0.380922435,44147.826227247620409,94424835.337547466158867,5,5
33003.419999999998254,133.560000000000002,NM,1.30201E+11,Lower Rio Gallina,1.30201E+11,0.713502641,-0.694322299,-0.374439185,-0.202746346,0.757506873,1.595268052810170,0.781792097,0.453888866,0.377492867,-0.572388519,0.286742863,0.559700614,-2.534839024,1.903996223416780,-0.483764455,1.335335030990230,1.084741913001590,0.604200327,0.71452503,1.092017897548360,0.546008949,0.71452503,0.377492867,68944.195941491692793,133537120.237276062369347,5,5
21813.479999999999563,88.280000000000001,NM,1.30201E+11,Upper Rio Nutrias,1.30201E+11,1.452729888691550,-0.694322299,-0.374439185,-0.202746346,0.757506873,1.595268052810170,0.781792097,0.517720739,0.394459538,-0.572388519,0.286742863,-2.522389552,-2.534839024,1.903996223416780,-0.483764455,1.335335030990230,1.084741913001590,0.414306958,0.638152983,1.032612520447640,0.51630626,0.638152983,0.394459538,50070.398535026164609,88240458.789533838629723,5,4
14711.420000000000073,59.539999999999999,NM,1.30201E+11,Rito de los Ojas,1.30201E+11,0.566879789,-0.694322299,-0.374439185,-0.202746346,0.757506873,1.595268052810170,0.781792097,0.441228062,0.374127594,-0.572388519,0.286742863,0.393286922,-2.534839024,1.903996223416780,-0.483764455,1.335335030990230,1.084741913001590,0.593947267,0.710401415,1.084529008990990,0.542264504,0.710401415,0.374127594,48678.487857986117888,59518292.861854888498783,5,5
12298.100000000000364,49.770000000000003,NM,1.30201E+11,Lower Rio Nutrias,1.30201E+11,0.442132508,-0.694322299,-0.374439185,-0.202746346,0.757506873,1.595268052810170,0.781792097,0.430456201,0.371264407,-0.572388519,0.286742863,-1.128111481,-2.534839024,1.903996223416780,-0.483764455,1.335335030990230,1.084741913001590,0.500211051,0.672702222,1.043966629045130,0.521983315,0.672702222,0.371264407,42368.378158059786074,49755713.253630861639977,5,4
10859.909999999999854,43.950000000000003,NM,1.30201E+11,Cooper Arroyo-Rio Chama,1.30201E+11,0.408701705,-0.694322299,-0.374439185,-0.202746346,0.757506873,1.595268052810170,0.781792097,0.427569469,0.370497106,-0.572388519,0.286742863,-0.430876497,-2.534839024,1.903996223416780,-0.483764455,1.335335030990230,1.084741913001590,0.543169009,0.689979219,1.060476325828700,0.530238163,0.689979219,0.370497106,37196.661408616768313,43939106.396999493241310,5,5
27184.159999999999854,110.010000000000005,NM,1.30201E+11,Huckbay Canyon-Rio Chama,1.30201E+11,0.650433046,-0.694322299,-0.374439185,-0.202746346,0.757506873,1.595268052810170,0.781792097,0.44844284,0.3760453,-0.572388519,0.286742863,-0.17219724,-2.534839024,1.903996223416780,-0.483764455,1.335335030990230,1.084741913001590,0.559106725,0.696389111,1.072434411403020,0.536217206,0.696389111,0.3760453,61882.358593486998871,109986608.297185584902763,5,5
29541.209999999999127,119.549999999999997,NM,1.30201E+11,Poleo Creek,1.30201E+11,0.977623618,-0.694322299,-0.374439185,-0.202746346,0.757506873,1.595268052810170,0.781792097,0.476695569,0.383554946,-0.572388519,0.286742863,0.068099002,-2.534839024,1.903996223416780,-0.483764455,1.335335030990230,1.084741913001590,0.573911828,0.702343485,1.085898430459680,0.542949215,0.702343485,0.383554946,48593.746413966488035,119524145.491466417908669,5,5
28850.799999999999272,116.760000000000005,NM,1.30201E+11,Coyote Creek,1.30201E+11,1.462663621246110,-0.694322299,-0.374439185,-0.202746346,0.757506873,1.595268052810170,0.781792097,0.518578512,0.394687536,-0.572388519,0.286742863,-2.316078513,-2.534839024,1.903996223416780,-0.483764455,1.335335030990230,1.084741913001590,0.427018169,0.643265227,1.037952762350640,0.518976381,0.643265227,0.394687536,65504.836040159781987,116721463.224707588553429,5,4
35393.940000000002328,143.229999999999990,NM,1.30201E+11,Headwaters Rio Puerco,1.30201E+11,1.341256550709800,-0.694322299,-0.374439185,-0.202746346,0.757506873,1.595268052810170,0.781792097,0.508095077,0.391901013,-0.572388519,0.286742863,-1.699533264,-2.534839024,1.903996223416780,-0.483764455,1.335335030990230,1.084741913001590,0.465004681,0.658542788,1.050443801136560,0.525221901,0.658542788,0.391901013,80637.667298137836042,143202395.181532204151154,5,4
36465.410000000003492,147.569999999999993,NM,1.30201E+11,Outlet Rio Puerco,1.30201E+11,0.666857754,-0.694322299,-0.374439185,-0.202746346,0.757506873,1.595268052810170,0.781792097,0.449861105,0.376422278,-0.572388519,0.286742863,-0.190583973,-2.534839024,1.903996223416780,-0.483764455,1.335335030990230,1.084741913001590,0.557973883,0.695933501,1.072355779243570,0.53617789,0.695933501,0.376422278,69458.393203576299129,147524308.822077184915543,5,5
22996.540000000000873,93.060000000000002,NM,1.30201E+11,Montoya Canyon-Canjilon Creek,1.30201E+11,1.584472012407650,-0.694322299,-0.374439185,-0.202746346,0.757506873,1.595268052810170,0.781792097,0.529096601,0.39748327,-0.572388519,0.286742863,-2.803442473,-2.534839024,1.903996223416780,-0.483764455,1.335335030990230,1.084741913001590,0.396990759,0.631188687,1.028671956993910,0.514335978,0.631188687,0.39748327,54492.806769541704853,93023896.193149387836456,5,4
17172.959999999999127,69.500000000000000,NM,1.30201E+11,Lopez Canyon-Canjilon Creek,1.30201E+11,1.312620849943160,-0.694322299,-0.374439185,-0.202746346,0.757506873,1.595268052810170,0.781792097,0.505622399,0.391243769,-0.572388519,0.286742863,0.032936577,-2.534839024,1.903996223416780,-0.483764455,1.335335030990230,1.084741913001590,0.571745405,0.701472184,1.092715953321790,0.546357977,0.701472184,0.391243769,46793.263723104682867,69466851.245640859007835,5,5
16133.050000000001091,65.290000000000006,NM,1.30201E+11,Navajo Canyon-Canjilon Creek,1.30201E+11,0.714964908,-0.694322299,-0.374439185,-0.202746346,0.757506873,1.595268052810170,0.781792097,0.454015132,0.377526429,-0.572388519,0.286742863,-0.044426688,-2.534839024,1.903996223416780,-0.483764455,1.335335030990230,1.084741913001590,0.566978909,0.699555176,1.077081605571930,0.538540803,0.699555176,0.377526429,40268.682149846063112,65264475.583707489073277,5,5
31575.840000000000146,127.780000000000001,NM,1.30201E+11,Arroyo del Yeso-Arroyo Seco,1.30201E+11,0.538852542,-0.694322299,-0.374439185,-0.202746346,0.757506873,1.595268052810170,0.781792097,0.438807924,0.373484316,-0.572388519,0.286742863,-0.07531964,-2.534839024,1.903996223416780,-0.483764455,1.335335030990230,1.084741913001590,0.565075536,0.698789671,1.072273986205640,0.536136993,0.698789671,0.373484316,59678.742009050132765,127734602.884469300508499,5,5
22645.590000000000146,91.640000000000001,NM,1.30201E+11,Canada de la Presa-Rio Chama,1.30201E+11,0.772365375,-0.694322299,-0.374439185,-0.202746346,0.757506873,1.595268052810170,0.781792097,0.458971631,0.378843879,-0.572388519,0.286742863,0.242747986,-2.534839024,1.903996223416780,-0.483764455,1.335335030990230,1.084741913001590,0.58467228,0.706671165,1.085515043813840,0.542757522,0.706671165,0.378843879,68578.389710654999362,91619200.086096495389938,5,5
22145.490000000001601,89.620000000000005,NM,1.30201E+11,Polvadera Creek,1.30201E+11,1.545439306320160,-0.694322299,-0.374439185,-0.202746346,0.757506873,1.595268052810170,0.781792097,0.525726147,0.396587395,-0.572388519,0.286742863,-2.408698404,-2.534839024,1.903996223416780,-0.483764455,1.335335030990230,1.084741913001590,0.421311683,0.64097017,1.037557565258510,0.518778783,0.64097017,0.396587395,56656.327287238033023,89584739.568452626466751,5,4
37755.950000000004366,152.789999999999992,NM,1.40801E+11,Chinde Wash,1.40801E+11,-0.392550146,-0.827855628,-0.518183152,-0.814895908,-0.33287626,-0.877973798,-1.837082585,-0.780996066,0.049257387,0.756681619,0.448110622,1.236490444791900,0.432529673,-0.690400076,-1.315803008,-0.316437919,-0.929941772,-0.161432209,0.406599984,0.455857371,0.227928686,0.406599984,0.049257387,89278.718696097435895,153018340.923703342676163,1,3
14225.659999999999854,57.570000000000000,NM,1.40801E+11,The Hogback-Chaco River,1.40801E+11,-0.614918027,-0.827855628,-0.518183152,-0.814895908,-0.33287626,-0.877973798,-1.837082585,-0.800197413,0.044153621,0.756681619,0.448110622,1.030426528762180,0.432529673,-0.690400076,-1.315803008,-0.316437919,-0.929941772,-0.174128194,0.401493864,0.445647486,0.222823743,0.401493864,0.044153621,34763.089125150785549,57664017.380691982805729,1,2
32637.270000000000437,132.080000000000013,NM,1.40801E+11,Morgan Lake-Chaco River,1.40801E+11,-0.69220742,-0.827855628,-0.518183152,-0.814895908,-0.33287626,-0.877973798,-1.837082585,-0.80687131,0.042379683,0.756681619,0.448110622,1.022618538936530,0.432529673,-0.690400076,-1.315803008,-0.316437919,-0.929941772,-0.174609259,0.401300388,0.443680071,0.221840035,0.401300388,0.042379683,76741.999975566999638,132299289.399324059486389,1,2
12283.989999999999782,49.710000000000001,NM,1.40802E+11,Black Lake,1.40802E+11,0.727871885,-0.111675379,-0.518183152,-0.814895908,-1.423259393,1.402070050589060,0.322305387,0.216934547,0.314509821,1.027096199408480,0.229858196,0.800384835,0.733829759,-1.277621311,-2.371103227,-2.534973942,-0.50908263,-0.615626319,0.223930446,0.538440267,0.269220134,0.223930446,0.314509821,41516.770386021184095,49829861.095449082553387,4,1
36027.590000000003783,145.800000000000011,NM,1.30201E+11,Abiquiu Reservoir-Rio Chama,1.30201E+11,0.467056522,-0.694322299,-0.374439185,-0.202746346,0.757506873,1.595268052810170,0.781792097,0.432608376,0.37183646,-0.572388519,0.286742863,0.266931576,-2.534839024,1.903996223416780,-0.483764455,1.335335030990230,1.084741913001590,0.586162277,0.707270417,1.079106877806080,0.539553439,0.707270417,0.37183646,87184.261013049646863,145740623.576408922672272,5,5
10555.530000000000655,42.719999999999999,NM,1.30201E+11,Arroyo Seco,1.30201E+11,1.127986915397640,-0.694322299,-0.374439185,-0.202746346,0.757506873,1.595268052810170,0.781792097,0.489679359,0.387006069,-0.572388519,0.286742863,0.524410544,-2.534839024,1.903996223416780,-0.483764455,1.335335030990230,1.084741913001590,0.60202604,0.713650567,1.100656636122890,0.550328318,0.713650567,0.387006069,42485.964439035793475,42695024.374250181019306,5,5
36056.330000000001746,145.909999999999997,NM,1.30201E+11,Headwaters El Rito,1.30201E+11,1.598811696140220,-0.694322299,-0.374439185,-0.202746346,0.757506873,1.595268052810170,0.781792097,0.530334824,0.397812393,-0.572388519,0.286742863,-1.897651941,-2.534839024,1.903996223416780,-0.483764455,1.335335030990230,1.084741913001590,0.452798217,0.653633546,1.051445938460690,0.525722969,0.653633546,0.397812393,79730.368082052620593,145844947.642948389053345,5,4
29462.470000000001164,119.230000000000004,NM,1.30201E+11,Abiquiu Creek,1.30201E+11,1.082149402705520,-0.694322299,-0.374439185,-0.202746346,0.757506873,1.595268052810170,0.781792097,0.485721314,0.385954011,-0.572388519,0.286742863,-1.082466029,-2.534839024,1.903996223416780,-0.483764455,1.335335030990230,1.084741913001590,0.503023353,0.673833285,1.059787295836740,0.529893648,0.673833285,0.385954011,64584.716351421615400,119178612.857710644602776,5,4
20152.290000000000873,81.549999999999997,NM,1.30201E+11,Arroyo de los Frijoles-Rio Chama,1.30201E+11,0.248397828,-0.694322299,-0.374439185,-0.202746346,0.757506873,1.595268052810170,0.781792097,0.413727316,0.366817828,-0.572388519,0.286742863,0.000487202,-2.534839024,1.903996223416780,-0.483764455,1.335335030990230,1.084741913001590,0.569746138,0.700668111,1.067485939159900,0.53374297,0.700668111,0.366817828,50085.384612697489501,81519237.316494897007942,5,5
21551.029999999998836,87.210000000000008,NM,1.30201E+11,Mesa de Abiquiu-Rio Chama,1.30201E+11,0.012435352,-0.694322299,-0.374439185,-0.202746346,0.757506873,1.595268052810170,0.781792097,0.393352084,0.36140204,-0.572388519,0.286742863,-0.028717726,-2.534839024,1.903996223416780,-0.483764455,1.335335030990230,1.084741913001590,0.567946767,0.699944434,1.061346474017250,0.530673237,0.699944434,0.36140204,57992.749566538004728,87172473.157277032732964,5,5
31074.889999999999418,125.760000000000005,NM,1.30201E+11,Jaroso Creek-Rio Vallecitos,1.30201E+11,2.128341116095490,-0.694322299,-0.374439185,-0.202746346,0.757506873,1.595268052810170,0.781792097,0.576059404,0.4099661,-0.572388519,0.286742863,-2.961687005,-2.534839024,1.903996223416780,-0.483764455,1.335335030990230,1.084741913001590,0.387241016,0.627267498,1.037233597442280,0.518616799,0.627267498,0.4099661,55574.525756742696103,125695482.179505869746208,5,4
26779.139999999999418,108.370000000000005,NM,1.30201E+11,Rio del Oso,1.30201E+11,0.939456812,-0.694322299,-0.374439185,-0.202746346,0.757506873,1.595268052810170,0.781792097,0.473399886,0.382678945,-0.572388519,0.286742863,-0.077139963,-2.534839024,1.903996223416780,-0.483764455,1.335335030990230,1.084741913001590,0.564963382,0.698744564,1.081423509341660,0.540711755,0.698744564,0.382678945,72147.591467124773772,108320474.135093674063683,5,5
29811.430000000000291,120.640000000000001,NM,1.30202E+11,Water Canyon-Rio Grande,1.30202E+11,0.361975468,0.016479192,1.456183025262790,0.878806667,0.757506873,-0.650084595,-0.048969577,0.361204575,0.352857153,-0.375692068,-0.562311807,0.339929574,0.285408431,-0.055027023,0.728081507,1.190019233114970,0.201367227,0.150489447,0.532049839,0.884906992,0.442453496,0.532049839,0.352857153,82945.379043620632729,120584508.351470753550529,4,4
37631.180000000000291,152.289999999999992,NM,1.30202E+11,Alamo Canyon-Rio Grande,1.30202E+11,0.474989971,0.016479192,1.456183025262790,0.878806667,0.757506873,-0.650084595,-0.048969577,0.370963317,0.355451051,-0.375692068,-0.562311807,0.330265346,0.285408431,-0.055027023,0.728081507,1.190019233114970,0.201367227,0.149894015,0.531810366,0.887261416,0.443630708,0.531810366,0.355451051,86304.448690384291694,152218883.332738876342773,4,4
30188.810000000001310,122.170000000000002,NM,1.30202E+11,Rio Chiquito,1.30202E+11,0.549442788,0.016479192,1.456183025262790,0.878806667,0.757506873,-0.650084595,-0.048969577,0.377392277,0.357159884,-0.375692068,-0.562311807,0.24884432,0.285408431,-0.055027023,0.728081507,1.190019233114970,0.201367227,0.144877513,0.52979281,0.886952694,0.443476347,0.52979281,0.357159884,66765.661716739516123,122121894.108638003468513,5,4
26901.770000000000437,108.870000000000005,NM,1.30202E+11,Capulin Canyon-Rio Grande,1.30202E+11,0.247103491,0.016479192,1.456183025262790,0.878806667,0.757506873,-0.650084595,-0.048969577,0.351285442,0.350220623,-0.375692068,-0.562311807,0.278500901,0.285408431,-0.055027023,0.728081507,1.190019233114970,0.201367227,0.146704711,0.530527679,0.880748302,0.440374151,0.530527679,0.350220623,63075.395664261857746,108819920.066892355680466,4,4
20418.420000000001892,82.629999999999995,NM,1.30202E+11,Canada de Cochiti-Rio Grande,1.30202E+11,-0.411476986,0.016479192,1.456183025262790,0.878806667,0.757506873,-0.650084595,-0.048969577,0.294417374,0.335104949,-0.375692068,-0.562311807,0.174561969,0.285408431,-0.055027023,0.728081507,1.190019233114970,0.201367227,0.140300838,0.527952145,0.863057093,0.431528547,0.527952145,0.335104949,44917.128071481216466,82593012.932426080107689,4,3
38331.800000000002910,155.120000000000005,NM,1.30202E+11,Tom Payne Gulch-Galisteo Creek,1.30202E+11,-0.37364035,0.016479192,1.456183025262790,0.878806667,0.757506873,-0.650084595,-0.048969577,0.297684547,0.335973372,-0.375692068,-0.562311807,0.425669895,0.285408431,-0.055027023,0.728081507,1.190019233114970,0.201367227,0.155772069,0.534174424,0.870147796,0.435073898,0.534174424,0.335973372,88247.768645014046342,155049010.619087576866150,4,4
32312.610000000000582,130.759999999999991,NM,1.30202E+11,Headwaters San Pedro Creek,1.30202E+11,0.406602281,0.016479192,1.456183025262790,0.878806667,0.757506873,-0.650084595,-0.048969577,0.365058076,0.353881423,-0.375692068,-0.562311807,0.455710459,0.285408431,-0.055027023,0.728081507,1.190019233114970,0.201367227,0.157622925,0.534918808,0.888800231,0.444400116,0.534918808,0.353881423,67019.741665649024071,130706377.722743928432465,4,4
20474.700000000000728,82.859999999999999,NM,1.30202E+11,Arroyo Tonque,1.30202E+11,-0.4022117,0.016479192,1.456183025262790,0.878806667,0.757506873,-0.650084595,-0.048969577,0.295217426,0.335317605,-0.375692068,-0.562311807,0.396140363,0.285408431,-0.055027023,0.728081507,1.190019233114970,0.201367227,0.153952699,0.533442703,0.868760308,0.434380154,0.533442703,0.335317605,62427.016065478215751,82822266.134973183274269,4,4
28444.990000000001601,115.109999999999999,NM,1.30202E+11,Peralta Canyon,1.30202E+11,0.473981513,0.016479192,1.456183025262790,0.878806667,0.757506873,-0.650084595,-0.048969577,0.370876237,0.355427904,-0.375692068,-0.562311807,0.097982565,0.285408431,-0.055027023,0.728081507,1.190019233114970,0.201367227,0.135582636,0.52605456,0.881482465,0.440741232,0.52605456,0.355427904,71410.107083413837245,115070473.047795012593269,4,3
19805.450000000000728,80.150000000000006,NM,1.30202E+11,Canon Santo Domingo,1.30202E+11,0.107857819,0.016479192,1.456183025262790,0.878806667,0.757506873,-0.650084595,-0.048969577,0.339261654,0.34702467,-0.375692068,-0.562311807,0.462750646,0.285408431,-0.055027023,0.728081507,1.190019233114970,0.201367227,0.158056684,0.535093259,0.882117929,0.441058965,0.535093259,0.34702467,59724.164873516921944,80120954.514738395810127,4,4
10690.829999999999927,43.259999999999998,NM,1.30202E+11,1.30202E+11,1.30202E+11,-0.220393653,0.016479192,1.456183025262790,0.878806667,0.757506873,-0.650084595,-0.048969577,0.310917316,0.339490675,-0.375692068,-0.562311807,0.465180558,0.285408431,-0.055027023,0.728081507,1.190019233114970,0.201367227,0.158206395,0.535153471,0.874644145,0.437322073,0.535153471,0.339490675,58008.598442269780207,43248625.479349829256535,4,4
24187.159999999999854,97.879999999999995,NM,1.30202E+11,La Majada Mesa-Rio Grande,1.30202E+11,-0.568760889,0.016479192,1.456183025262790,0.878806667,0.757506873,-0.650084595,-0.048969577,0.280835993,0.331494984,-0.375692068,-0.562311807,0.181765197,0.285408431,-0.055027023,0.728081507,1.190019233114970,0.201367227,0.140744642,0.528130636,0.85962562,0.42981281,0.528130636,0.331494984,91190.038117518299259,97840963.126398429274559,4,3
28944.540000000000873,117.129999999999995,NM,1.30202E+11,Headwaters Borrego Canyon,1.30202E+11,0.505127907,0.016479192,1.456183025262790,0.878806667,0.757506873,-0.650084595,-0.048969577,0.373565711,0.356142773,-0.375692068,-0.562311807,0.519580772,0.285408431,-0.055027023,0.728081507,1.190019233114970,0.201367227,0.161558095,0.53650147,0.892644244,0.446322122,0.53650147,0.356142773,68988.524507815993275,117099698.017717406153679,5,4
19286.979999999999563,78.049999999999997,NM,1.30202E+11,Outlet Borrego Canyon,1.30202E+11,-0.016090572,0.016479192,1.456183025262790,0.878806667,0.757506873,-0.650084595,-0.048969577,0.328558777,0.344179819,-0.375692068,-0.562311807,0.50208894,0.285408431,-0.055027023,0.728081507,1.190019233114970,0.201367227,0.16048039,0.536068035,0.880247853,0.440123927,0.536068035,0.344179819,72035.137783194164513,78025047.398879244923592,4,4
14524.500000000000000,58.780000000000001,NM,1.30202E+11,Arroyo de la Vega de los Tanos,1.30202E+11,-0.402303968,0.016479192,1.456183025262790,0.878806667,0.757506873,-0.650084595,-0.048969577,0.295209459,0.335315487,-0.375692068,-0.562311807,0.402466217,0.285408431,-0.055027023,0.728081507,1.190019233114970,0.201367227,0.154342447,0.533599453,0.86891494,0.43445747,0.533599453,0.335315487,49707.396145974482351,58752548.321159943938255,4,4
26120.729999999999563,105.710000000000008,NM,1.30202E+11,Town of Santo Domingo Pueblo-Rio Grande,1.30202E+11,-0.5626367,0.016479192,1.456183025262790,0.878806667,0.757506873,-0.650084595,-0.048969577,0.281364814,0.331635546,-0.375692068,-0.562311807,0.109101428,0.285408431,-0.055027023,0.728081507,1.190019233114970,0.201367227,0.136267691,0.526330078,0.857965624,0.428982812,0.526330078,0.331635546,73861.950915723515209,105664349.324484169483185,4,3
30841.250000000000000,124.810000000000002,NM,1.30202E+11,Santa Ana Mesa,1.30202E+11,-0.215599356,0.016479192,1.456183025262790,0.878806667,0.757506873,-0.650084595,-0.048969577,0.311331301,0.339600713,-0.375692068,-0.562311807,0.506140703,0.285408431,-0.055027023,0.728081507,1.190019233114970,0.201367227,0.160730027,0.536168435,0.875769147,0.437884574,0.536168435,0.339600713,66219.686506877682405,124770308.199766784906387,4,4
35448.290000000000873,143.450000000000017,NM,1.502E+11,Cebolla Creek,1.502E+11,0.714811478,-0.13248798,3.038151036189910,-0.814895908,-0.33287626,-0.11939048,-2.098232298,0.658163136,0.431789475,0.301818003,0.26120366,1.012155163814930,0.508984025,-0.893026963,-0.538763185,-0.129528838,0.110499516,-0.058869807,0.447848927,0.879638402,0.439819201,0.447848927,0.431789475,72690.939004739571828,143687756.537694990634918,5,3
39638.739999999997963,160.409999999999997,NM,1.502E+11,Middle Rio Nutria,1.502E+11,0.556331059,-0.13248798,3.038151036189910,-0.814895908,-0.33287626,-0.11939048,-2.098232298,0.644478437,0.428152048,0.301818003,0.26120366,0.645687117,0.508984025,-0.893026963,-0.538763185,-0.129528838,0.110499516,-0.081448592,0.438768104,0.866920152,0.433460076,0.438768104,0.428152048,78148.722616096463753,160695970.539488196372986,5,3
36862.900000000001455,149.180000000000007,NM,1.502E+11,Lower Rio Nutria,1.502E+11,0.347771292,-0.13248798,3.038151036189910,-0.814895908,-0.33287626,-0.11939048,-2.098232298,0.626469414,0.423365205,0.301818003,0.26120366,0.593034283,0.508984025,-0.893026963,-0.538763185,-0.129528838,0.110499516,-0.084692632,0.437463403,0.860828609,0.430414304,0.437463403,0.423365205,78188.236688981429324,149474041.290509045124054,5,3
38120.010000000002037,154.270000000000010,NM,1.502E+11,Atarque Canyon-Jaralosa Draw,1.502E+11,0.388718979,-0.13248798,3.038151036189910,-0.814895908,-0.33287626,-0.11939048,-2.098232298,0.630005224,0.424305033,0.301818003,0.26120366,0.543454612,0.508984025,-0.893026963,-0.538763185,-0.129528838,0.110499516,-0.087747329,0.436234854,0.860539886,0.430269943,0.436234854,0.424305033,75756.189421385817695,154588214.311861753463745,5,3
15935.059999999999491,64.489999999999995,NM,1.502E+11,Bowl Canyon Creek,1.502E+11,1.269119633300680,-0.353097742,-0.518183152,-0.814895908,-1.423259393,-0.726881541,-1.625334918,-0.582916861,0.101907331,0.088583483,-0.186728939,0.628178265,0.244274042,-1.447260787,-1.267743796,-0.967479893,-0.10007702,-0.516484953,0.263803503,0.365710834,0.182855417,0.263803503,0.101907331,53891.700853843671212,64631195.021406985819340,1,1
37124.770000000004075,150.240000000000009,NM,1.502E+11,Tohdildonih Wash,1.502E+11,0.921559432,-0.353097742,-0.518183152,-0.814895908,-1.423259393,-0.726881541,-1.625334918,-0.612928497,0.093930164,0.088583483,-0.186728939,0.670714785,0.244274042,-1.447260787,-1.267743796,-0.967479893,-0.10007702,-0.513864198,0.264857528,0.358787692,0.179393846,0.264857528,0.093930164,85892.295648539773538,150584434.682407200336456,1,1
19318.959999999999127,78.180000000000007,NM,1.30202E+11,Las Huertas Creek,1.30202E+11,0.433848664,0.016479192,1.456183025262790,0.878806667,0.757506873,-0.650084595,-0.048969577,0.367410787,0.354506779,-0.375692068,-0.562311807,0.447900979,0.285408431,-0.055027023,0.728081507,1.190019233114970,0.201367227,0.157141768,0.534725295,0.889232074,0.444616037,0.534725295,0.354506779,57341.608467481892148,78150977.301428496837616,4,4
26765.020000000000437,108.310000000000002,NM,1.30202E+11,Arroyo de San Francisco-Rio Grande,1.30202E+11,-0.555192355,0.016479192,1.456183025262790,0.878806667,0.757506873,-0.650084595,-0.048969577,0.282007629,0.331806408,-0.375692068,-0.562311807,-0.906286378,0.285408431,-0.055027023,0.728081507,1.190019233114970,0.201367227,0.073707739,0.501169475,0.832975883,0.416487942,0.501169475,0.331806408,71012.527047739917180,108273876.410053804516792,4,3
10883.319999999999709,44.039999999999999,NM,1.30202E+11,Rito Penas Negras,1.30202E+11,1.580031836848970,1.251729762199230,-0.004013868,0.027437518,0.757506873,2.345290532833080,1.343377900800550,1.145563009220770,0.561341572,-0.340623033,-0.473934509,-1.946744412,0.610782045,0.660028213,-1.435566251,1.030571568662060,0.627379086,0.098234487,0.511033738,1.072375309171780,0.536187655,0.511033738,0.561341572,45352.898682537605055,44034329.905322730541229,5,3
29734.670000000001892,120.329999999999998,NM,1.30202E+11,Headwaters Rio de las Vacas,1.30202E+11,1.827092694543550,1.251729762199230,-0.004013868,0.027437518,0.757506873,2.345290532833080,1.343377900800550,1.166896580869840,0.567012088,-0.340623033,-0.473934509,-2.093171034,0.610782045,0.660028213,-1.435566251,1.030571568662060,0.627379086,0.089212867,0.507405388,1.074417475783360,0.537208738,0.507405388,0.567012088,53219.378676159518363,120313815.625075891613960,5,3
22739.110000000000582,92.019999999999996,NM,1.30202E+11,Headwaters Rio Cebolla,1.30202E+11,1.540419562258800,1.251729762199230,-0.004013868,0.027437518,0.757506873,2.345290532833080,1.343377900800550,1.142142510700540,0.560432395,-0.340623033,-0.473934509,-2.085566537,0.610782045,0.660028213,-1.435566251,1.030571568662060,0.627379086,0.089681395,0.507593822,1.068026216613970,0.534013108,0.507593822,0.560432395,57007.691414746295777,91999031.095705419778824,5,3
19632.560000000001310,79.450000000000003,NM,1.30202E+11,Outlet Rio Cebolla,1.30202E+11,1.139938983600650,1.251729762199230,-0.004013868,0.027437518,0.757506873,2.345290532833080,1.343377900800550,1.107561228992920,0.551240604,-0.340623033,-0.473934509,-0.966701803,0.610782045,0.660028213,-1.435566251,1.030571568662060,0.627379086,0.158616755,0.535318511,1.086559114884240,0.543279557,0.535318511,0.551240604,48029.758350804710062,79434033.096571564674377,5,4
37480.370000000002619,151.680000000000007,NM,1.30202E+11,Outlet Rio de las Vacas,1.30202E+11,1.261711704677410,1.251729762199230,-0.004013868,0.027437518,0.757506873,2.345290532833080,1.343377900800550,1.118076237700630,0.55403552,-0.340623033,-0.473934509,-0.050936576,0.610782045,0.660028213,-1.435566251,1.030571568662060,0.627379086,0.215038772,0.558010535,1.112046054780510,0.556023027,0.558010535,0.55403552,73809.338233249975019,151654907.079326093196869,5,4
11449.180000000000291,46.329999999999998,NM,1.30202E+11,Virgin Canyon,1.30202E+11,0.836912839,1.251729762199230,-0.004013868,0.027437518,0.757506873,2.345290532833080,1.343377900800550,1.081395085007560,0.544285578,-0.340623033,-0.473934509,0.976962808,0.610782045,0.660028213,-1.435566251,1.030571568662060,0.627379086,0.278369585,0.583481166,1.127766744093340,0.563883372,0.583481166,0.544285578,49770.060738380823750,46323562.749602988362312,5,4
39315.120000000002619,159.099999999999994,NM,1.30202E+11,Rio Guadalupe,1.30202E+11,0.762715361,1.251729762199230,-0.004013868,0.027437518,0.757506873,2.345290532833080,1.343377900800550,1.074988172842560,0.542582605,-0.340623033,-0.473934509,1.122542128682010,0.610782045,0.660028213,-1.435566251,1.030571568662060,0.627379086,0.287339001,0.58708852,1.129671125111110,0.564835563,0.58708852,0.542582605,80519.045262970554177,159077800.128084808588028,5,4
36282.840000000003783,146.830000000000013,NM,1.30202E+11,Headwaters San Antonio Creek,1.30202E+11,1.700021890144080,1.251729762199230,-0.004013868,0.027437518,0.757506873,2.345290532833080,1.343377900800550,1.155924085528180,0.564095571,-0.340623033,-0.473934509,-2.135773526,0.610782045,0.660028213,-1.435566251,1.030571568662060,0.627379086,0.086588048,0.506349728,1.070445299199830,0.53522265,0.506349728,0.564095571,71002.311125065534725,146780252.027031302452087,5,3
16084.170000000000073,65.090000000000003,NM,1.30202E+11,Sulphur Creek,1.30202E+11,1.585556859524490,1.251729762199230,-0.004013868,0.027437518,0.757506873,2.345290532833080,1.343377900800550,1.146040091945290,0.561468381,-0.340623033,-0.473934509,-2.034786175,0.610782045,0.660028213,-1.435566251,1.030571568662060,0.627379086,0.092810068,0.508852124,1.070320505393080,0.535160253,0.508852124,0.561468381,40697.128616317000706,65071452.597992278635502,5,3
38134.739999999997963,154.330000000000013,NM,1.30202E+11,East Fork Jemez River,1.30202E+11,1.606003856943420,1.251729762199230,-0.004013868,0.027437518,0.757506873,2.345290532833080,1.343377900800550,1.147805679131040,0.561937679,-0.340623033,-0.473934509,-1.656089469,0.610782045,0.660028213,-1.435566251,1.030571568662060,0.627379086,0.116142284,0.518235965,1.080173643450980,0.540086822,0.518235965,0.561937679,67177.080443535596714,154272428.367021173238754,5,3
14805.010000000000218,59.910000000000004,NM,1.30202E+11,Outlet San Antonio Creek,1.30202E+11,1.283835803317040,1.251729762199230,-0.004013868,0.027437518,0.757506873,2.345290532833080,1.343377900800550,1.119986641671150,0.55454331,-0.340623033,-0.473934509,-2.039692471,0.610782045,0.660028213,-1.435566251,1.030571568662060,0.627379086,0.092507782,0.508730549,1.063273859028810,0.53163693,0.508730549,0.55454331,60051.790968362445710,59897777.882080554962158,5,3
23315.400000000001455,94.350000000000009,NM,1.30202E+11,Church Canyon-Jemez River,1.30202E+11,0.541602097,1.251729762199230,-0.004013868,0.027437518,0.757506873,2.345290532833080,1.343377900800550,1.055895161917490,0.537507635,-0.340623033,-0.473934509,-0.160114986,0.610782045,0.660028213,-1.435566251,1.030571568662060,0.627379086,0.208312085,0.55530517,1.092812805524980,0.546406403,0.55530517,0.537507635,71644.381690341178910,94331586.624746501445770,5,4
28530.880000000001019,115.460000000000008,NM,1.30202E+11,Middle Rio Salado,1.30202E+11,0.035987691,1.251729762199230,-0.004013868,0.027437518,0.757506873,2.345290532833080,1.343377900800550,1.012235631027360,0.525902824,-0.340623033,-0.473934509,0.943856499,0.610782045,0.660028213,-1.435566251,1.030571568662060,0.627379086,0.276329843,0.582660815,1.108563638282670,0.554281819,0.582660815,0.525902824,84438.220510324681527,115451684.432451009750366,5,4
15182.190000000000509,61.439999999999998,NM,1.30202E+11,Lower Rio Salado,1.30202E+11,-0.14934896,1.251729762199230,-0.004013868,0.027437518,0.757506873,2.345290532833080,1.343377900800550,0.996231911,0.521648995,-0.340623033,-0.473934509,0.572769717,0.610782045,0.660028213,-1.435566251,1.030571568662060,0.627379086,0.253466489,0.573465543,1.095114537849030,0.547557269,0.573465543,0.521648995,45527.167855327475991,61432363.439006358385086,5,4
14480.889999999999418,58.600000000000001,NM,1.30202E+11,Canon de la Canada,1.30202E+11,0.563416775,1.251729762199230,-0.004013868,0.027437518,0.757506873,2.345290532833080,1.343377900800550,1.057778847560870,0.538008324,-0.340623033,-0.473934509,-0.05496308,0.610782045,0.660028213,-1.435566251,1.030571568662060,0.627379086,0.214790691,0.557910761,1.095919084820890,0.547959542,0.557910761,0.538008324,47770.201334629644407,58587808.476017631590366,5,4
32341.970000000001164,130.879999999999995,NM,1.30202E+11,Vallecita Creek,1.30202E+11,0.621055859,1.251729762199230,-0.004013868,0.027437518,0.757506873,2.345290532833080,1.343377900800550,1.062755951417450,0.53933125,-0.340623033,-0.473934509,-0.0954185,0.610782045,0.660028213,-1.435566251,1.030571568662060,0.627379086,0.212298157,0.556908304,1.096239554252240,0.548119777,0.556908304,0.53933125,78287.584242988406913,130848469.995090663433075,5,4
23214.670000000001892,93.950000000000003,NM,1.30202E+11,Tecolote Canyon-Jemez River,1.30202E+11,0.016982206,1.251729762199230,-0.004013868,0.027437518,0.757506873,2.345290532833080,1.343377900800550,1.010594517604690,0.525466612,-0.340623033,-0.473934509,0.845044142,0.610782045,0.660028213,-1.435566251,1.030571568662060,0.627379086,0.270241828,0.580212313,1.105678924875570,0.552839462,0.580212313,0.525466612,65917.148863496433478,93930136.363909900188446,5,4
13685.739999999999782,55.380000000000003,NM,1.30202E+11,Blue Water Spring-Jemez River,1.30202E+11,-0.380804835,1.251729762199230,-0.004013868,0.027437518,0.757506873,2.345290532833080,1.343377900800550,0.976245821,0.516336643,-0.340623033,-0.473934509,0.258497236,0.610782045,0.660028213,-1.435566251,1.030571568662060,0.627379086,0.234103571,0.56567809,1.082014732371300,0.541007366,0.56567809,0.516336643,42100.167390824208269,55374407.005866587162018,5,4
27396.959999999999127,110.870000000000005,NM,1.30202E+11,Arroyo Arenoso-Jemez River,1.30202E+11,-0.413867936,1.251729762199230,-0.004013868,0.027437518,0.757506873,2.345290532833080,1.343377900800550,0.973390841,0.515577782,-0.340623033,-0.473934509,0.122267379,0.610782045,0.660028213,-1.435566251,1.030571568662060,0.627379086,0.225710193,0.562302409,1.077880190428070,0.538940095,0.562302409,0.515577782,81235.644262290530605,110846613.053219825029373,5,4
33638.980000000003201,136.129999999999995,NM,1.30202E+11,Town of Santa Ana Pueblo-Jemez River,1.30202E+11,-0.455766783,1.251729762199230,-0.004013868,0.027437518,0.757506873,2.345290532833080,1.343377900800550,0.969772898,0.514616124,-0.340623033,-0.473934509,0.073289208,0.610782045,0.660028213,-1.435566251,1.030571568662060,0.627379086,0.222692556,0.561088764,1.075704887261420,0.537852444,0.561088764,0.514616124,56306.411971858942707,136099758.286890447139740,5,4
22260.459999999999127,90.079999999999998,NM,1.30202E+11,Jemez Canyon Dam-Jemez River,1.30202E+11,-0.482098506,1.251729762199230,-0.004013868,0.027437518,0.757506873,2.345290532833080,1.343377900800550,0.967499168,0.514011761,-0.340623033,-0.473934509,0.114107592,0.610782045,0.660028213,-1.435566251,1.030571568662060,0.627379086,0.225207453,0.562100215,1.076111975286500,0.538055988,0.562100215,0.514011761,61578.812497480183083,90060271.382764175534248,5,4
34592.349999999998545,139.990000000000009,NM,1.30202E+11,Arroyo Venada-Rio Grande,1.30202E+11,-0.511288286,-0.323537845,-0.299882144,1.934667084987930,0.757506873,-0.377257972,0.188365533,-0.122415607,0.224309708,-0.191406104,-0.070333357,0.092936385,0.297064554,-0.035465375,-0.825229563,-0.008736652,-0.937062652,-0.23841322,0.375639465,0.599949173,0.299974586,0.375639465,0.224309708,69708.408391299468349,139946848.988040208816528,3,2
33989.260000000002037,137.550000000000011,NM,1.30202E+11,Arroyo de los Montoyas,1.30202E+11,-0.25144417,-0.323537845,-0.299882144,1.934667084987930,0.757506873,-0.377257972,0.188365533,-0.099978208,0.230273624,-0.191406104,-0.070333357,0.547511753,0.297064554,-0.035465375,-0.825229563,-0.008736652,-0.937062652,-0.210405976,0.386903526,0.61717715,0.308588575,0.386903526,0.230273624,76344.848872673857841,137525103.037536680698395,3,2
15932.690000000000509,64.480000000000004,NM,1.30202E+11,Arroyo de la Baranca-Rio Grande,1.30202E+11,-0.599001911,-0.323537845,-0.299882144,1.934667084987930,0.757506873,-0.377257972,0.188365533,-0.129989631,0.222296514,-0.191406104,-0.070333357,0.190323493,0.297064554,-0.035465375,-0.825229563,-0.008736652,-0.937062652,-0.232413017,0.37805265,0.600349163,0.300174582,0.37805265,0.222296514,43680.723811369432951,64461118.421021670103073,3,2
19605.250000000000000,79.340000000000003,NM,1.30202E+11,Sandia Wash-Rio Grande,1.30202E+11,-0.160088603,-0.323537845,-0.299882144,1.934667084987930,0.757506873,-0.377257972,0.188365533,-0.092089704,0.232370408,-0.191406104,-0.070333357,-0.131506343,0.297064554,-0.035465375,-0.825229563,-0.008736652,-0.937062652,-0.252241558,0.37007793,0.602448339,0.301224169,0.37007793,0.232370408,46252.144341075276316,79313645.058870598673820,3,2
24583.500000000000000,99.490000000000009,NM,1.30202E+11,Outlet Arroyo de las Calabacillas,1.30202E+11,-0.332277442,-0.323537845,-0.299882144,1.934667084987930,0.757506873,-0.377257972,0.188365533,-0.106958117,0.228418347,-0.191406104,-0.070333357,0.666564383,0.297064554,-0.035465375,-0.825229563,-0.008736652,-0.937062652,-0.20307092,0.389853567,0.618271914,0.309135957,0.389853567,0.228418347,66764.362943743151845,99471602.705508917570114,3,2
26313.830000000001746,106.490000000000009,NM,1.30202E+11,Town of Corrales-Rio Grande,1.30202E+11,-0.665853996,-0.323537845,-0.299882144,1.934667084987930,0.757506873,-0.377257972,0.188365533,-0.135762272,0.220762131,-0.191406104,-0.070333357,0.371528438,0.297064554,-0.035465375,-0.825229563,-0.008736652,-0.937062652,-0.221248639,0.382542782,0.603304913,0.301652456,0.382542782,0.220762131,61933.345026272210816,106460526.479056090116501,3,2
30225.940000000002328,122.320000000000007,NM,1.30202E+11,City of Paradise Hills-Rio Grande,1.30202E+11,-0.505267612,-0.323537845,-0.299882144,1.934667084987930,0.757506873,-0.377257972,0.188365533,-0.121895725,0.224447894,-0.191406104,-0.070333357,0.41509292,0.297064554,-0.035465375,-0.825229563,-0.008736652,-0.937062652,-0.21856455,0.383622279,0.608070173,0.304035087,0.383622279,0.224447894,59435.505005777893530,122299473.859371617436409,3,2
27434.720000000001164,111.019999999999996,NM,1.30202E+11,Lower Tijeras Arroyo,1.30202E+11,-0.167163662,-0.323537845,-0.299882144,1.934667084987930,0.757506873,-0.377257972,0.188365533,-0.092700631,0.232208022,-0.191406104,-0.070333357,0.549646022,0.297064554,-0.035465375,-0.825229563,-0.008736652,-0.937062652,-0.21027448,0.386956412,0.619164434,0.309582217,0.386956412,0.232208022,90666.553445228128112,110986546.275554239749908,3,2
17895.060000000001310,72.420000000000002,NM,1.30202E+11,Arroyo de Domingo Baca,1.30202E+11,-0.102058557,-0.323537845,-0.299882144,1.934667084987930,0.757506873,-0.377257972,0.188365533,-0.087078841,0.233702308,-0.191406104,-0.070333357,0.695366698,0.297064554,-0.035465375,-0.825229563,-0.008736652,-0.937062652,-0.201296355,0.390567268,0.624269576,0.312134788,0.390567268,0.233702308,46416.001789469853975,72395316.266563147306442,3,2
23877.850000000002183,96.629999999999995,NM,1.30202E+11,Arroyo del Pino,1.30202E+11,-0.080223366,-0.323537845,-0.299882144,1.934667084987930,0.757506873,-0.377257972,0.188365533,-0.085193384,0.234203467,-0.191406104,-0.070333357,0.532976602,0.297064554,-0.035465375,-0.825229563,-0.008736652,-0.937062652,-0.211301514,0.386543355,0.620746822,0.310373411,0.386543355,0.234203467,74823.019247047923272,96599401.600816547870636,3,2
36783.410000000003492,148.860000000000014,NM,1.30202E+11,Rinconada Canyon-Rio Grande,1.30202E+11,-0.63317685,-0.323537845,-0.299882144,1.934667084987930,0.757506873,-0.377257972,0.188365533,-0.132940619,0.221512134,-0.191406104,-0.070333357,0.12722972,0.297064554,-0.035465375,-0.825229563,-0.008736652,-0.937062652,-0.236300343,0.37648923,0.598001363,0.299000682,0.37648923,0.221512134,84782.454795954647125,148826380.726750195026398,3,2
27834.840000000000146,112.640000000000001,NM,1.30202E+11,City of Armijo-Rio Grande,1.30202E+11,-0.608575967,-0.323537845,-0.299882144,1.934667084987930,0.757506873,-0.377257972,0.188365533,-0.130816346,0.222076771,-0.191406104,-0.070333357,-0.181867544,0.297064554,-0.035465375,-0.825229563,-0.008736652,-0.937062652,-0.255344406,0.368830015,0.590906786,0.295453393,0.368830015,0.222076771,64480.619930482600466,112625041.055470928549767,3,2
28049.930000000000291,113.510000000000005,NM,1.30202E+11,Isleta Lakes-Rio Grande,1.30202E+11,-0.790862946,-0.323537845,-0.299882144,1.934667084987930,0.757506873,-0.377257972,0.188365533,-0.146556728,0.217892938,-0.191406104,-0.070333357,0.157414312,0.297064554,-0.035465375,-0.825229563,-0.008736652,-0.937062652,-0.234440613,0.377237183,0.595130121,0.297565061,0.377237183,0.217892938,48705.406328002834925,113490826.326496541500092,3,2
34254.840000000003783,138.620000000000005,NM,1.30202E+11,White Rock Canyon,1.30202E+11,-0.650417734,-0.323537845,-0.299882144,1.934667084987930,0.757506873,-0.377257972,0.188365533,-0.13442936,0.221116423,-0.191406104,-0.070333357,0.368274229,0.297064554,-0.035465375,-0.825229563,-0.008736652,-0.937062652,-0.221449137,0.382462145,0.603578567,0.301789284,0.382462145,0.221116423,84942.583201667512185,138587283.622691750526428,3,2
38413.120000000002619,155.450000000000017,NM,1.30202E+11,Ojito Canyon,1.30202E+11,-0.43873997,-0.323537845,-0.299882144,1.934667084987930,0.757506873,-0.377257972,0.188365533,-0.116151099,0.22597483,-0.191406104,-0.070333357,0.357950048,0.297064554,-0.035465375,-0.825229563,-0.008736652,-0.937062652,-0.222085229,0.382206319,0.608181149,0.304090574,0.382206319,0.22597483,86420.681089820485795,155406983.619417905807495,3,2
17008.240000000001601,68.829999999999998,NM,1.30202E+11,Town of La Ladera,1.30202E+11,-0.817024394,-0.323537845,-0.299882144,1.934667084987930,0.757506873,-0.377257972,0.188365533,-0.148815755,0.217292483,-0.191406104,-0.070333357,0.3856547,0.297064554,-0.035465375,-0.825229563,-0.008736652,-0.937062652,-0.220378294,0.382892821,0.600185304,0.300092652,0.382892821,0.217292483,61631.781511521359789,68814095.929073706269264,3,2
35643.250000000000000,144.240000000000009,NM,1.30202E+11,West and Pyle Ranch-Abo Arroyo,1.30202E+11,-0.766147078,-0.323537845,-0.299882144,1.934667084987930,0.757506873,-0.377257972,0.188365533,-0.144422526,0.218460214,-0.191406104,-0.070333357,0.176127112,0.297064554,-0.035465375,-0.825229563,-0.008736652,-0.937062652,-0.233287682,0.377700873,0.596161087,0.298080544,0.377700873,0.218460214,71366.705973420248483,144209373.509903162717819,3,2
35345.270000000004075,143.039999999999992,NM,1.30202E+11,El Cerro De Los Lunas-Rio Grande,1.30202E+11,-0.769537592,-0.323537845,-0.299882144,1.934667084987930,0.757506873,-0.377257972,0.188365533,-0.144715295,0.218382395,-0.191406104,-0.070333357,0.373206527,0.297064554,-0.035465375,-0.825229563,-0.008736652,-0.937062652,-0.221145249,0.382584364,0.600966759,0.30048338,0.382584364,0.218382395,70517.553095923067303,143016142.443874686956406,3,2
24933.779999999998836,100.900000000000006,NM,1.30202E+11,Town of Los Chavez-Rio Grande,1.30202E+11,-0.806220474,-0.323537845,-0.299882144,1.934667084987930,0.757506873,-0.377257972,0.188365533,-0.147882842,0.217540454,-0.191406104,-0.070333357,0.424111368,0.297064554,-0.035465375,-0.825229563,-0.008736652,-0.937062652,-0.218008906,0.38384575,0.601386204,0.300693102,0.38384575,0.217540454,48784.860422926452884,100890136.686168700456619,3,2
36363.290000000000873,147.159999999999997,NM,1.30202E+11,Town of Belen-Rio Grande,1.30202E+11,-0.800726752,-0.323537845,-0.299882144,1.934667084987930,0.757506873,-0.377257972,0.188365533,-0.147408462,0.217666545,-0.191406104,-0.070333357,0.287970143,0.297064554,-0.035465375,-0.825229563,-0.008736652,-0.937062652,-0.226396823,0.380472266,0.59813881,0.299069405,0.380472266,0.217666545,108063.900570730897016,147127428.682074785232544,3,2
21948.720000000001164,88.820000000000007,NM,1.30202E+11,Town of Jarales-Rio Grande,1.30202E+11,-0.904883716,-0.323537845,-0.299882144,1.934667084987930,0.757506873,-0.377257972,0.188365533,-0.15640236,0.215275945,-0.191406104,-0.070333357,-0.929568683,0.297064554,-0.035465375,-0.825229563,-0.008736652,-0.937062652,-0.301411679,0.350302501,0.565578446,0.282789223,0.350302501,0.215275945,52342.488019313313998,88808916.396752133965492,3,2
32651.490000000001601,132.140000000000015,NM,1.30202E+11,Town of Veguita-Rio Grande,1.30202E+11,-0.830342741,-0.323537845,-0.299882144,1.934667084987930,0.757506873,-0.377257972,0.188365533,-0.149965787,0.216986802,-0.191406104,-0.070333357,-0.843685968,0.297064554,-0.035465375,-0.825229563,-0.008736652,-0.937062652,-0.296120283,0.352430615,0.569417417,0.284708709,0.352430615,0.216986802,85866.074200045637554,132119491.677081882953644,3,2
35452.599999999998545,143.469999999999999,NM,1.30202E+11,Headwaters Arroyo San Jose,1.30202E+11,0.945368361,-0.089704982,-0.409817791,0.725073674,1.847890006417870,0.013010724,-0.217071908,0.07576512,0.276986637,-0.105709059,-0.112153801,2.749694172520690,0.34316139,0.558230473,-1.92797861,1.073114626062410,-0.634833629,0.199995202,0.551960254,0.828946892,0.414473446,0.551960254,0.276986637,58623.479509260287159,143465376.297680646181107,4,4
19811.299999999999272,80.170000000000002,NM,1.30202E+11,Rito de los Pinos-Arroyo San Jose,1.30202E+11,0.772799798,-0.089704982,-0.409817791,0.725073674,1.847890006417870,0.013010724,-0.217071908,0.060863918,0.273025861,-0.105709059,-0.112153801,2.275749748588050,0.34316139,0.558230473,-1.92797861,1.073114626062410,-0.634833629,0.170794595,0.540216242,0.813242102,0.406621051,0.540216242,0.273025861,60670.445289212548232,80171780.571395888924599,4,4
32316.119999999998981,130.780000000000001,NM,1.30202E+11,San Pablo Canyon,1.30202E+11,0.863777974,-0.089704982,-0.409817791,0.725073674,1.847890006417870,0.013010724,-0.217071908,0.068719835,0.275113983,-0.105709059,-0.112153801,1.813378592643920,0.34316139,0.558230473,-1.92797861,1.073114626062410,-0.634833629,0.142307039,0.528759006,0.803872989,0.401936495,0.528759006,0.275113983,62460.918791616320959,130768482.924619227647781,4,3
33555.540000000000873,135.789999999999992,NM,1.30202E+11,Arroyo San Jose-Rio Puerco,1.30202E+11,0.897540624,-0.089704982,-0.409817791,0.725073674,1.847890006417870,0.013010724,-0.217071908,0.071635221,0.2758889,-0.105709059,-0.112153801,0.479186241,0.34316139,0.558230473,-1.92797861,1.073114626062410,-0.634833629,0.06010494,0.495698649,0.771587549,0.385793774,0.495698649,0.2758889,76796.973627548330114,135787015.028930366039276,4,3
38144.330000000001746,154.360000000000014,NM,1.30202E+11,Arroyo de Los Pinos-Rio Puerco,1.30202E+11,0.383379586,-0.089704982,-0.409817791,0.725073674,1.847890006417870,0.013010724,-0.217071908,0.027237693,0.264087927,-0.105709059,-0.112153801,7.701877690686470,0.34316139,0.558230473,-1.92797861,1.073114626062410,-0.634833629,0.505108539,0.674671913,0.938759839,0.46937992,0.674671913,0.264087927,63976.429366782620491,154360068.846346050500870,4,4
33496.750000000000000,135.560000000000002,NM,1.30202E+11,Rito Olguin-Rio Puerco,1.30202E+11,0.30056087,-0.089704982,-0.409817791,0.725073674,1.847890006417870,0.013010724,-0.217071908,0.020086342,0.26218708,-0.105709059,-0.112153801,6.758891846253580,0.34316139,0.558230473,-1.92797861,1.073114626062410,-0.634833629,0.447009408,0.65130538,0.91349246,0.45674623,0.65130538,0.26218708,83113.340184318964020,135554444.369974970817566,4,4
26283.750000000000000,106.370000000000005,NM,1.30202E+11,La Canada de la Lena-Rio Puerco,1.30202E+11,-0.062144345,-0.089704982,-0.409817791,0.725073674,1.847890006417870,0.013010724,-0.217071908,-0.011233058,0.253862305,-0.105709059,-0.112153801,0.825602018,0.34316139,0.558230473,-1.92797861,1.073114626062410,-0.634833629,0.081448267,0.504282591,0.758144896,0.379072448,0.504282591,0.253862305,50651.323843552163453,106379308.686150193214417,4,3
30993.520000000000437,125.430000000000007,NM,1.30202E+11,Upper Salado Creek,1.30202E+11,0.670159702,-0.089704982,-0.409817791,0.725073674,1.847890006417870,0.013010724,-0.217071908,0.052001001,0.270670075,-0.105709059,-0.112153801,-0.64444174,0.34316139,0.558230473,-1.92797861,1.073114626062410,-0.634833629,-0.009123892,0.467855931,0.738526006,0.369263003,0.467855931,0.270670075,56999.479194694773469,125462109.268207907676697,4,3
25737.959999999999127,104.159999999999997,NM,1.30202E+11,Canon Guadalupe-Rio Puerco,1.30202E+11,0.148896422,-0.089704982,-0.409817791,0.725073674,1.847890006417870,0.013010724,-0.217071908,0.006990199,0.258706092,-0.105709059,-0.112153801,0.801727572,0.34316139,0.558230473,-1.92797861,1.073114626062410,-0.634833629,0.079977318,0.503690999,0.762397091,0.381198546,0.503690999,0.258706092,65571.840013945184182,104176851.689595624804497,4,3
16222.250000000000000,65.650000000000006,NM,1.30202E+11,Upper Canada de los Apaches,1.30202E+11,-0.009914516,-0.089704982,-0.409817791,0.725073674,1.847890006417870,0.013010724,-0.217071908,-0.00672304,0.255061079,-0.105709059,-0.112153801,0.860087709,0.34316139,0.558230473,-1.92797861,1.073114626062410,-0.634833629,0.083572995,0.505137122,0.760198202,0.380099101,0.505137122,0.255061079,43605.691062341124052,65660741.428020305931568,4,3
19648.970000000001164,79.519999999999996,NM,1.30202E+11,Middle Canada de los Apaches,1.30202E+11,-0.21151249,-0.089704982,-0.409817791,0.725073674,1.847890006417870,0.013010724,-0.217071908,-0.024130916,0.250434023,-0.105709059,-0.112153801,0.879011531,0.34316139,0.558230473,-1.92797861,1.073114626062410,-0.634833629,0.084738928,0.505606041,0.756040064,0.378020032,0.505606041,0.250434023,48048.725586798434961,79527714.197984725236893,4,3
23901.250000000000000,96.730000000000004,NM,1.30202E+11,Outlet Arroyo Monte Largo,1.30202E+11,-0.200165413,-0.089704982,-0.409817791,0.725073674,1.847890006417870,0.013010724,-0.217071908,-0.023151102,0.25069446,-0.105709059,-0.112153801,1.346823404100520,0.34316139,0.558230473,-1.92797861,1.073114626062410,-0.634833629,0.113561697,0.517198094,0.767892553,0.383946277,0.517198094,0.25069446,76737.941755842257407,96745528.496568217873573,4,3
32332.180000000000291,130.840000000000003,NM,1.30202E+11,Headwaters Arroyo Garcia,1.30202E+11,-0.404916695,-0.089704982,-0.409817791,0.725073674,1.847890006417870,0.013010724,-0.217071908,-0.040831265,0.245995029,-0.105709059,-0.112153801,0.759790362,0.34316139,0.558230473,-1.92797861,1.073114626062410,-0.634833629,0.077393487,0.502651824,0.748646852,0.374323426,0.502651824,0.245995029,59342.162604354889481,130857786.743182688951492,4,3
30192.619999999998981,122.189999999999998,NM,1.30202E+11,Cat Mesa-Rio Puerco,1.30202E+11,-0.622923506,-0.089704982,-0.409817791,0.725073674,1.847890006417870,0.013010724,-0.217071908,-0.059656035,0.240991358,-0.105709059,-0.112153801,0.600302547,0.34316139,0.558230473,-1.92797861,1.073114626062410,-0.634833629,0.067567143,0.498699827,0.739691185,0.369845592,0.498699827,0.240991358,88358.063193752692314,122181705.962286129593849,3,3
25950.909999999999854,105.019999999999996,NM,1.30202E+11,Headwaters Arroyo Alamito,1.30202E+11,-0.450032361,-0.089704982,-0.409817791,0.725073674,1.847890006417870,0.013010724,-0.217071908,-0.044726978,0.244959538,-0.105709059,-0.112153801,1.378480041637090,0.34316139,0.558230473,-1.92797861,1.073114626062410,-0.634833629,0.115512122,0.517982523,0.762942061,0.381471031,0.517982523,0.244959538,76095.577107469318435,105033637.051190569996834,4,3
27249.970000000001164,110.280000000000001,NM,1.30202E+11,Mariano Draw,1.30202E+11,-0.521233513,-0.089704982,-0.409817791,0.725073674,1.847890006417870,0.013010724,-0.217071908,-0.05087516,0.243325336,-0.105709059,-0.112153801,0.433992,0.34316139,0.558230473,-1.92797861,1.073114626062410,-0.634833629,0.057320438,0.494578767,0.737904104,0.368952052,0.494578767,0.243325336,50708.877028771632467,110281106.220855787396431,4,3
13493.290000000000873,54.609999999999999,NM,1.30202E+11,Arroyo Sarcio,1.30202E+11,0.600077402,-0.83667115,-0.518183152,-0.814895908,-2.513642526,-0.831342104,-1.521052876,-0.779321976,0.049702364,0.615555743,0.976037647,1.971638464399980,0.217463674,-0.055317828,-4.02349574,0.69125197,-0.475043081,0.097610871,0.510782929,0.560485294,0.280242647,0.510782929,0.049702364,37700.830364825618744,54627791.392225198447704,1,3
19940.959999999999127,80.700000000000003,NM,1.30202E+11,Outlet San Miguel Creek,1.30202E+11,0.300505275,-0.83667115,-0.518183152,-0.814895908,-2.513642526,-0.831342104,-1.521052876,-0.805189867,0.042826615,0.615555743,0.976037647,3.103175010062680,0.217463674,-0.055317828,-4.02349574,0.69125197,-0.475043081,0.167326965,0.538821617,0.581648231,0.290824116,0.538821617,0.042826615,71544.067200969104306,80737467.159468725323677,1,4
38649.150000000001455,156.409999999999997,NM,1.30202E+11,Abeyta Arroyo-Arroyo Chico,1.30202E+11,0.240533027,-0.83667115,-0.518183152,-0.814895908,-2.513642526,-0.831342104,-1.521052876,-0.810368438,0.041450138,0.615555743,0.976037647,0.714757662,0.217463674,-0.055317828,-4.02349574,0.69125197,-0.475043081,0.020172082,0.479638298,0.521088436,0.260544218,0.479638298,0.041450138,94033.013772026504739,156504149.079242795705795,1,3
22104.970000000001164,89.460000000000008,NM,1.30202E+11,Black Mountain-Torreon Wash,1.30202E+11,0.055381424,-0.83667115,-0.518183152,-0.814895908,-2.513642526,-0.831342104,-1.521052876,-0.826356179,0.037200556,0.615555743,0.976037647,0.487152573,0.217463674,-0.055317828,-4.02349574,0.69125197,-0.475043081,0.006148904,0.473998403,0.511198959,0.25559948,0.473998403,0.037200556,72387.022340526935295,89473144.205035343766212,1,3
38809.090000000003783,157.050000000000011,NM,1.30202E+11,Arroyo Seccion,1.30202E+11,0.723435479,-0.83667115,-0.518183152,-0.814895908,-2.513642526,-0.831342104,-1.521052876,-0.768670072,0.052533667,0.615555743,0.976037647,1.992848251435360,0.217463674,-0.055317828,-4.02349574,0.69125197,-0.475043081,0.098917646,0.511308493,0.56384216,0.28192108,0.511308493,0.052533667,71955.820365243329434,157108584.895251125097275,1,3
22191.389999999999418,89.810000000000002,NM,1.30202E+11,Candido Tank-Arroyo Chico,1.30202E+11,0.077931854,-0.83667115,-0.518183152,-0.814895908,-2.513642526,-0.831342104,-1.521052876,-0.824408962,0.037718132,0.615555743,0.976037647,1.294979730594750,0.217463674,-0.055317828,-4.02349574,0.69125197,-0.475043081,0.055920654,0.494015797,0.531733929,0.265866964,0.494015797,0.037718132,70250.218392046503141,89839406.216020345687866,1,3
26598.790000000000873,107.640000000000001,NM,1.30202E+11,Canada Lagunita-Arroyo Chico,1.30202E+11,0.222631456,-0.83667115,-0.518183152,-0.814895908,-2.513642526,-0.831342104,-1.521052876,-0.811914229,0.041039262,0.615555743,0.976037647,0.776623391,0.217463674,-0.055317828,-4.02349574,0.69125197,-0.475043081,0.023983746,0.481171288,0.522210551,0.261105275,0.481171288,0.041039262,55483.893963120121043,107667223.948496222496033,1,3
37832.209999999999127,153.099999999999994,NM,1.30202E+11,Log Cabin Canyon,1.30202E+11,0.363438502,-0.531867474,7.751062765068010,-0.814895908,-0.33287626,-0.866614208,-1.724737964,1.812473630879590,0.73860807,0.66765058,0.289324354,-0.063333473,0.310728304,0.025260013,0.350088056,0.453972862,0.032553175,0.258058505,0.575312378,1.313920447946890,0.656960224,0.575312378,0.73860807,57986.758938611201302,153242906.435084581375122,5,4
39068.080000000001746,158.099999999999994,NM,1.30202E+11,Upper Mitchell Draw,1.30202E+11,0.597555179,-0.05388878,0.230926531,-0.768163548,0.757506873,-0.433631273,-0.736948854,-0.079333722,0.23576098,0.34995095,0.199225805,0.798288947,0.271989734,-0.5938391,-1.488482543,-0.060789735,-0.488873456,-0.173659417,0.401682399,0.637443379,0.318721689,0.401682399,0.23576098,60817.089145461955923,158311006.973881006240845,3,2
16860.599999999998545,68.230000000000004,NM,1.30202E+11,Lower Mitchell Draw,1.30202E+11,0.346494147,-0.05388878,0.230926531,-0.768163548,0.757506873,-0.433631273,-0.736948854,-0.101012706,0.229998652,0.34995095,0.199225805,0.700597534,0.271989734,-0.5938391,-1.488482543,-0.060789735,-0.488873456,-0.179678369,0.399261674,0.629260326,0.314630163,0.399261674,0.229998652,41864.185551001508429,68302882.444052636623383,3,2
23816.270000000000437,96.379999999999995,NM,1.30202E+11,Agua Medio-Bluewater Creek,1.30202E+11,1.191133101476660,-0.05388878,0.230926531,-0.768163548,0.757506873,-0.433631273,-0.736948854,-0.028078589,0.249384722,0.34995095,0.199225805,3.509277699051500,0.271989734,-0.5938391,-1.488482543,-0.060789735,-0.488873456,-0.006630303,0.468858812,0.718243533,0.359121767,0.468858812,0.249384722,53063.997464923100779,96509063.745144858956337,4,3
14410.290000000000873,58.320000000000000,NM,1.30202E+11,Sawyer Creek,1.30202E+11,1.167192900885710,-0.05388878,0.230926531,-0.768163548,0.757506873,-0.433631273,-0.736948854,-0.030145812,0.248835248,0.34995095,0.199225805,1.721645376470890,0.271989734,-0.5938391,-1.488482543,-0.060789735,-0.488873456,-0.116769691,0.424562528,0.673397776,0.336698888,0.424562528,0.248835248,41337.939377774564491,58395625.049223870038986,4,3
16871.110000000000582,68.280000000000001,NM,1.30202E+11,Ojo Redondo-Bluewater Creek,1.30202E+11,1.068521548289440,-0.05388878,0.230926531,-0.768163548,0.757506873,-0.433631273,-0.736948854,-0.03866603,0.246570553,0.34995095,0.199225805,3.791629604729000,0.271989734,-0.5938391,-1.488482543,-0.060789735,-0.488873456,0.010765928,0.475855295,0.722425849,0.361212924,0.475855295,0.246570553,48580.805721863762301,68362506.253078192472458,4,3
20009.869999999998981,80.980000000000004,NM,1.30202E+11,Bluewater Lake-Bluewater Creek,1.30202E+11,1.024649596008160,-0.05388878,0.230926531,-0.768163548,0.757506873,-0.433631273,-0.736948854,-0.042454349,0.245563609,0.34995095,0.199225805,1.500726869410570,0.271989734,-0.5938391,-1.488482543,-0.060789735,-0.488873456,-0.130380896,0.419088321,0.66465193,0.332325965,0.419088321,0.245563609,54161.157292060255713,81074789.678165137767792,4,3
13860.889999999999418,56.090000000000003,NM,1.30202E+11,Reynold Draw-Bluewater Creek,1.30202E+11,0.653119839,-0.05388878,0.230926531,-0.768163548,0.757506873,-0.433631273,-0.736948854,-0.074535743,0.237036295,0.34995095,0.199225805,2.411968965225730,0.271989734,-0.5938391,-1.488482543,-0.060789735,-0.488873456,-0.074237557,0.441668266,0.67870456,0.33935228,0.441668266,0.237036295,38127.657528370924410,56155664.189247630536556,3,3
36951.010000000002037,149.539999999999992,NM,1.30202E+11,Upper San Mateo Creek,1.30202E+11,1.078262795093370,-0.05388878,0.230926531,-0.768163548,0.757506873,-0.433631273,-0.736948854,-0.037824879,0.246794133,0.34995095,0.199225805,5.642466514114900,0.271989734,-0.5938391,-1.488482543,-0.060789735,-0.488873456,0.12479947,0.521717745,0.768511878,0.384255939,0.521717745,0.246794133,60599.881162494712044,149631116.682330220937729,4,3
37544.020000000004075,151.939999999999998,NM,1.30202E+11,Headwaters Arroyo del Puerto,1.30202E+11,0.551100534,-0.05388878,0.230926531,-0.768163548,0.757506873,-0.433631273,-0.736948854,-0.083345055,0.234694758,0.34995095,0.199225805,0.782634409,0.271989734,-0.5938391,-1.488482543,-0.060789735,-0.488873456,-0.174623923,0.40129449,0.635989248,0.317994624,0.40129449,0.234694758,61107.147488646762213,152066537.666782617568970,3,2
24537.200000000000728,99.299999999999997,NM,1.30202E+11,Outlet Arroyo del Puerto,1.30202E+11,0.482382131,-0.05388878,0.230926531,-0.768163548,0.757506873,-0.433631273,-0.736948854,-0.089278852,0.23311754,0.34995095,0.199225805,0.722251056,0.271989734,-0.5938391,-1.488482543,-0.060789735,-0.488873456,-0.178344254,0.399798233,0.632915772,0.316457886,0.399798233,0.23311754,51316.815763610713475,99375726.191160887479782,3,2
12010.319999999999709,48.600000000000001,NM,1.30202E+11,Middle San Mateo Creek,1.30202E+11,0.537539698,-0.05388878,0.230926531,-0.768163548,0.757506873,-0.433631273,-0.736948854,-0.084516026,0.234383511,0.34995095,0.199225805,4.132435091063000,0.271989734,-0.5938391,-1.488482543,-0.060789735,-0.488873456,0.031763595,0.484300218,0.718683729,0.359341864,0.484300218,0.234383511,36662.854350851725030,48639436.894181750714779,3,3
29658.450000000000728,120.019999999999996,NM,1.30202E+11,Lobo Creek,1.30202E+11,0.81944025,-0.05388878,0.230926531,-0.768163548,0.757506873,-0.433631273,-0.736948854,-0.060174066,0.240853664,0.34995095,0.199225805,2.075724239887340,0.271989734,-0.5938391,-1.488482543,-0.060789735,-0.488873456,-0.094954227,0.433336356,0.67419002,0.33709501,0.433336356,0.240853664,71390.029397680569673,120110870.299436748027802,3,3
27074.459999999999127,109.570000000000007,NM,1.30202E+11,Stanley and Carol Ranch,1.30202E+11,0.233126753,-0.05388878,0.230926531,-0.768163548,0.757506873,-0.433631273,-0.736948854,-0.110801919,0.227396655,0.34995095,0.199225805,1.519359700905070,0.271989734,-0.5938391,-1.488482543,-0.060789735,-0.488873456,-0.129232892,0.41955003,0.646946685,0.323473342,0.41955003,0.227396655,67632.798160386504605,109664115.563837438821793,3,3
26739.659999999999854,108.210000000000008,NM,1.30202E+11,Prop Canyon-Rio San Jose,1.30202E+11,0.488370155,-0.05388878,0.230926531,-0.768163548,0.757506873,-0.433631273,-0.736948854,-0.08876179,0.233254976,0.34995095,0.199225805,1.320250707936840,0.271989734,-0.5938391,-1.488482543,-0.060789735,-0.488873456,-0.141500372,0.414616248,0.647871224,0.323935612,0.414616248,0.233254976,62844.346336419774161,108326518.171895518898964,3,3
28992.279999999998836,117.329999999999998,NM,1.30202E+11,Zuni Canyon,1.30202E+11,0.830319525,-0.05388878,0.230926531,-0.768163548,0.757506873,-0.433631273,-0.736948854,-0.059234646,0.241103364,0.34995095,0.199225805,0.993811528,0.271989734,-0.5938391,-1.488482543,-0.060789735,-0.488873456,-0.161612903,0.406527312,0.647630676,0.323815338,0.406527312,0.241103364,70860.772458489387645,117452914.545171514153481,3,3
26062.840000000000146,105.469999999999999,NM,1.30202E+11,Dead Cow Canyon-Rio San Jose,1.30202E+11,0.33126488,-0.05388878,0.230926531,-0.768163548,0.757506873,-0.433631273,-0.736948854,-0.102327745,0.229649111,0.34995095,0.199225805,1.711959340655680,0.271989734,-0.5938391,-1.488482543,-0.060789735,-0.488873456,-0.117366466,0.424322515,0.653971626,0.326985813,0.424322515,0.229649111,94148.049555991601665,105572946.387582376599312,3,3
32745.860000000000582,132.520000000000010,NM,1.30202E+11,Grants Canyon-Rio San Jose,1.30202E+11,0.264149223,-0.05388878,0.230926531,-0.768163548,0.757506873,-0.433631273,-0.736948854,-0.108123146,0.22810868,0.34995095,0.199225805,1.421693525125100,0.271989734,-0.5938391,-1.488482543,-0.060789735,-0.488873456,-0.135250289,0.41712993,0.64523861,0.322619305,0.41712993,0.22810868,73242.426058920216747,132623741.019329130649567,3,3
24084.590000000000146,97.469999999999999,NM,1.30202E+11,McCarty Mesa-Rio San Jose,1.30202E+11,0.298849321,-0.05388878,0.230926531,-0.768163548,0.757506873,-0.433631273,-0.736948854,-0.105126811,0.228905113,0.34995095,0.199225805,1.117521856357050,0.271989734,-0.5938391,-1.488482543,-0.060789735,-0.488873456,-0.153990877,0.409592768,0.638497881,0.31924894,0.409592768,0.228905113,63360.390595868164382,97539489.099439501762390,3,3
20073.889999999999418,81.239999999999995,NM,1.30202E+11,Lower Acoma Creek,1.30202E+11,-0.115462937,-0.05388878,0.230926531,-0.768163548,0.757506873,-0.433631273,-0.736948854,-0.140902451,0.219395859,0.34995095,0.199225805,1.103706399506540,0.271989734,-0.5938391,-1.488482543,-0.060789735,-0.488873456,-0.154842074,0.409250431,0.628646289,0.314323145,0.409250431,0.219395859,43036.957811465079430,81274044.162514969706535,3,3
14162.409999999999854,57.310000000000002,NM,1.30202E+11,Outlet Canon Largo,1.30202E+11,0.189765227,-0.05388878,0.230926531,-0.768163548,0.757506873,-0.433631273,-0.736948854,-0.114546164,0.226401425,0.34995095,0.199225805,0.826110276,0.271989734,-0.5938391,-1.488482543,-0.060789735,-0.488873456,-0.171945293,0.402371792,0.628773217,0.314386609,0.402371792,0.226401425,47162.115397446446877,57352566.034920550882816,3,2
21003.049999999999272,85.000000000000000,NM,1.30202E+11,Tafoya Canyon-Rio San Jose,1.30202E+11,0.406469875,-0.05388878,0.230926531,-0.768163548,0.757506873,-0.433631273,-0.736948854,-0.095833835,0.231375209,0.34995095,0.199225805,1.166706149148590,0.271989734,-0.5938391,-1.488482543,-0.060789735,-0.488873456,-0.150960541,0.41081152,0.642186729,0.321093365,0.41081152,0.231375209,57624.531128000693570,85054287.843986481428146,3,3
16145.510000000000218,65.340000000000003,NM,1.30202E+11,Rinconada Creek,1.30202E+11,0.884696084,-0.05388878,0.230926531,-0.768163548,0.757506873,-0.433631273,-0.736948854,-0.05453926,0.24235141,0.34995095,0.199225805,0.53036745,0.271989734,-0.5938391,-1.488482543,-0.060789735,-0.488873456,-0.190166564,0.395043491,0.6373949,0.31869745,0.395043491,0.24235141,52119.075682308292016,65379823.017718434333801,3,2
21130.740000000001601,85.510000000000005,NM,1.30202E+11,Rinconada Creek-Rio San Jose,1.30202E+11,0.045460021,-0.05388878,0.230926531,-0.768163548,0.757506873,-0.433631273,-0.736948854,-0.12700684,0.223089347,0.34995095,0.199225805,1.556244259770580,0.271989734,-0.5938391,-1.488482543,-0.060789735,-0.488873456,-0.126960365,0.420464004,0.64355335,0.321776675,0.420464004,0.223089347,64745.133833853593387,85564860.538334861397743,3,3
11309.989999999999782,45.770000000000003,NM,1.30202E+11,San Jose Canyon,1.30202E+11,0.617137076,-0.05388878,0.230926531,-0.768163548,0.757506873,-0.433631273,-0.736948854,-0.077642835,0.236210422,0.34995095,0.199225805,1.176004310658580,0.271989734,-0.5938391,-1.488482543,-0.060789735,-0.488873456,-0.150387663,0.411041922,0.647252344,0.323626172,0.411041922,0.236210422,38415.532934128925262,45796735.570023745298386,3,3
31938.049999999999272,129.250000000000000,NM,1.30202E+11,Castillo Canyon,1.30202E+11,0.730098187,-0.05388878,0.230926531,-0.768163548,0.757506873,-0.433631273,-0.736948854,-0.067888705,0.238803094,0.34995095,0.199225805,2.877921224226090,0.271989734,-0.5938391,-1.488482543,-0.060789735,-0.488873456,-0.045529363,0.453214238,0.692017332,0.346008666,0.453214238,0.238803094,66030.678657636904973,129314618.844573706388474,3,3
19008.610000000000582,76.930000000000007,NM,1.30202E+11,Canon Seco-Rio San Jose,1.30202E+11,0.337558249,-0.05388878,0.230926531,-0.768163548,0.757506873,-0.433631273,-0.736948854,-0.101784316,0.229793556,0.34995095,0.199225805,1.762576201689030,0.271989734,-0.5938391,-1.488482543,-0.060789735,-0.488873456,-0.114247866,0.425576765,0.655370322,0.327685161,0.425576765,0.229793556,64906.645975796694984,76967480.210774317383766,3,3
18083.700000000000728,73.180000000000007,NM,1.30202E+11,Encinal Canyon,1.30202E+11,0.290047749,-0.05388878,0.230926531,-0.768163548,0.757506873,-0.433631273,-0.736948854,-0.105886822,0.2287031,0.34995095,0.199225805,0.090605745,0.271989734,-0.5938391,-1.488482543,-0.060789735,-0.488873456,-0.21726111,0.384146502,0.612849602,0.306424801,0.384146502,0.2287031,54016.159881467086961,73214360.889053314924240,3,2
17586.659999999999854,71.170000000000002,NM,1.30202E+11,Canada de Cruz-Rio San Jose,1.30202E+11,-0.090151074,-0.05388878,0.230926531,-0.768163548,0.757506873,-0.433631273,-0.736948854,-0.138716785,0.219976814,0.34995095,0.199225805,1.545397525173640,0.271989734,-0.5938391,-1.488482543,-0.060789735,-0.488873456,-0.127628653,0.420195229,0.640172043,0.320086022,0.420195229,0.219976814,64791.499038952097180,71205637.905015125870705,3,3
12668.870000000000800,51.270000000000003,NM,1.30202E+11,Seboyetita Creek,1.30202E+11,1.043125358778420,-0.05388878,0.230926531,-0.768163548,0.757506873,-0.433631273,-0.736948854,-0.040858977,0.245987663,0.34995095,0.199225805,2.568813088366770,0.271989734,-0.5938391,-1.488482543,-0.060789735,-0.488873456,-0.064574096,0.445554754,0.691542416,0.345771208,0.445554754,0.245987663,59738.132017497133347,51291391.154015347361565,4,3
26672.159999999999854,107.939999999999998,NM,1.30202E+11,Seboyeta Creek,1.30202E+11,1.120380040596310,-0.05388878,0.230926531,-0.768163548,0.757506873,-0.433631273,-0.736948854,-0.034188077,0.247760804,0.34995095,0.199225805,2.688988100483480,0.271989734,-0.5938391,-1.488482543,-0.060789735,-0.488873456,-0.057169888,0.448532607,0.696293411,0.348146706,0.448532607,0.247760804,75032.426449041930027,107984421.817298755049706,4,3
34324.300000000002910,138.909999999999997,NM,1.30202E+11,Rio Moquino,1.30202E+11,0.414128633,-0.05388878,0.230926531,-0.768163548,0.757506873,-0.433631273,-0.736948854,-0.095172505,0.231550992,0.34995095,0.199225805,1.639523878991800,0.271989734,-0.5938391,-1.488482543,-0.060789735,-0.488873456,-0.121829351,0.422527614,0.654078607,0.327039303,0.422527614,0.231550992,92993.509604335296899,138958783.636368840932846,3,3
10658.989999999999782,43.140000000000001,NM,1.30202E+11,Rio Paguate,1.30202E+11,0.072894297,-0.05388878,0.230926531,-0.768163548,0.757506873,-0.433631273,-0.736948854,-0.124637906,0.223719015,0.34995095,0.199225805,0.16288507,0.271989734,-0.5938391,-1.488482543,-0.060789735,-0.488873456,-0.212807844,0.385937533,0.609656549,0.304828274,0.385937533,0.223719015,42591.929960720575764,43150133.231471605598927,3,2
33058.239999999997963,133.780000000000001,NM,1.30202E+11,Canada de Pedro Padilla,1.30202E+11,0.959279646,-0.05388878,0.230926531,-0.768163548,0.757506873,-0.433631273,-0.736948854,-0.048099009,0.244063244,0.34995095,0.199225805,2.722232816211750,0.271989734,-0.5938391,-1.488482543,-0.060789735,-0.488873456,-0.055121618,0.449356388,0.693419632,0.346709816,0.449356388,0.244063244,97330.562504866713425,133828343.037661060690880,4,3
21427.990000000001601,86.719999999999999,NM,1.30202E+11,Arroyo del Valle,1.30202E+11,0.293517906,-0.05388878,0.230926531,-0.768163548,0.757506873,-0.433631273,-0.736948854,-0.105587176,0.228782747,0.34995095,0.199225805,-0.301020672,0.271989734,-0.5938391,-1.488482543,-0.060789735,-0.488873456,-0.241389949,0.374442272,0.603225019,0.301612509,0.374442272,0.228782747,64299.116823039636074,86742719.219221696257591,3,2
16624.260000000002037,67.280000000000001,NM,1.30202E+11,Rio Gypsum-Rio San Jose,1.30202E+11,-0.125372623,-0.05388878,0.230926531,-0.768163548,0.757506873,-0.433631273,-0.736948854,-0.141758147,0.219168413,0.34995095,0.199225805,1.035369144774890,0.271989734,-0.5938391,-1.488482543,-0.060789735,-0.488873456,-0.15905246,0.407557081,0.626725494,0.313362747,0.407557081,0.219168413,51142.857571505213855,67302162.562582314014435,3,3
34128.739999999997963,138.110000000000014,NM,1.30202E+11,Sunhouse Peaks-Rio San Jose,1.30202E+11,-0.281151031,-0.05388878,0.230926531,-0.768163548,0.757506873,-0.433631273,-0.736948854,-0.155209528,0.215593002,0.34995095,0.199225805,1.523491421297540,0.271989734,-0.5938391,-1.488482543,-0.060789735,-0.488873456,-0.128978329,0.419652411,0.635245413,0.317622707,0.419652411,0.215593002,90571.299625647632638,138156144.664181083440781,3,3
26340.770000000000437,106.600000000000009,NM,1.30202E+11,Arroyo del Mirando-Rio San Jose,1.30202E+11,-0.480028043,-0.05388878,0.230926531,-0.768163548,0.757506873,-0.433631273,-0.736948854,-0.172382451,0.211028397,0.34995095,0.199225805,1.310926425469010,0.271989734,-0.5938391,-1.488482543,-0.060789735,-0.488873456,-0.142074858,0.414385198,0.625413595,0.312706798,0.414385198,0.211028397,81864.729269791452680,106610312.013186797499657,3,3
23528.840000000000146,95.219999999999999,NM,1.30202E+11,Pasture Canyon-Alamocita Creek,1.30202E+11,0.495372008,-0.386042447,-0.518183152,0.269286274,-0.33287626,-0.778141145,-0.080375969,-0.399845021,0.150568281,1.046319430106780,0.185543421,0.226228373,0.244223086,0.369736962,-0.889751297,-0.030300343,-0.44216347,0.158963898,0.535458126,0.686026407,0.343013204,0.535458126,0.150568281,54993.737212830834324,95294139.477294504642487,1,4
26220.720000000001164,106.109999999999999,NM,1.30202E+11,Blue Mesa Canyon-Alamocita Creek,1.30202E+11,0.373150077,-0.386042447,-0.518183152,0.269286274,-0.33287626,-0.778141145,-0.080375969,-0.410398819,0.147763055,1.046319430106780,0.185543421,0.242921097,0.244223086,0.369736962,-0.889751297,-0.030300343,-0.44216347,0.159992368,0.53587176,0.683634816,0.341817408,0.53587176,0.147763055,56835.933281220437493,106186033.550643816590309,1,4
29014.250000000000000,117.420000000000002,NM,1.30202E+11,Miguel Chavez Canyon-Rio Salado,1.30202E+11,0.425335506,-0.386042447,-0.518183152,0.269286274,-0.33287626,-0.778141145,-0.080375969,-0.405892635,0.14896081,1.046319430106780,0.185543421,0.633069043,0.244223086,0.369736962,-0.889751297,-0.030300343,-0.44216347,0.184030116,0.545539355,0.694500165,0.347250082,0.545539355,0.14896081,62690.381408680339518,117498735.284010440111160,1,4
37653.470000000001164,152.379999999999995,NM,1.30202E+11,Outlet Canada Bonita,1.30202E+11,-0.132582965,-0.386042447,-0.518183152,0.269286274,-0.33287626,-0.778141145,-0.080375969,-0.454068594,0.136155521,1.046319430106780,0.185543421,0.549108859,0.244223086,0.369736962,-0.889751297,-0.030300343,-0.44216347,0.178857171,0.54345888,0.6796144,0.3398072,0.54345888,0.136155521,72162.634613710339181,152439848.019083410501480,1,4
36111.489999999997963,146.140000000000015,NM,1.30201E+11,Canones Creek,1.30201E+11,1.361673315017420,-0.694322299,-0.374439185,-0.202746346,0.757506873,1.595268052810170,0.781792097,0.509858053,0.392369616,-0.572388519,0.286742863,-2.025846414,-2.534839024,1.903996223416780,-0.483764455,1.335335030990230,1.084741913001590,0.444899914,0.650456976,1.042826592116950,0.521413296,0.650456976,0.392369616,82361.372966151917353,146085850.698116093873978,5,4
22089.680000000000291,89.390000000000001,"CO,NM",1.102E+11,Headwaters San Isidro Creek,1.102E+11,0.83356302,0.105336248,-0.107854265,-0.814895908,-1.423259393,-0.340975449,0.404307874,-0.134073634,0.221210975,0.701110851,6.207917171257130,-0.21346096,-0.122211765,-0.344619311,-0.188134465,-0.255386791,0.783372781,0.903646171,0.834957314,1.056168289577080,0.528084145,0.834957314,0.221210975,41820.759264739237551,55441702.116684496402740,3,5
35355.610000000000582,143.080000000000013,"CO,NM",1.102E+11,Mike Creek-Trinchera Creek,1.102E+11,0.486948039,0.105336248,-0.107854265,-0.814895908,-1.423259393,-0.340975449,0.404307874,-0.16400365,0.213255503,0.701110851,6.207917171257130,0.194298731,-0.122211765,-0.344619311,-0.188134465,-0.255386791,0.783372781,0.928769012,0.845061315,1.058316818049590,0.529158409,0.845061315,0.213255503,48369.829050994405407,105443166.081952840089798,3,5
15011.430000000000291,60.750000000000000,"CO,NM",1.104E+11,Cobert Canyon,1.104E+11,-0.791713264,0.639234211,0.381778393,-0.77477556,0.757506873,-0.512429162,-0.110652855,-0.039079988,0.246460522,-0.611189568,1.990212942622990,0.715664992,0.210572948,1.178567112731240,-0.112197292,-0.80977813,-0.319775102,0.289372072,0.587906188,0.834366711,0.417183355,0.587906188,0.246460522,14453.520336090388810,7409090.335143981501460,4,4
24895.310000000001310,100.750000000000000,"CO,NM",1.104E+11,Deer Trail Canyon-Dry Cimarron River,1.104E+11,-0.645161775,0.639234211,0.381778393,-0.77477556,0.757506873,-0.512429162,-0.110652855,-0.026425346,0.249824157,-0.611189568,1.990212942622990,0.556178424,0.210572948,1.178567112731240,-0.112197292,-0.80977813,-0.319775102,0.279545805,0.583954222,0.83377838,0.41688919,0.583954222,0.249824157,63046.808131564190262,88693482.028151929378510,4,4
10504.989999999999782,42.509999999999998,"CO,NM",1.104E+11,Flathead Canyon,1.104E+11,-0.809767084,0.639234211,0.381778393,-0.77477556,0.757506873,-0.512429162,-0.110652855,-0.040638926,0.246046153,-0.611189568,1.990212942622990,0.683947716,0.210572948,1.178567112731240,-0.112197292,-0.80977813,-0.319775102,0.287417911,0.587120256,0.833166409,0.416583205,0.587120256,0.246046153,18540.106973862657469,9782344.994036644697189,4,4
36341.510000000002037,147.069999999999993,"CO,NM",1.104E+11,Miller Canyon-Dry Cimarron River,1.104E+11,-0.968078712,0.639234211,0.381778393,-0.77477556,0.757506873,-0.512429162,-0.110652855,-0.054309049,0.2424126,-0.611189568,1.990212942622990,0.563682087,0.210572948,1.178567112731240,-0.112197292,-0.80977813,-0.319775102,0.280008119,0.584140158,0.826552758,0.413276379,0.584140158,0.2424126,63020.856577298560296,100440626.732620269060135,3,4
36590.120000000002619,148.080000000000013,"CO,NM",1.108E+11,Upper Chicorica Creek,1.108E+11,0.904452101,-0.540783665,-0.46278358,-0.814895908,-0.33287626,0.211969211,-0.592261939,-0.176519509,0.209928756,0.333654145,2.702735354147680,-0.453997358,-0.122890216,-0.221318006,0.944190164,0.237120908,1.247946952059900,0.628113753,0.724142624,0.934071381,0.46703569,0.724142624,0.209928756,45810.793170780227229,99587215.563704013824463,3,5
31586.350000000002183,127.829999999999998,"CO,NM",1.108E+11,Gold Creek-Vermejo River,1.108E+11,1.974557628631440,-0.540783665,-0.46278358,-0.814895908,-0.33287626,0.211969211,-0.592261939,-0.084116475,0.234489712,0.333654145,2.702735354147680,-3.006880699,-0.122890216,-0.221318006,0.944190164,0.237120908,1.247946952059900,0.470825811,0.660883953,0.895373665,0.447686833,0.660883953,0.234489712,33918.275837596222118,55495328.355391517281532,3,4
17284.049999999999272,69.950000000000003,"CO,NM",1.108E+11,Bernal Creek-Vermejo River,1.108E+11,1.465180264359680,-0.540783665,-0.46278358,-0.814895908,-0.33287626,0.211969211,-0.592261939,-0.128100935,0.222798534,0.333654145,2.702735354147680,-1.537075839,-0.122890216,-0.221318006,0.944190164,0.237120908,1.247946952059900,0.561383252,0.697304694,0.920103227,0.460051614,0.697304694,0.222798534,60300.099296230255277,62419578.249317914247513,3,5
28446.069999999999709,115.120000000000005,"CO,NM",1.30201E+11,Casias Creek-Costillo Creek,1.30201E+11,2.642895691566120,0.153004765,3.160849657975070,0.52194796,0.757506873,0.25742834,1.243407160137290,1.461429105745380,0.645299564,0.197910208,0.68889681,-2.251498125,-1.916650831,0.822078261,0.362083591,1.530812340087640,1.534386241860980,0.56572786,0.699052025,1.344351589182830,0.672175795,0.699052025,0.645299564,48839.920325563820370,98363597.444463565945625,5,5
18030.100000000002183,72.969999999999999,"CO,NM",1.30201E+11,Town of Garcia-Costilla Creek,1.30201E+11,1.200270484308090,0.153004765,3.160849657975070,0.52194796,0.757506873,0.25742834,1.243407160137290,1.336859198116260,0.612188574,0.197910208,0.68889681,-1.113867794,-1.916650831,0.822078261,0.362083591,1.530812340087640,1.534386241860980,0.635819403,0.727241712,1.339430285711730,0.669715143,0.727241712,0.612188574,34170.078456745330186,37857487.803879238665104,5,5
15376.540000000000873,62.230000000000004,"CO,NM",1.30201E+11,Mesita Hill-Rio Grande,1.30201E+11,0.739131567,0.153004765,3.160849657975070,0.52194796,0.757506873,0.25742834,1.243407160137290,1.297040101641960,0.601604559,0.197910208,0.68889681,-1.070731101,-1.916650831,0.822078261,0.362083591,1.530812340087640,1.534386241860980,0.638477136,0.728310609,1.329915168241450,0.664957584,0.728310609,0.601604559,9501.750973960984993,2849673.559390091337264,5,5
19067.500000000000000,77.159999999999997,"CO,NM",1.30201E+11,130201010204-Rio Grande,1.30201E+11,0.831934996,0.153004765,3.160849657975070,0.52194796,0.757506873,0.25742834,1.243407160137290,1.305053627588610,0.603734574,0.197910208,0.68889681,-0.290281653,-1.916650831,0.822078261,0.362083591,1.530812340087640,1.534386241860980,0.686562094,0.747649603,1.351384177044150,0.675692089,0.747649603,0.603734574,49740.182639920094516,75819808.141029715538025,5,5
25705.600000000002183,104.030000000000001,NM,1.104E+11,Pinabete Creek,1.104E+11,0.297626211,0.639234211,0.381778393,-0.77477556,0.757506873,-0.512429162,-0.110652855,0.054983887,0.271462934,-0.611189568,1.990212942622990,0.4120292,0.210572948,1.178567112731240,-0.112197292,-0.80977813,-0.319775102,0.2706645,0.580382305,0.851845239,0.425922619,0.580382305,0.271462934,57736.137749747198541,103967447.756016716361046,4,4
21366.119999999998981,86.469999999999999,NM,1.104E+11,Archuleta Creek-Dry Cimarron River,1.104E+11,0.62012557,0.639234211,0.381778393,-0.77477556,0.757506873,-0.512429162,-0.110652855,0.082831533,0.278864907,-0.611189568,1.990212942622990,0.149087041,0.210572948,1.178567112731240,-0.112197292,-0.80977813,-0.319775102,0.254464139,0.573866781,0.852731689,0.426365844,0.573866781,0.278864907,50051.762323387207289,86410501.452786296606064,4,4
20124.020000000000437,81.439999999999998,NM,1.104E+11,Fisher Creek-Dry Cimarron River,1.104E+11,0.423625718,0.639234211,0.381778393,-0.77477556,0.757506873,-0.512429162,-0.110652855,0.065863877,0.274354862,-0.611189568,1.990212942622990,0.100767084,0.210572948,1.178567112731240,-0.112197292,-0.80977813,-0.319775102,0.251487056,0.572669447,0.847024309,0.423512154,0.572669447,0.274354862,54842.732022011827212,81389739.075690895318985,4,4
14688.979999999999563,59.439999999999998,NM,1.104E+11,Village of Folsom-Dry Cimarron River,1.104E+11,0.252689249,0.639234211,0.381778393,-0.77477556,0.757506873,-0.512429162,-0.110652855,0.051103605,0.270431545,-0.611189568,1.990212942622990,0.253141637,0.210572948,1.178567112731240,-0.112197292,-0.80977813,-0.319775102,0.260875138,0.576445182,0.846876727,0.423438364,0.576445182,0.270431545,40536.155972146530985,59409351.889078989624977,4,4
9212.690000000000509,37.280000000000001,NM,1.104E+11,Lower Long Canyon,1.104E+11,-0.494395502,0.639234211,0.381778393,-0.77477556,0.757506873,-0.512429162,-0.110652855,-0.01340676,0.25328453,-0.611189568,1.990212942622990,0.683902938,0.210572948,1.178567112731240,-0.112197292,-0.80977813,-0.319775102,0.287415152,0.587119147,0.840403677,0.420201838,0.587119147,0.25328453,28309.941314423140284,37266731.134630337357521,4,4
24275.529999999998836,98.240000000000009,NM,1.104E+11,Oak Creek-Dry Cimarron River,1.104E+11,0.210034907,0.639234211,0.381778393,-0.77477556,0.757506873,-0.512429162,-0.110652855,0.047420425,0.269452547,-0.611189568,1.990212942622990,0.285020116,0.210572948,1.178567112731240,-0.112197292,-0.80977813,-0.319775102,0.262839231,0.577235108,0.846687655,0.423343828,0.577235108,0.269452547,61088.672640513650549,98183922.940068900585175,4,4
12036.770000000000437,48.710000000000001,NM,1.104E+11,Gleasons Canyon-Dry Cimarron River,1.104E+11,-0.082003034,0.639234211,0.381778393,-0.77477556,0.757506873,-0.512429162,-0.110652855,0.022203107,0.262749721,-0.611189568,1.990212942622990,0.62599797,0.210572948,1.178567112731240,-0.112197292,-0.80977813,-0.319775102,0.283847518,0.585684302,0.848434023,0.424217012,0.585684302,0.262749721,34565.755949345912086,48685120.420930683612823,4,4
15524.200000000000728,62.820000000000000,NM,1.104E+11,Duncan Canyon-Dry Cimarron River,1.104E+11,-0.260223316,0.639234211,0.381778393,-0.77477556,0.757506873,-0.512429162,-0.110652855,0.006813882,0.258659227,-0.611189568,1.990212942622990,0.57714332,0.210572948,1.178567112731240,-0.112197292,-0.80977813,-0.319775102,0.280837491,0.584473718,0.843132945,0.421566472,0.584473718,0.258659227,45789.294464197853813,62793334.923757091164589,4,4
20337.069999999999709,82.299999999999997,NM,1.104E+11,Gleason Canyon-Dry Cimarron River,1.104E+11,-0.346092736,0.639234211,0.381778393,-0.77477556,0.757506873,-0.512429162,-0.110652855,-0.000600896,0.25668836,-0.611189568,1.990212942622990,0.590121679,0.210572948,1.178567112731240,-0.112197292,-0.80977813,-0.319775102,0.281637112,0.584795313,0.841483673,0.420741837,0.584795313,0.25668836,43758.703032997596893,82265807.531577482819557,4,4
30024.260000000002037,121.500000000000000,NM,1.104E+11,Headwaters Road Canyon,1.104E+11,-0.748950631,0.639234211,0.381778393,-0.77477556,0.757506873,-0.512429162,-0.110652855,-0.035387458,0.247442006,-0.611189568,1.990212942622990,0.68996894,0.210572948,1.178567112731240,-0.112197292,-0.80977813,-0.319775102,0.28778889,0.587269458,0.834711464,0.417355732,0.587269458,0.247442006,70967.621275184079423,121483845.120822623372078,4,4
32744.049999999999272,132.509999999999991,NM,1.104E+11,Peacock Draw-Dry Cimarron River,1.104E+11,-0.725098025,0.639234211,0.381778393,-0.77477556,0.757506873,-0.512429162,-0.110652855,-0.033327798,0.247989469,-0.611189568,1.990212942622990,0.65288168,0.210572948,1.178567112731240,-0.112197292,-0.80977813,-0.319775102,0.285503874,0.586350462,0.83433993,0.417169965,0.586350462,0.247989469,55844.490358885101159,132473934.113915726542473,4,4
24530.450000000000728,99.269999999999996,NM,1.104E+11,Sloan Creek,1.104E+11,-0.868520049,0.639234211,0.381778393,-0.77477556,0.757506873,-0.512429162,-0.110652855,-0.045712213,0.244697661,-0.611189568,1.990212942622990,0.572532825,0.210572948,1.178567112731240,-0.112197292,-0.80977813,-0.319775102,0.28055343,0.584359473,0.829057134,0.414528567,0.584359473,0.244697661,49940.530789336575253,99252537.575921460986137,4,4
22955.860000000000582,92.900000000000006,NM,1.108E+11,Little Water Creek,1.108E+11,0.390399014,-0.540783665,-0.46278358,-0.814895908,-0.33287626,0.211969211,-0.592261939,-0.220907716,0.198130261,0.333654145,2.702735354147680,-0.917531568,-0.122890216,-0.221318006,0.944190164,0.237120908,1.247946952059900,0.599554539,0.712656569,0.91078683,0.455393415,0.712656569,0.198130261,52423.597674875614757,92836428.708428561687469,2,5
39401.470000000001164,159.450000000000017,NM,1.108E+11,Headwaters Una de Gato Creek,1.108E+11,0.753559499,-0.540783665,-0.46278358,-0.814895908,-0.33287626,0.211969211,-0.592261939,-0.189549004,0.206465484,0.333654145,2.702735354147680,-0.045828215,-0.122890216,-0.221318006,0.944190164,0.237120908,1.247946952059900,0.653261822,0.734256771,0.940722256,0.470361128,0.734256771,0.206465484,64746.523430654000549,159343414.266100674867630,3,5
12458.639999999999418,50.420000000000002,NM,1.108E+11,Middle Chicorica Creek,1.108E+11,0.256278824,-0.540783665,-0.46278358,-0.814895908,-0.33287626,0.211969211,-0.592261939,-0.232488922,0.195051948,0.333654145,2.702735354147680,-0.39001046,-0.122890216,-0.221318006,0.944190164,0.237120908,1.247946952059900,0.632056106,0.725728175,0.920780122,0.460390061,0.725728175,0.195051948,39549.170659688985324,50381928.218541406095028,2,5
18883.580000000001746,76.420000000000002,NM,1.108E+11,Outlet Una de Gato Creek,1.108E+11,0.14113735,-0.540783665,-0.46278358,-0.814895908,-0.33287626,0.211969211,-0.592261939,-0.242431326,0.192409232,0.333654145,2.702735354147680,-0.029108187,-0.122890216,-0.221318006,0.944190164,0.237120908,1.247946952059900,0.654291974,0.734671082,0.927080314,0.463540157,0.734671082,0.192409232,48699.836912775921519,76365335.391956940293312,2,5
20451.389999999999418,82.760000000000005,NM,1.108E+11,Headwaters Blosser Arroyo,1.108E+11,0.399555225,-0.540783665,-0.46278358,-0.814895908,-0.33287626,0.211969211,-0.592261939,-0.220117082,0.198340413,0.333654145,2.702735354147680,-1.206978981,-0.122890216,-0.221318006,0.944190164,0.237120908,1.247946952059900,0.58172114,0.705484264,0.903824677,0.451912339,0.705484264,0.198340413,47195.923205683262495,82707429.112852215766907,2,5
21107.369999999998981,85.420000000000002,NM,1.108E+11,Outlet Blosser Arroyo,1.108E+11,0.147448659,-0.540783665,-0.46278358,-0.814895908,-0.33287626,0.211969211,-0.592261939,-0.241886348,0.192554088,0.333654145,2.702735354147680,-0.140747665,-0.122890216,-0.221318006,0.944190164,0.237120908,1.247946952059900,0.647413656,0.731904733,0.924458822,0.462229411,0.731904733,0.192554088,50218.152960725885350,85357230.017354145646095,2,5
12211.530000000000655,49.420000000000002,NM,1.108E+11,Lower Chicorica Creek,1.108E+11,-0.01943563,-0.540783665,-0.46278358,-0.814895908,-0.33287626,0.211969211,-0.592261939,-0.256296716,0.188723777,0.333654145,2.702735354147680,0.228582306,-0.122890216,-0.221318006,0.944190164,0.237120908,1.247946952059900,0.67016877,0.741056473,0.92978025,0.464890125,0.741056473,0.188723777,50933.603357660183974,49382086.929065607488155,2,5
20154.590000000000146,81.560000000000002,NM,1.108E+11,Parker Arroyo-Canadian River,1.108E+11,0.036880674,-0.540783665,-0.46278358,-0.814895908,-0.33287626,0.211969211,-0.592261939,-0.251433833,0.190016343,0.333654145,2.702735354147680,0.641557041,-0.122890216,-0.221318006,0.944190164,0.237120908,1.247946952059900,0.69561292,0.751289699,0.941306042,0.470653021,0.751289699,0.190016343,49290.388860348568414,81501954.158893465995789,2,5
15155.069999999999709,61.329999999999998,NM,1.108E+11,Leandro Creek,1.108E+11,1.872881196056600,-0.540783665,-0.46278358,-0.814895908,-0.33287626,0.211969211,-0.592261939,-0.09289618,0.232156045,0.333654145,2.702735354147680,-2.68426188,-0.122890216,-0.221318006,0.944190164,0.237120908,1.247946952059900,0.490702963,0.668878223,0.901034268,0.450517134,0.668878223,0.232156045,48115.580362619293737,61281687.511250525712967,3,4
15426.550000000001091,62.430000000000000,NM,1.108E+11,Rock Creek,1.108E+11,1.426749658847600,-0.540783665,-0.46278358,-0.814895908,-0.33287626,0.211969211,-0.592261939,-0.131419397,0.221916478,0.333654145,2.702735354147680,-2.081388749,-0.122890216,-0.221318006,0.944190164,0.237120908,1.247946952059900,0.52784711,0.683816999,0.905733477,0.452866739,0.683816999,0.221916478,39488.309627518348861,62379283.687495946884155,3,5
19318.439999999998690,78.180000000000007,NM,1.108E+11,York Canyon,1.108E+11,1.089839925263160,-0.540783665,-0.46278358,-0.814895908,-0.33287626,0.211969211,-0.592261939,-0.160511371,0.214183759,0.333654145,2.702735354147680,0.278762964,-0.122890216,-0.221318006,0.944190164,0.237120908,1.247946952059900,0.673260494,0.742299914,0.956483674,0.478241837,0.742299914,0.214183759,54809.835011267910886,78116490.159384489059448,3,5
31314.290000000000873,126.719999999999999,NM,1.108E+11,Griffin Canyon-Vermejo River,1.108E+11,1.036417054431350,-0.540783665,-0.46278358,-0.814895908,-0.33287626,0.211969211,-0.592261939,-0.165124407,0.212957603,0.333654145,2.702735354147680,-0.724721913,-0.122890216,-0.221318006,0.944190164,0.237120908,1.247946952059900,0.611433905,0.717434258,0.930391861,0.465195931,0.717434258,0.212957603,62361.316470241872594,126623124.485033765435219,3,5
25134.580000000001746,101.719999999999999,NM,1.108E+11,Headwaters Caliente Canyon,1.108E+11,0.85633901,-0.540783665,-0.46278358,-0.814895908,-0.33287626,0.211969211,-0.592261939,-0.180674049,0.20882447,0.333654145,2.702735354147680,0.335085183,-0.122890216,-0.221318006,0.944190164,0.237120908,1.247946952059900,0.676730612,0.74369554,0.952520009,0.476260005,0.74369554,0.20882447,55708.729581358682481,101635571.168284952640533,3,5
22315.939999999998690,90.310000000000002,NM,1.108E+11,Outlet Caliente Canyon,1.108E+11,0.681076387,-0.540783665,-0.46278358,-0.814895908,-0.33287626,0.211969211,-0.592261939,-0.195807881,0.204801859,0.333654145,2.702735354147680,0.348513626,-0.122890216,-0.221318006,0.944190164,0.237120908,1.247946952059900,0.677557964,0.744028287,0.948830146,0.474415073,0.744028287,0.204801859,63782.428030764458526,90237867.259210750460625,3,5
27060.389999999999418,109.510000000000005,NM,1.108E+11,Bracket Canyon-Vermejo River,1.108E+11,0.724829995,-0.540783665,-0.46278358,-0.814895908,-0.33287626,0.211969211,-0.592261939,-0.192029781,0.205806088,0.333654145,2.702735354147680,-0.401079441,-0.122890216,-0.221318006,0.944190164,0.237120908,1.247946952059900,0.631374126,0.725453893,0.931259981,0.46562999,0.725453893,0.205806088,86161.437159250519471,109422203.015780016779900,3,5
28467.080000000001746,115.200000000000003,NM,1.108E+11,Rail Canyon-Vermejo River,1.108E+11,0.40103886,-0.540783665,-0.46278358,-0.814895908,-0.33287626,0.211969211,-0.592261939,-0.219988971,0.198374466,0.333654145,2.702735354147680,-0.32518958,-0.122890216,-0.221318006,0.944190164,0.237120908,1.247946952059900,0.636049843,0.727334391,0.925708857,0.462854428,0.727334391,0.198374466,50036.939219352032524,115111018.858795240521431,2,5
13528.409999999999854,54.750000000000000,NM,1.108E+11,Saltpeter Creek,1.108E+11,0.419426885,-0.540783665,-0.46278358,-0.814895908,-0.33287626,0.211969211,-0.592261939,-0.218401175,0.198796506,0.333654145,2.702735354147680,0.471342335,-0.122890216,-0.221318006,0.944190164,0.237120908,1.247946952059900,0.685125672,0.747071897,0.945868403,0.472934201,0.747071897,0.198796506,52345.700140097600524,54704592.020873799920082,2,5
30585.549999999999272,123.780000000000001,NM,1.108E+11,Headwaters Van Bremmer Creek,1.108E+11,0.973829035,-0.540783665,-0.46278358,-0.814895908,-0.33287626,0.211969211,-0.592261939,-0.170528848,0.211521089,0.333654145,2.702735354147680,-0.02556625,-0.122890216,-0.221318006,0.944190164,0.237120908,1.247946952059900,0.654510199,0.734758849,0.946279937,0.473139969,0.734758849,0.211521089,75055.795269717185874,123676479.057103067636490,3,5
31347.119999999998981,126.859999999999999,NM,1.108E+11,Outlet Van Bremmer Creek,1.108E+11,0.208123667,-0.540783665,-0.46278358,-0.814895908,-0.33287626,0.211969211,-0.592261939,-0.236647093,0.193946695,0.333654145,2.702735354147680,0.235073015,-0.122890216,-0.221318006,0.944190164,0.237120908,1.247946952059900,0.670568674,0.741217308,0.935164003,0.467582002,0.741217308,0.193946695,77674.483584479647106,126756730.327927485108376,2,5
18499.069999999999709,74.859999999999999,NM,1.108E+11,Spring Canyon-Vermejo River,1.108E+11,0.111967304,-0.540783665,-0.46278358,-0.814895908,-0.33287626,0.211969211,-0.592261939,-0.244950143,0.191739724,0.333654145,2.702735354147680,-0.948414165,-0.122890216,-0.221318006,0.944190164,0.237120908,1.247946952059900,0.597651804,0.71189132,0.903631044,0.451815522,0.71189132,0.191739724,58694.656892399507342,74804110.183369278907776,2,5
28100.950000000000728,113.719999999999999,NM,1.108E+11,Stubblefield Arroyo-Vermejo River,1.108E+11,-0.13285338,-0.540783665,-0.46278358,-0.814895908,-0.33287626,0.211969211,-0.592261939,-0.266090277,0.186120624,0.333654145,2.702735354147680,-1.318943569,-0.122890216,-0.221318006,0.944190164,0.237120908,1.247946952059900,0.574822791,0.702709859,0.888830483,0.444415242,0.702709859,0.186120624,66394.799259478008025,113632255.763470321893692,2,5
32298.490000000001601,130.710000000000008,NM,1.108E+11,Upper Crow Creek,1.108E+11,0.639415721,-0.540783665,-0.46278358,-0.814895908,-0.33287626,0.211969211,-0.592261939,-0.199405257,0.203845668,0.333654145,2.702735354147680,0.619097077,-0.122890216,-0.221318006,0.944190164,0.237120908,1.247946952059900,0.694229119,0.750733157,0.954578824,0.477289412,0.750733157,0.203845668,57283.074240163579816,130605749.276033282279968,3,5
22668.240000000001601,91.739999999999995,NM,1.108E+11,Outlet Tinaja Creek,1.108E+11,0.110898881,-0.540783665,-0.46278358,-0.814895908,-0.33287626,0.211969211,-0.592261939,-0.245042401,0.191715202,0.333654145,2.702735354147680,0.243539265,-0.122890216,-0.221318006,0.944190164,0.237120908,1.247946952059900,0.671090296,0.741427096,0.933142297,0.466571149,0.741427096,0.191715202,57299.495635743071034,91668513.526164636015892,2,5
17543.350000000002183,71.000000000000000,NM,1.108E+11,Lower Crow Creek,1.108E+11,-0.050572558,-0.540783665,-0.46278358,-0.814895908,-0.33287626,0.211969211,-0.592261939,-0.258985373,0.188009125,0.333654145,2.702735354147680,0.59647851,-0.122890216,-0.221318006,0.944190164,0.237120908,1.247946952059900,0.692835546,0.750172684,0.93818181,0.469090905,0.750172684,0.188009125,49992.669722236212692,70941253.269537031650543,2,5
26939.659999999999854,109.019999999999996,NM,1.108E+11,Loco Arroyo-Canadian River,1.108E+11,-0.097525629,-0.540783665,-0.46278358,-0.814895908,-0.33287626,0.211969211,-0.592261939,-0.263039745,0.186931463,0.333654145,2.702735354147680,0.293196538,-0.122890216,-0.221318006,0.944190164,0.237120908,1.247946952059900,0.674149774,0.742657568,0.929589031,0.464794516,0.742657568,0.186931463,77921.358430375737953,108939756.193362087011337,2,5
22418.010000000002037,90.719999999999999,NM,1.108E+11,Curtis Creek,1.108E+11,0.084028288,-0.540783665,-0.46278358,-0.814895908,-0.33287626,0.211969211,-0.592261939,-0.247362662,0.19109847,0.333654145,2.702735354147680,0.429667865,-0.122890216,-0.221318006,0.944190164,0.237120908,1.247946952059900,0.682558029,0.746039233,0.937137703,0.468568852,0.746039233,0.19109847,55990.918754080630606,90652505.029584914445877,2,5
14660.139999999999418,59.329999999999998,NM,1.108E+11,Spring Arroyo,1.108E+11,-0.020570898,-0.540783665,-0.46278358,-0.814895908,-0.33287626,0.211969211,-0.592261939,-0.256394746,0.18869772,0.333654145,2.702735354147680,0.326651877,-0.122890216,-0.221318006,0.944190164,0.237120908,1.247946952059900,0.67621102,0.743486568,0.932184289,0.466092144,0.743486568,0.18869772,51622.570681512697774,59284068.560123756527901,2,5
13212.909999999999854,53.469999999999999,NM,1.108E+11,Village of Maxwell-Canadian River,1.108E+11,-0.226746397,-0.540783665,-0.46278358,-0.814895908,-0.33287626,0.211969211,-0.592261939,-0.274197889,0.183965601,0.333654145,2.702735354147680,-0.037353165,-0.122890216,-0.221318006,0.944190164,0.237120908,1.247946952059900,0.653783985,0.734466777,0.918432378,0.459216189,0.734466777,0.183965601,52841.457048331831174,53430315.748028911650181,2,5
20930.639999999999418,84.700000000000003,NM,1.108E+11,Headwaters Rio del Plano,1.108E+11,0.247452649,-0.540783665,-0.46278358,-0.814895908,-0.33287626,0.211969211,-0.592261939,-0.233251057,0.19484937,0.333654145,2.702735354147680,0.136113873,-0.122890216,-0.221318006,0.944190164,0.237120908,1.247946952059900,0.664471616,0.738765169,0.93361454,0.46680727,0.738765169,0.19484937,51334.039103450581024,84643945.107554420828819,2,5
31874.780000000002474,128.990000000000009,NM,1.108E+11,Outlet Rio del Plano,1.108E+11,-0.172244612,-0.540783665,-0.46278358,-0.814895908,-0.33287626,0.211969211,-0.592261939,-0.269491689,0.18521652,0.333654145,2.702735354147680,0.353509287,-0.122890216,-0.221318006,0.944190164,0.237120908,1.247946952059900,0.677865756,0.744152076,0.929368597,0.464684298,0.744152076,0.18521652,59408.365702965616947,128897676.735831722617149,2,5
15176.409999999999854,61.420000000000002,NM,1.108E+11,Alkali Arroyo,1.108E+11,-0.207435522,-0.540783665,-0.46278358,-0.814895908,-0.33287626,0.211969211,-0.592261939,-0.272530405,0.184408822,0.333654145,2.702735354147680,0.426335582,-0.122890216,-0.221318006,0.944190164,0.237120908,1.247946952059900,0.682352721,0.745956661,0.930365483,0.465182742,0.745956661,0.184408822,45881.792532544903224,61371640.766897216439247,2,5
28344.150000000001455,114.700000000000003,NM,1.108E+11,110800010606-Canadian River,1.108E+11,-0.297288059,-0.540783665,-0.46278358,-0.814895908,-0.33287626,0.211969211,-0.592261939,-0.280289123,0.182346535,0.333654145,2.702735354147680,-0.894503852,-0.122890216,-0.221318006,0.944190164,0.237120908,1.247946952059900,0.60097332,0.71322718,0.895573715,0.447786858,0.71322718,0.182346535,61103.621777450025547,114617782.488118693232536,2,5
28237.950000000000728,114.280000000000001,NM,1.108E+11,Headwaters Moreno Creek,1.108E+11,1.906180836815680,-0.474718741,-0.518183152,-0.814895908,-1.423259393,2.820740951417490,0.578479391,0.722634701,0.448926177,-0.052758713,-0.239902574,-3.23243867,-0.41798066,0.603518267,0.93398655,0.705364394,1.084842953600250,0.217203846,0.558881293,1.007807470507450,0.503903735,0.558881293,0.448926177,52239.014015107277373,114185500.167652279138565,5,4
22702.130000000001019,91.870000000000005,NM,1.108E+11,Outlet Moreno Creek,1.108E+11,1.810584340031250,-0.474718741,-0.518183152,-0.814895908,-1.423259393,2.820740951417490,0.578479391,0.714379995,0.446732056,-0.052758713,-0.239902574,-1.770644524,-0.41798066,0.603518267,0.93398655,0.705364394,1.084842953600250,0.307267732,0.595103534,1.041835589948750,0.520917795,0.595103534,0.446732056,52029.580242662108503,91800360.021476507186890,5,4
35186.419999999998254,142.390000000000015,NM,1.108E+11,Headwaters Cieneguilla Creek,1.108E+11,1.712286270649720,-0.474718741,-0.518183152,-0.814895908,-1.423259393,2.820740951417490,0.578479391,0.70589201,0.444475929,-0.052758713,-0.239902574,-2.74054371,-0.41798066,0.603518267,0.93398655,0.705364394,1.084842953600250,0.247510419,0.571070108,1.015546036134410,0.507773018,0.571070108,0.444475929,61565.414047953403497,142282612.444423794746399,5,4
13369.860000000000582,54.109999999999999,NM,1.108E+11,Outlet Cieneguilla Creek,1.108E+11,1.685043289643760,-0.474718741,-0.518183152,-0.814895908,-1.423259393,2.820740951417490,0.578479391,0.703539593,0.44385065,-0.052758713,-0.239902574,-2.637936456,-0.41798066,0.603518267,0.93398655,0.705364394,1.084842953600250,0.253832245,0.573612644,1.017463294243240,0.508731647,0.573612644,0.44385065,41426.621601184087922,54063371.658570535480976,5,4
18531.510000000002037,74.989999999999995,NM,1.108E+11,Eagle Nest Lake,1.108E+11,1.542952258921240,-0.474718741,-0.518183152,-0.814895908,-1.423259393,2.820740951417490,0.578479391,0.691270109,0.440589391,-0.052758713,-0.239902574,-1.671239153,-0.41798066,0.603518267,0.93398655,0.705364394,1.084842953600250,0.313392283,0.59756673,1.038156120830860,0.51907806,0.59756673,0.440589391,50715.036217687964381,74935625.918036341667175,5,4
10158.819999999999709,41.109999999999999,NM,1.108E+11,Ute Creek,1.108E+11,1.840970221456670,-0.474718741,-0.518183152,-0.814895908,-1.423259393,2.820740951417490,0.578479391,0.717003799,0.44742947,-0.052758713,-0.239902574,-2.462524263,-0.41798066,0.603518267,0.93398655,0.705364394,1.084842953600250,0.26463972,0.577959236,1.025388705665640,0.512694353,0.577959236,0.44742947,33028.855869852748583,41078624.069745250046253,5,4
28272.080000000001746,114.409999999999997,NM,1.108E+11,Clear Creek-Cimarron River,1.108E+11,1.751766535765480,-0.474718741,-0.518183152,-0.814895908,-1.423259393,2.820740951417490,0.578479391,0.709301109,0.445382076,-0.052758713,-0.239902574,-3.616503596,-0.41798066,0.603518267,0.93398655,0.705364394,1.084842953600250,0.193540884,0.549364432,0.994746507,0.497373254,0.549364432,0.445382076,48278.484486337169074,114322258.763299152255058,5,4
28065.889999999999418,113.579999999999998,NM,1.108E+11,Cimarroncito Creek,1.108E+11,1.063757514902380,-0.474718741,-0.518183152,-0.814895908,-1.423259393,2.820740951417490,0.578479391,0.649891902,0.429590961,-0.052758713,-0.239902574,-1.353709587,-0.41798066,0.603518267,0.93398655,0.705364394,1.084842953600250,0.332955877,0.605434891,1.035025852053690,0.517512926,0.605434891,0.429590961,65508.162457377657120,113487915.538782194256783,5,4
29455.420000000001892,119.200000000000003,NM,1.108E+11,Turkey Creek Canyon-Cimarron River,1.108E+11,0.647477841,-0.474718741,-0.518183152,-0.814895908,-1.423259393,2.820740951417490,0.578479391,0.613946377,0.420036551,-0.052758713,-0.239902574,-1.390950455,-0.41798066,0.603518267,0.93398655,0.705364394,1.084842953600250,0.330661397,0.604512088,1.024548639501800,0.51227432,0.604512088,0.420036551,69484.537143826964893,119106583.354702666401863,5,4
10281.210000000000946,41.609999999999999,NM,1.108E+11,Greenwood Canyon,1.108E+11,2.084676158884560,-0.474718741,-0.518183152,-0.814895908,-1.423259393,2.820740951417490,0.578479391,0.738047675,0.453022984,-0.052758713,-0.239902574,-2.508556383,-0.41798066,0.603518267,0.93398655,0.705364394,1.084842953600250,0.261803595,0.576818592,1.029841576310880,0.514920788,0.576818592,0.453022984,29746.183387399159983,41573674.680974997580051,5,4
36902.279999999998836,149.340000000000003,NM,1.108E+11,Middle Ponil Creek,1.108E+11,1.549871360600800,-0.474718741,-0.518183152,-0.814895908,-1.423259393,2.820740951417490,0.578479391,0.69186757,0.440748198,-0.052758713,-0.239902574,-2.076424849,-0.41798066,0.603518267,0.93398655,0.705364394,1.084842953600250,0.288428031,0.58752651,1.028274708041470,0.514137354,0.58752651,0.440748198,84836.808521961094812,149219490.610911399126053,5,4
20444.279999999998836,82.739999999999995,NM,1.108E+11,Headwaters North Ponil Creek,1.108E+11,1.549974852103830,-0.474718741,-0.518183152,-0.814895908,-1.423259393,2.820740951417490,0.578479391,0.691876506,0.440750573,-0.052758713,-0.239902574,-2.538420465,-0.41798066,0.603518267,0.93398655,0.705364394,1.084842953600250,0.259963612,0.576078581,1.016829153798020,0.508414577,0.576078581,0.440750573,47424.261134501626657,82669238.651085346937180,5,4
14076.870000000000800,56.969999999999999,NM,1.108E+11,South Ponil Creek,1.108E+11,1.253267009155290,-0.474718741,-0.518183152,-0.814895908,-1.423259393,2.820740951417490,0.578479391,0.666255944,0.433940564,-0.052758713,-0.239902574,-1.953753125,-0.41798066,0.603518267,0.93398655,0.705364394,1.084842953600250,0.295986066,0.59056623,1.024506794246260,0.512253397,0.59056623,0.433940564,59167.145638589056034,56921657.151191219687462,5,4
34596.690000000002328,140.009999999999991,NM,1.108E+11,Outlet North Ponil Creek,1.108E+11,0.967388966,-0.474718741,-0.518183152,-0.814895908,-1.423259393,2.820740951417490,0.578479391,0.64157053,0.427379119,-0.052758713,-0.239902574,-0.621447957,-0.41798066,0.603518267,0.93398655,0.705364394,1.084842953600250,0.378071893,0.623579824,1.050958943840080,0.525479472,0.623579824,0.427379119,90586.433289233842515,139896002.802520871162415,5,4
23578.389999999999418,95.420000000000002,NM,1.108E+11,Headwaters Cerrososo Creek,1.108E+11,0.936956737,-0.474718741,-0.518183152,-0.814895908,-1.423259393,2.820740951417490,0.578479391,0.638942723,0.426680642,-0.052758713,-0.239902574,0.182539044,-0.41798066,0.603518267,0.93398655,0.705364394,1.084842953600250,0.427607043,0.643502062,1.070182704230950,0.535091352,0.643502062,0.426680642,74679.648091658804333,95342092.285519167780876,5,4
21101.639999999999418,85.400000000000006,NM,1.108E+11,Outlet Cerrososo Creek,1.108E+11,0.36748728,-0.474718741,-0.518183152,-0.814895908,-1.423259393,2.820740951417490,0.578479391,0.589769343,0.413610235,-0.052758713,-0.239902574,0.433770562,-0.41798066,0.603518267,0.93398655,0.705364394,1.084842953600250,0.443085889,0.649727404,1.063337639750450,0.53166882,0.649727404,0.413610235,76559.629437998461071,85327341.759777456521988,5,4
32429.420000000001892,131.240000000000009,NM,1.108E+11,Ponil Creek,1.108E+11,0.437490837,-0.474718741,-0.518183152,-0.814895908,-1.423259393,2.820740951417490,0.578479391,0.595814112,0.41521695,-0.052758713,-0.239902574,-0.219244525,-0.41798066,0.603518267,0.93398655,0.705364394,1.084842953600250,0.402852402,0.633546145,1.048763095433480,0.524381548,0.633546145,0.41521695,95935.156781397454324,131132523.014125406742096,5,4
15776.600000000000364,63.850000000000001,NM,1.108E+11,Agua Fria Creek,1.108E+11,2.082492874227930,-0.474718741,-0.518183152,-0.814895908,-1.423259393,2.820740951417490,0.578479391,0.73785915,0.452972874,-0.052758713,-0.239902574,-3.42402258,-0.41798066,0.603518267,0.93398655,0.705364394,1.084842953600250,0.205400001,0.554133977,1.007106851045520,0.503553426,0.554133977,0.452972874,36103.064406551202410,63794864.842604734003544,5,4
20047.080000000001746,81.129999999999995,NM,1.108E+11,Headwaters Rayado Creek,1.108E+11,2.011790678405910,-0.474718741,-0.518183152,-0.814895908,-1.423259393,2.820740951417490,0.578479391,0.731754053,0.451350124,-0.052758713,-0.239902574,-3.327165016,-0.41798066,0.603518267,0.93398655,0.705364394,1.084842953600250,0.211367578,0.55653404,1.007884164242710,0.503942082,0.55653404,0.451350124,48877.521275391780364,81063025.043498516082764,5,4
31372.720000000001164,126.960000000000008,NM,1.108E+11,Moras Creek,1.108E+11,0.686944607,-0.474718741,-0.518183152,-0.814895908,-1.423259393,2.820740951417490,0.578479391,0.617354311,0.420942388,-0.052758713,-0.239902574,0.797494353,-0.41798066,0.603518267,0.93398655,0.705364394,1.084842953600250,0.465495596,0.658740226,1.079682614829990,0.539841307,0.658740226,0.420942388,63770.722302182715794,126859478.743740007281303,5,4
27262.420000000001892,110.329999999999998,NM,1.30201E+11,Comanche Creek,1.30201E+11,2.197451105096440,0.153004765,3.160849657975070,0.52194796,0.757506873,0.25742834,1.243407160137290,1.422965206243800,0.635075764,0.197910208,0.68889681,-2.251990085,-1.916650831,0.822078261,0.362083591,1.530812340087640,1.534386241860980,0.56569755,0.699039835,1.334115598795700,0.667057799,0.699039835,0.635075764,47966.202942113857716,110240567.301029965281487,5,5
16646.010000000002037,67.359999999999999,NM,1.30201E+11,Allen Creek-Costilla Creek,1.30201E+11,2.416598653626950,0.153004765,3.160849657975070,0.52194796,0.757506873,0.25742834,1.243407160137290,1.441888478719730,0.640105617,0.197910208,0.68889681,-2.144314236,-1.916650831,0.822078261,0.362083591,1.530812340087640,1.534386241860980,0.572331661,0.701707967,1.341813584133320,0.670906792,0.701707967,0.640105617,41182.374502808015677,67311168.996461078524590,5,5
34822.279999999998836,140.920000000000016,NM,1.30201E+11,Latir Creek-Costilla Creek,1.30201E+11,2.368704788697150,0.153004765,3.160849657975070,0.52194796,0.757506873,0.25742834,1.243407160137290,1.437752869345730,0.639006362,0.197910208,0.68889681,-2.220350064,-1.916650831,0.822078261,0.362083591,1.530812340087640,1.534386241860980,0.567646951,0.699823852,1.338830214043490,0.669415107,0.699823852,0.639006362,60002.680701235265587,140812170.010097175836563,5,5
26730.900000000001455,108.180000000000007,NM,1.30201E+11,Ute Creek-Costilla Creek,1.30201E+11,2.093219363357840,0.153004765,3.160849657975070,0.52194796,0.757506873,0.25742834,1.243407160137290,1.413964851629810,0.632683448,0.197910208,0.68889681,-1.647694957,-1.916650831,0.822078261,0.362083591,1.530812340087640,1.534386241860980,0.602929308,0.714013847,1.346697294564490,0.673348647,0.714013847,0.632683448,57753.295472963465727,108093481.426819995045662,5,5
43551.529999999998836,176.250000000000000,NM,1.30201E+11,Urraca Canyon,1.30201E+11,1.097009765118720,0.153004765,3.160849657975070,0.52194796,0.757506873,0.25742834,1.243407160137290,1.327942690775050,0.609818544,0.197910208,0.68889681,0.17704185,-1.916650831,0.822078261,0.362083591,1.530812340087640,1.534386241860980,0.715354774,0.759229554,1.369048097772740,0.684524049,0.759229554,0.609818544,64255.234073875020840,176117292.940073996782303,5,5
22135.750000000000000,89.579999999999998,NM,1.30201E+11,Latir Creek,1.30201E+11,1.806771447243120,0.153004765,3.160849657975070,0.52194796,0.757506873,0.25742834,1.243407160137290,1.389230228755180,0.626108923,0.197910208,0.68889681,-0.957972516,-1.916650831,0.822078261,0.362083591,1.530812340087640,1.534386241860980,0.645424405,0.731104689,1.357213612079500,0.678606806,0.731104689,0.626108923,52548.631975033393246,89514072.150022909045219,5,5
31774.389999999999418,128.590000000000003,NM,1.30201E+11,Ute Mountain-Rio Grande,1.30201E+11,0.789803428,0.153004765,3.160849657975070,0.52194796,0.757506873,0.25742834,1.243407160137290,1.301415589457860,0.602767574,0.197910208,0.68889681,0.027533426,-1.916650831,0.822078261,0.362083591,1.530812340087640,1.534386241860980,0.706143279,0.755524839,1.358292413764350,0.679146207,0.755524839,0.602767574,78245.152676149664330,128495677.797995463013649,5,5
36204.330000000001746,146.509999999999991,NM,1.30201E+11,Upper Red River,1.30201E+11,2.504740726013560,0.153004765,3.160849657975070,0.52194796,0.757506873,0.25742834,1.243407160137290,1.449499499073600,0.642128645,0.197910208,0.68889681,-2.807574206,-1.916650831,0.822078261,0.362083591,1.530812340087640,1.534386241860980,0.531466967,0.685272847,1.327401492149470,0.663700746,0.685272847,0.642128645,79328.952540151280118,146400829.249087154865265,5,5
25155.180000000000291,101.799999999999997,NM,1.30201E+11,Cabresto Creek,1.30201E+11,2.287284532662660,0.153004765,3.160849657975070,0.52194796,0.757506873,0.25742834,1.243407160137290,1.430722274204090,0.637137612,0.197910208,0.68889681,-2.664675957,-1.916650831,0.822078261,0.362083591,1.530812340087640,1.534386241860980,0.540271197,0.688813766,1.325951378263170,0.662975689,0.688813766,0.637137612,67332.652808182436274,101722429.751346126198769,5,5
37351.330000000001746,151.159999999999997,NM,1.30201E+11,Middle Red River,1.30201E+11,2.095778683898100,0.153004765,3.160849657975070,0.52194796,0.757506873,0.25742834,1.243407160137290,1.414185847576430,0.632742189,0.197910208,0.68889681,-1.937322138,-1.916650831,0.822078261,0.362083591,1.530812340087640,1.534386241860980,0.585084833,0.706837087,1.339579276009830,0.669789638,0.706837087,0.632742189,67699.552963376612752,151041576.773346573114395,5,5
22654.540000000000873,91.680000000000007,NM,1.30201E+11,Lower Red River,1.30201E+11,1.023100376263900,0.153004765,3.160849657975070,0.52194796,0.757506873,0.25742834,1.243407160137290,1.321560654958500,0.608122183,0.197910208,0.68889681,-0.220302106,-1.916650831,0.822078261,0.362083591,1.530812340087640,1.534386241860980,0.690873665,0.749383648,1.357505830338970,0.678752915,0.749383648,0.608122183,51517.945122442142747,91613241.687957704067230,5,5
25642.170000000001892,103.769999999999996,NM,1.30201E+11,Outlet Arroyo Punche,1.30201E+11,0.935958966,0.153004765,3.160849657975070,0.52194796,0.757506873,0.25742834,1.243407160137290,1.314036041271120,0.606122122,0.197910208,0.68889681,0.499366605,-1.916650831,0.822078261,0.362083591,1.530812340087640,1.534386241860980,0.735213808,0.767216537,1.373338658717000,0.686669329,0.767216537,0.606122122,81505.458724277661531,103700291.984902545809746,5,5
32289.760000000002037,130.670000000000016,NM,1.30201E+11,Rito Primero-Rio Grande,1.30201E+11,1.003999126291630,0.153004765,3.160849657975070,0.52194796,0.757506873,0.25742834,1.243407160137290,1.319911272338070,0.607683773,0.197910208,0.68889681,-0.082107383,-1.916650831,0.822078261,0.362083591,1.530812340087640,1.534386241860980,0.699388102,0.752808017,1.360491789320620,0.680245895,0.752808017,0.607683773,78893.054643541690893,130578020.498964816331863,5,5
21269.420000000001892,86.070000000000007,NM,1.30201E+11,Rito de la Olla,1.30201E+11,2.052656519211800,0.153004765,3.160849657975070,0.52194796,0.757506873,0.25742834,1.243407160137290,1.410462271941740,0.631752453,0.197910208,0.68889681,-2.034123332,-1.916650831,0.822078261,0.362083591,1.530812340087640,1.534386241860980,0.57912073,0.704438421,1.336190874204750,0.668095437,0.704438421,0.631752453,52621.067842465687136,86009143.156084865331650,5,5
25824.279999999998836,104.510000000000005,NM,1.30201E+11,Headwaters Rio Grande del Rancho,1.30201E+11,1.773309676498340,0.153004765,3.160849657975070,0.52194796,0.757506873,0.25742834,1.243407160137290,1.386340822920730,0.625340912,0.197910208,0.68889681,-1.948951597,-1.916650831,0.822078261,0.362083591,1.530812340087640,1.534386241860980,0.58436832,0.706548917,1.331889829453090,0.665944915,0.706548917,0.625340912,60246.020754222838150,104429619.849350035190582,5,5
25047.750000000000000,101.359999999999999,NM,1.30201E+11,Rio Chiquito,1.30201E+11,1.805977530485190,0.153004765,3.160849657975070,0.52194796,0.757506873,0.25742834,1.243407160137290,1.389161674471850,0.626090702,0.197910208,0.68889681,-1.413351959,-1.916650831,0.822078261,0.362083591,1.530812340087640,1.534386241860980,0.617367621,0.719820703,1.345911404766220,0.672955702,0.719820703,0.626090702,69462.206411433333415,101287908.308208465576172,5,5
22136.560000000001310,89.579999999999998,NM,1.30201E+11,Outlet Rio Grande del Rancho,1.30201E+11,0.829403727,0.153004765,3.160849657975070,0.52194796,0.757506873,0.25742834,1.243407160137290,1.304835053872610,0.603676476,0.197910208,0.68889681,-0.08526448,-1.916650831,0.822078261,0.362083591,1.530812340087640,1.534386241860980,0.699193587,0.752729786,1.356406262355150,0.678203131,0.752729786,0.603676476,66220.576902613684069,89517946.703114762902260,5,5
33083.879999999997381,133.890000000000015,NM,1.30201E+11,Headwaters Rio Fernando de Taos,1.30201E+11,1.717947720340600,0.153004765,3.160849657975070,0.52194796,0.757506873,0.25742834,1.243407160137290,1.381560347901960,0.62407025,0.197910208,0.68889681,-1.376512632,-1.916650831,0.822078261,0.362083591,1.530812340087640,1.534386241860980,0.619637361,0.720733556,1.344803806150450,0.672401903,0.720733556,0.62407025,64342.635845765107661,133782870.925480455160141,5,5
20665.040000000000873,83.629999999999995,NM,1.30201E+11,La Junta Creek-Rio Pueblo de Taos,1.30201E+11,2.098139597131940,0.153004765,3.160849657975070,0.52194796,0.757506873,0.25742834,1.243407160137290,1.414389711159280,0.632796376,0.197910208,0.68889681,-1.57299872,-1.916650831,0.822078261,0.362083591,1.530812340087640,1.534386241860980,0.607531484,0.715864768,1.348661143999940,0.674330572,0.715864768,0.632796376,48568.918537264165934,83563898.519549295306206,5,5
20911.610000000000582,84.629999999999995,NM,1.30201E+11,Rio Lucero,1.30201E+11,1.873195052588380,0.153004765,3.160849657975070,0.52194796,0.757506873,0.25742834,1.243407160137290,1.394965871208000,0.627633471,0.197910208,0.68889681,-1.757242716,-1.916650831,0.822078261,0.362083591,1.530812340087640,1.534386241860980,0.596179865,0.71129933,1.338932801246700,0.669466401,0.71129933,0.627633471,55064.224772104280419,84562847.462457180023193,5,5
12877.630000000001019,52.109999999999999,NM,1.30201E+11,Outlet Rio Fernando de Taos,1.30201E+11,0.909856103,0.153004765,3.160849657975070,0.52194796,0.757506873,0.25742834,1.243407160137290,1.311782073116040,0.605523011,0.197910208,0.68889681,-0.575886931,-1.916650831,0.822078261,0.362083591,1.530812340087640,1.534386241860980,0.668965416,0.740572503,1.346095514715740,0.673047757,0.740572503,0.605523011,36617.380666259297868,52075181.177846997976303,5,5
32409.709999999999127,131.159999999999997,NM,1.30201E+11,Buffalo Grass Creek-Rio Pueblo de Taos,1.30201E+11,1.466171880652330,0.153004765,3.160849657975070,0.52194796,0.757506873,0.25742834,1.243407160137290,1.359819640103830,0.618291516,0.197910208,0.68889681,-1.045016541,-1.916650831,0.822078261,0.362083591,1.530812340087640,1.534386241860980,0.640061459,0.728947798,1.347239314282490,0.673619657,0.728947798,0.618291516,81414.207623368012719,131058677.064034640789032,5,5
33881.230000000003201,137.110000000000014,NM,1.30201E+11,Arroyo Seco-Rio Pueblo de Taos,1.30201E+11,0.685194008,0.153004765,3.160849657975070,0.52194796,0.757506873,0.25742834,1.243407160137290,1.292382622497450,0.600366589,0.197910208,0.68889681,-0.186419747,-1.916650831,0.822078261,0.362083591,1.530812340087640,1.534386241860980,0.692961221,0.750223229,1.350589818134210,0.675294909,0.750223229,0.600366589,87237.466815701409359,137013012.320401430130005,5,5
20869.180000000000291,84.450000000000003,NM,1.30201E+11,Arroyo del Alamo-Rio Pueblo de Taos,1.30201E+11,0.601587338,0.153004765,3.160849657975070,0.52194796,0.757506873,0.25742834,1.243407160137290,1.285163231745490,0.598447657,0.197910208,0.68889681,0.22905006,-1.916650831,0.822078261,0.362083591,1.530812340087640,1.534386241860980,0.718559097,0.760518281,1.358965938574130,0.679482969,0.760518281,0.598447657,52903.056187953559856,84394832.296180620789528,5,5
20540.180000000000291,83.120000000000005,NM,1.30201E+11,Headwaters Rio Hondo,1.30201E+11,2.592708189916950,0.153004765,3.160849657975070,0.52194796,0.757506873,0.25742834,1.243407160137290,1.457095442079230,0.644147666,0.197910208,0.68889681,-2.544094892,-1.916650831,0.822078261,0.362083591,1.530812340087640,1.534386241860980,0.547700423,0.691801681,1.335949346555300,0.667974673,0.691801681,0.644147666,44785.568549785857613,83060428.638707518577576,5,5
25242.940000000002328,102.150000000000006,NM,1.30201E+11,Outlet Rio Hondo,1.30201E+11,1.105652892075840,0.153004765,3.160849657975070,0.52194796,0.757506873,0.25742834,1.243407160137290,1.328689020120510,0.61001692,0.197910208,0.68889681,-0.470695289,-1.916650831,0.822078261,0.362083591,1.530812340087640,1.534386241860980,0.675446471,0.743179079,1.353195998828040,0.676597999,0.743179079,0.61001692,52476.155538884748239,102080206.114664256572723,5,5
26493.479999999999563,107.219999999999999,NM,1.30201E+11,San Cristobal Creek-Rio Grande,1.30201E+11,0.934643016,0.153004765,3.160849657975070,0.52194796,0.757506873,0.25742834,1.243407160137290,1.313922409642200,0.606091918,0.197910208,0.68889681,0.152149325,-1.916650831,0.822078261,0.362083591,1.530812340087640,1.534386241860980,0.713821098,0.758612735,1.364704652809020,0.682352326,0.758612735,0.606091918,54312.976065131748328,107138425.565064802765846,5,5
27409.799999999999272,110.920000000000002,NM,1.30201E+11,Cerros de Taos Ranch,1.30201E+11,0.618141734,0.153004765,3.160849657975070,0.52194796,0.757506873,0.25742834,1.243407160137290,1.286592694889080,0.598827612,0.197910208,0.68889681,0.525744645,-1.916650831,0.822078261,0.362083591,1.530812340087640,1.534386241860980,0.736839008,0.767870166,1.366697778580800,0.683348889,0.767870166,0.598827612,79118.940884003037354,110848393.678382560610771,5,5
28948.630000000001019,117.150000000000006,NM,1.30201E+11,Manby Hot Springs-Rio Grande,1.30201E+11,0.466454926,0.153004765,3.160849657975070,0.52194796,0.757506873,0.25742834,1.243407160137290,1.273494620901050,0.595346112,0.197910208,0.68889681,0.353548158,-1.916650831,0.822078261,0.362083591,1.530812340087640,1.534386241860980,0.726229659,0.763603257,1.358949368990190,0.679474684,0.763603257,0.595346112,81897.401042406898341,117069102.670147553086281,5,5
17694.580000000001746,71.609999999999999,NM,1.30201E+11,Town of Carson,1.30201E+11,0.414430453,0.153004765,3.160849657975070,0.52194796,0.757506873,0.25742834,1.243407160137290,1.269002335766960,0.594152051,0.197910208,0.68889681,0.512189775,-1.916650831,0.822078261,0.362083591,1.530812340087640,1.534386241860980,0.736003867,0.767534286,1.361686337224580,0.680843169,0.767534286,0.594152051,48429.578151085079298,71558722.062830507755280,5,5
11316.329999999999927,45.800000000000004,NM,1.30201E+11,Sunset Rapids-Rio Grande,1.30201E+11,0.294535173,0.153004765,3.160849657975070,0.52194796,0.757506873,0.25742834,1.243407160137290,1.258649443060610,0.591400226,0.197910208,0.68889681,-0.435164657,-1.916650831,0.822078261,0.362083591,1.530812340087640,1.534386241860980,0.67763558,0.744059503,1.335459729691870,0.667729865,0.744059503,0.591400226,36648.582334974329569,45763659.894453421235085,5,5
15700.729999999999563,63.539999999999999,NM,1.108E+11,Chicoso Creek,1.108E+11,0.257241277,-0.474718741,-0.518183152,-0.814895908,-1.423259393,2.820740951417490,0.578479391,0.58024966,0.41107988,-0.052758713,-0.239902574,0.475550469,-0.41798066,0.603518267,0.93398655,0.705364394,1.084842953600250,0.445660028,0.650762681,1.061842561420540,0.530921281,0.650762681,0.41107988,40738.766728526636143,63487854.500137746334076,5,4
26718.529999999998836,108.129999999999995,NM,1.108E+11,Urraca Creek,1.108E+11,0.65051838,-0.474718741,-0.518183152,-0.814895908,-1.423259393,2.820740951417490,0.578479391,0.614208926,0.420106337,-0.052758713,-0.239902574,-0.701140709,-0.41798066,0.603518267,0.93398655,0.705364394,1.084842953600250,0.373161872,0.621605093,1.041711430686330,0.520855715,0.621605093,0.420106337,82386.284411231172271,108039869.167327791452408,5,4
24500.700000000000728,99.150000000000006,NM,1.108E+11,Outlet Rayado Creek,1.108E+11,0.190674651,-0.474718741,-0.518183152,-0.814895908,-1.423259393,2.820740951417490,0.578479391,0.574501668,0.40955205,-0.052758713,-0.239902574,-2.316615087,-0.41798066,0.603518267,0.93398655,0.705364394,1.084842953600250,0.273629459,0.581574764,0.991126813,0.495563407,0.581574764,0.40955205,116380.891310367529513,99072081.899617522954941,5,4
15355.020000000000437,62.140000000000001,NM,1.108E+11,Springer Lake,1.108E+11,-0.219884301,-0.474718741,-0.518183152,-0.814895908,-1.423259393,2.820740951417490,0.578479391,0.539050124,0.400128941,-0.052758713,-0.239902574,0.579630032,-0.41798066,0.603518267,0.93398655,0.705364394,1.084842953600250,0.452072565,0.6533417,1.053470641557670,0.526735321,0.6533417,0.400128941,41314.110568605450680,62091208.954994097352028,5,4
36644.779999999998836,148.300000000000011,NM,1.108E+11,Salado Creek,1.108E+11,-0.083845466,-0.474718741,-0.518183152,-0.814895908,-1.423259393,2.820740951417490,0.578479391,0.550797004,0.403251291,-0.052758713,-0.239902574,0.528173322,-0.41798066,0.603518267,0.93398655,0.705364394,1.084842953600250,0.448902221,0.652066639,1.055317929975770,0.527658965,0.652066639,0.403251291,64641.346525196167931,148179764.406536161899567,5,4
36465.660000000003492,147.569999999999993,NM,1.108E+11,Town of Springer-Cimarron River,1.108E+11,-0.143675941,-0.474718741,-0.518183152,-0.814895908,-1.423259393,2.820740951417490,0.578479391,0.545630675,0.401878068,-0.052758713,-0.239902574,-1.868683249,-0.41798066,0.603518267,0.93398655,0.705364394,1.084842953600250,0.301227381,0.592674203,0.99455227,0.497276135,0.592674203,0.401878068,112373.673392929107649,147455272.349342584609985,5,4
26894.680000000000291,108.840000000000003,NM,1.108E+11,Outlet Cimarron River,1.108E+11,-0.25779282,-0.474718741,-0.518183152,-0.814895908,-1.423259393,2.820740951417490,0.578479391,0.535776744,0.399258869,-0.052758713,-0.239902574,-0.258162228,-0.41798066,0.603518267,0.93398655,0.705364394,1.084842953600250,0.400454609,0.632581792,1.031840660331970,0.51592033,0.632581792,0.399258869,56389.943206957213988,108755408.387147068977356,5,4
17589.180000000000291,71.180000000000007,NM,1.108E+11,Wheaton Creek,1.108E+11,1.440557241027390,-0.224369632,-0.321997636,-0.814895908,-0.33287626,-0.293599367,-0.898983103,-0.232043059,0.195170459,0.12600483,-0.300767824,-1.213860762,0.244157616,-0.253824036,0.324380816,-0.213724334,0.265311341,-0.101633672,0.430649991,0.62582045,0.312910225,0.430649991,0.195170459,47399.905996362002043,71124128.997139513492584,2,3
17895.799999999999272,72.420000000000002,NM,1.108E+11,Banderitas Creek,1.108E+11,1.267701268880410,-0.224369632,-0.321997636,-0.814895908,-0.33287626,-0.293599367,-0.898983103,-0.246969079,0.191203086,0.12600483,-0.300767824,0.398540024,0.244157616,-0.253824036,0.324380816,-0.213724334,0.265311341,-0.002290628,0.470604159,0.661807245,0.330903623,0.470604159,0.191203086,63450.684578905209491,72363871.270254790782928,2,3
20591.069999999999709,83.329999999999998,NM,1.108E+11,Manueles Creek-Ocate Creek,1.108E+11,1.296894828459460,-0.224369632,-0.321997636,-0.814895908,-0.33287626,-0.293599367,-0.898983103,-0.244448231,0.191873134,0.12600483,-0.300767824,-1.815657262,0.244157616,-0.253824036,0.324380816,-0.213724334,0.265311341,-0.138711486,0.415737893,0.607611026,0.303805513,0.415737893,0.191873134,64572.052495131421892,83262701.452231973409653,2,3
38051.910000000003492,153.990000000000009,NM,1.108E+11,Charette Lake-Ocate Creek,1.108E+11,0.449552519,-0.224369632,-0.321997636,-0.814895908,-0.33287626,-0.293599367,-0.898983103,-0.317615781,0.172425017,0.12600483,-0.300767824,-0.17557469,0.244157616,-0.253824036,0.324380816,-0.213724334,0.265311341,-0.037662915,0.456377996,0.628803013,0.314401507,0.456377996,0.172425017,69789.619587641413091,153867788.308702528476715,2,3
16237.640000000001237,65.710000000000008,NM,1.108E+11,Laguna Yeso,1.108E+11,0.365078888,-0.224369632,-0.321997636,-0.814895908,-0.33287626,-0.293599367,-0.898983103,-0.324910034,0.170486187,0.12600483,-0.300767824,0.329908717,0.244157616,-0.253824036,0.324380816,-0.213724334,0.265311341,-0.006519132,0.468903523,0.63938971,0.319694855,0.468903523,0.170486187,47423.417569465149427,65658952.820509701967239,2,3
39424.489999999997963,159.550000000000011,NM,1.108E+11,Outlet Sweetwater Creek,1.108E+11,0.082564675,-0.224369632,-0.321997636,-0.814895908,-0.33287626,-0.293599367,-0.898983103,-0.349304984,0.164001948,0.12600483,-0.300767824,0.423329921,0.244157616,-0.253824036,0.324380816,-0.213724334,0.265311341,-0.000763276,0.471218435,0.635220384,0.317610192,0.471218435,0.164001948,77805.897929341939744,159418941.488124042749405,2,3
14424.280000000000655,58.370000000000005,NM,1.108E+11,110800030111-Ocate Creek,1.108E+11,-0.005164208,-0.224369632,-0.321997636,-0.814895908,-0.33287626,-0.293599367,-0.898983103,-0.356880325,0.161988404,0.12600483,-0.300767824,0.001926553,0.244157616,-0.253824036,0.324380816,-0.213724334,0.265311341,-0.02672673,0.460776354,0.622764757,0.311382379,0.460776354,0.161988404,36960.818277125530585,58327039.191347405314445,2,3
18959.420000000001892,76.730000000000004,NM,1.108E+11,Town of Colmer-Ocate Creek,1.108E+11,-0.179392362,-0.224369632,-0.321997636,-0.814895908,-0.33287626,-0.293599367,-0.898983103,-0.371924832,0.157989536,0.12600483,-0.300767824,0.004419766,0.244157616,-0.253824036,0.324380816,-0.213724334,0.265311341,-0.026573118,0.460838134,0.61882767,0.309413835,0.460838134,0.157989536,50314.168143185706867,76666436.920307964086533,2,3
22482.319999999999709,90.980000000000004,NM,1.108E+11,Ferguson Lake-Ocate Creek,1.108E+11,-0.250304382,-0.224369632,-0.321997636,-0.814895908,-0.33287626,-0.293599367,-0.898983103,-0.378048047,0.156361971,0.12600483,-0.300767824,0.055958838,0.244157616,-0.253824036,0.324380816,-0.213724334,0.265311341,-0.023397699,0.462115236,0.618477207,0.309238603,0.462115236,0.156361971,49687.109961156005738,90913425.734494522213936,2,3
31301.990000000001601,126.670000000000002,NM,1.108E+11,Headwaters Chica Creek,1.108E+11,-0.001531226,-0.224369632,-0.321997636,-0.814895908,-0.33287626,-0.293599367,-0.898983103,-0.356566619,0.162071788,0.12600483,-0.300767824,0.457102964,0.244157616,-0.253824036,0.324380816,-0.213724334,0.265311341,0.001317545,0.472055308,0.634127096,0.317063548,0.472055308,0.162071788,57300.283955889746721,126585662.998527958989143,2,3
21837.130000000001019,88.370000000000005,NM,1.108E+11,Outlet Chica Creek,1.108E+11,-0.245452758,-0.224369632,-0.321997636,-0.814895908,-0.33287626,-0.293599367,-0.898983103,-0.377629112,0.156473325,0.12600483,-0.300767824,0.54906687,0.244157616,-0.253824036,0.324380816,-0.213724334,0.265311341,0.006983614,0.47433411,0.630807434,0.315403717,0.47433411,0.156473325,49557.465432155979215,88307341.191303506493568,2,3
40634.000000000000000,164.439999999999998,NM,1.108E+11,Jaritas Arroyo,1.108E+11,-0.187767067,-0.224369632,-0.321997636,-0.814895908,-0.33287626,-0.293599367,-0.898983103,-0.372647984,0.157797321,0.12600483,-0.300767824,0.626925856,0.244157616,-0.253824036,0.324380816,-0.213724334,0.265311341,0.011780652,0.476263401,0.634060722,0.317030361,0.476263401,0.157797321,63067.108659487166733,164323187.570714056491852,2,3
19800.450000000000728,80.129999999999995,NM,1.108E+11,110800030304-Canadian River,1.108E+11,-0.327579843,-0.224369632,-0.321997636,-0.814895908,-0.33287626,-0.293599367,-0.898983103,-0.384720741,0.154588352,0.12600483,-0.300767824,-0.24475715,0.244157616,-0.253824036,0.324380816,-0.213724334,0.265311341,-0.041925376,0.454663703,0.609252055,0.304626028,0.454663703,0.154588352,52720.763977814356622,80069680.655294165015221,2,3
23039.130000000001019,93.239999999999995,NM,1.108E+11,Headwaters Sauz Creek,1.108E+11,-0.13025135,-0.224369632,-0.321997636,-0.814895908,-0.33287626,-0.293599367,-0.898983103,-0.367681532,0.159117416,0.12600483,-0.300767824,0.618755517,0.244157616,-0.253824036,0.324380816,-0.213724334,0.265311341,0.011277262,0.476060946,0.635178362,0.317589181,0.476060946,0.159117416,44559.084995449782582,93172520.241050392389297,2,3
19272.869999999998981,77.989999999999995,NM,1.30201E+11,Rito la Presa,1.30201E+11,2.316484892479980,0.153004765,3.160849657975070,0.52194796,0.757506873,0.25742834,1.243407160137290,1.433243709506120,0.637807816,0.197910208,0.68889681,-3.074916481,-1.916650831,0.822078261,0.362083591,1.530812340087640,1.534386241860980,0.514995507,0.678648292,1.316456107579410,0.658228054,0.678648292,0.637807816,43558.888468380748236,77935289.415199220180511,5,5
21271.170000000001892,86.079999999999998,NM,1.30201E+11,Rito Angostura-Rio Pueblo,1.30201E+11,2.363543305311300,0.153004765,3.160849657975070,0.52194796,0.757506873,0.25742834,1.243407160137290,1.437307178042560,0.638887896,0.197910208,0.68889681,-2.874721176,-1.916650831,0.822078261,0.362083591,1.530812340087640,1.534386241860980,0.527329916,0.683608992,1.322496887814050,0.661248444,0.683608992,0.638887896,43433.664257498116058,86016756.863702148199081,5,5
23022.369999999998981,93.170000000000002,NM,1.30201E+11,Osha Canyon-Rio Pueblo,1.30201E+11,1.995030664810110,0.153004765,3.160849657975070,0.52194796,0.757506873,0.25742834,1.243407160137290,1.405486310532110,0.63042983,0.197910208,0.68889681,-2.982543164,-1.916650831,0.822078261,0.362083591,1.530812340087640,1.534386241860980,0.520686801,0.680937238,1.311367068465860,0.655683534,0.680937238,0.63042983,44171.987363466672832,93099432.296980589628220,5,5
16804.630000000001019,68.010000000000005,NM,1.30201E+11,Middle Fork Rio Santa Barbara,1.30201E+11,2.998935183040650,0.153004765,3.160849657975070,0.52194796,0.757506873,0.25742834,1.243407160137290,1.492172923572880,0.653471347,0.197910208,0.68889681,-3.685699579,-1.916650831,0.822078261,0.362083591,1.530812340087640,1.534386241860980,0.477364012,0.663513512,1.316984859206390,0.65849243,0.663513512,0.653471347,34944.549662441466353,67956201.348358362913132,5,4
25049.920000000001892,101.370000000000005,NM,1.30201E+11,Rio Santa Barbara,1.30201E+11,1.738276539993860,0.153004765,3.160849657975070,0.52194796,0.757506873,0.25742834,1.243407160137290,1.383315730501460,0.624536835,0.197910208,0.68889681,-2.878575943,-1.916650831,0.822078261,0.362083591,1.530812340087640,1.534386241860980,0.527092417,0.683513473,1.308050308601180,0.654025154,0.683513473,0.624536835,58439.282586497676675,101300788.843010604381561,5,5
28820.779999999998836,116.629999999999995,NM,1.30201E+11,Indian Creek-Rio Pueblo,1.30201E+11,1.268668692249720,0.153004765,3.160849657975070,0.52194796,0.757506873,0.25742834,1.243407160137290,1.342765346436990,0.613758442,0.197910208,0.68889681,-0.858295178,-1.916650831,0.822078261,0.362083591,1.530812340087640,1.534386241860980,0.651565713,0.733574624,1.347333066026890,0.673666533,0.733574624,0.613758442,61090.933434283251700,116550298.518955528736115,5,5
13842.280000000000655,56.020000000000003,NM,1.30201E+11,Canada de Ojo Sarco,1.30201E+11,0.72958356,0.153004765,3.160849657975070,0.52194796,0.757506873,0.25742834,1.243407160137290,1.296215636390400,0.601385414,0.197910208,0.68889681,-0.23356209,-1.916650831,0.822078261,0.362083591,1.530812340087640,1.534386241860980,0.690056693,0.749055074,1.350440488318020,0.675220244,0.749055074,0.601385414,48817.933678610832430,55979987.115690626204014,5,5
38262.270000000004075,154.840000000000003,NM,1.30201E+11,Upper Embudo Creek,1.30201E+11,1.301362611135610,0.153004765,3.160849657975070,0.52194796,0.757506873,0.25742834,1.243407160137290,1.345588448678070,0.61450883,0.197910208,0.68889681,-1.850121788,-1.916650831,0.822078261,0.362083591,1.530812340087640,1.534386241860980,0.590457411,0.708997851,1.323506681044030,0.661753341,0.708997851,0.61450883,77729.337733305554138,154734207.849396228790283,5,5
18850.990000000001601,76.290000000000006,NM,1.30201E+11,Lower Embudo Creek,1.30201E+11,0.315350901,0.153004765,3.160849657975070,0.52194796,0.757506873,0.25742834,1.243407160137290,1.260446869965280,0.591877987,0.197910208,0.68889681,-0.070836424,-1.916650831,0.822078261,0.362083591,1.530812340087640,1.534386241860980,0.700082527,0.753087303,1.344965290056910,0.672482645,0.753087303,0.591877987,54452.533096835126344,76236994.948409691452980,5,5
24062.770000000000437,97.379999999999995,NM,1.30201E+11,Rio Frijoles,1.30201E+11,1.563790217761530,0.153004765,3.160849657975070,0.52194796,0.757506873,0.25742834,1.243407160137290,1.368248930799310,0.620532042,0.197910208,0.68889681,-1.975303164,-1.916650831,0.822078261,0.362083591,1.530812340087640,1.534386241860980,0.582744751,0.705895944,1.326427986148970,0.663213993,0.705895944,0.620532042,60194.947168234240962,97313964.310764878988266,5,5
34976.129999999997381,141.539999999999992,NM,1.30201E+11,Rio Medio,1.30201E+11,1.860487204859580,0.153004765,3.160849657975070,0.52194796,0.757506873,0.25742834,1.243407160137290,1.393868555418850,0.627341802,0.197910208,0.68889681,-2.503281577,-1.916650831,0.822078261,0.362083591,1.530812340087640,1.534386241860980,0.550215008,0.692813006,1.320154808638130,0.660077404,0.692813006,0.627341802,70969.936192006920464,141446698.811814278364182,5,5
27123.970000000001164,109.769999999999996,NM,1.30201E+11,Rio Quemado,1.30201E+11,1.577927026378860,0.153004765,3.160849657975070,0.52194796,0.757506873,0.25742834,1.243407160137290,1.369469636589540,0.620856509,0.197910208,0.68889681,-3.055571227,-1.916650831,0.822078261,0.362083591,1.530812340087640,1.534386241860980,0.516187405,0.679127654,1.299984162603640,0.649992081,0.679127654,0.620856509,68821.069657391679357,109691969.667262554168701,5,5
30687.430000000000291,124.189999999999998,NM,1.30201E+11,Santa Cruz Reservoir-Santa Cruz River,1.30201E+11,0.027309491,0.153004765,3.160849657975070,0.52194796,0.757506873,0.25742834,1.243407160137290,1.235574649771980,0.585266889,0.197910208,0.68889681,-0.394126667,-1.916650831,0.822078261,0.362083591,1.530812340087640,1.534386241860980,0.680164007,0.745076396,1.330343285157250,0.665171643,0.745076396,0.585266889,85003.938636663617217,124110642.448772907257080,5,5
38428.330000000001746,155.509999999999991,NM,1.30201E+11,Arroyo Hondo-Rio Grande,1.30201E+11,0.492562959,0.153004765,3.160849657975070,0.52194796,0.757506873,0.25742834,1.243407160137290,1.275749035443840,0.595945341,0.197910208,0.68889681,0.040851979,-1.916650831,0.822078261,0.362083591,1.530812340087640,1.534386241860980,0.70696386,0.755854864,1.351800204462140,0.675900102,0.755854864,0.595945341,77624.997369647520827,155408642.266660660505295,5,5
21501.540000000000873,87.010000000000005,NM,1.30201E+11,Rio de Truchas,1.30201E+11,0.786886311,0.153004765,3.160849657975070,0.52194796,0.757506873,0.25742834,1.243407160137290,1.301163697960490,0.602700621,0.197910208,0.68889681,-1.189729218,-1.916650831,0.822078261,0.362083591,1.530812340087640,1.534386241860980,0.631145439,0.725361919,1.328062539920650,0.66403127,0.725361919,0.602700621,78500.160071030448307,86956499.436431676149368,5,5
30130.979999999999563,121.939999999999998,NM,1.30201E+11,Canada de la Entranas-Rio Grande,1.30201E+11,0.410470233,0.153004765,3.160849657975070,0.52194796,0.757506873,0.25742834,1.243407160137290,1.268660372918000,0.594061157,0.197910208,0.68889681,-0.141968115,-1.916650831,0.822078261,0.362083591,1.530812340087640,1.534386241860980,0.69569997,0.751324709,1.345385865779810,0.672692933,0.751324709,0.594061157,87344.794036947496352,121857854.921595335006714,5,5
35049.319999999999709,141.840000000000003,NM,1.30201E+11,Arroyo del Palacio-Rio Grande,1.30201E+11,0.146565366,0.153004765,3.160849657975070,0.52194796,0.757506873,0.25742834,1.243407160137290,1.245872330169780,0.588004038,0.197910208,0.68889681,0.238518564,-1.916650831,0.822078261,0.362083591,1.530812340087640,1.534386241860980,0.71914247,0.760752904,1.348756942342740,0.674378471,0.760752904,0.588004038,77792.650306066454505,141753275.962002903223038,5,5
31685.799999999999272,128.229999999999990,NM,1.30201E+11,Rio Nambe,1.30201E+11,1.596591991402090,0.153004765,3.160849657975070,0.52194796,0.757506873,0.25742834,1.243407160137290,1.371081346240210,0.621284905,0.197910208,0.68889681,-2.378973216,-1.916650831,0.822078261,0.362083591,1.530812340087640,1.534386241860980,0.55787388,0.695893281,1.317178186461220,0.658589093,0.695893281,0.621284905,57127.900354559191328,128143329.349171370267868,5,5
26072.130000000001019,105.510000000000005,NM,1.30201E+11,Headwaters Rio Tesuque,1.30201E+11,1.029150386582390,0.153004765,3.160849657975070,0.52194796,0.757506873,0.25742834,1.243407160137290,1.322083070082500,0.608261042,0.197910208,0.68889681,-1.02951156,-1.916650831,0.822078261,0.362083591,1.530812340087640,1.534386241860980,0.64101675,0.729332001,1.337593042935850,0.668796521,0.729332001,0.608261042,52569.187293414208398,105442397.432222455739975,5,5
23885.110000000000582,96.659999999999997,NM,1.30201E+11,Outlet Rio Tesuque,1.30201E+11,0.047150321,0.153004765,3.160849657975070,0.52194796,0.757506873,0.25742834,1.243407160137290,1.237287894656500,0.585722274,0.197910208,0.68889681,0.174660501,-1.916650831,0.822078261,0.362083591,1.530812340087640,1.534386241860980,0.715208054,0.759170546,1.344892819752300,0.67244641,0.759170546,0.585722274,58380.093944922060473,96601332.566091328859329,5,5
27838.510000000002037,112.659999999999997,NM,1.30201E+11,Rio Chupadero-Pojoaque Creek,1.30201E+11,0.366323251,0.153004765,3.160849657975070,0.52194796,0.757506873,0.25742834,1.243407160137290,1.264848304869820,0.593047899,0.197910208,0.68889681,-0.847590709,-1.916650831,0.822078261,0.362083591,1.530812340087640,1.534386241860980,0.652225235,0.733839873,1.326887772244150,0.663443886,0.733839873,0.593047899,92945.071105961134890,112588093.402991130948067,5,5
14589.520000000000437,59.039999999999999,NM,1.30201E+11,Arroyo de Jaconito-Pojoaque River,1.30201E+11,-0.204062165,0.153004765,3.160849657975070,0.52194796,0.757506873,0.25742834,1.243407160137290,1.215595832180410,0.57995647,0.197910208,0.68889681,0.255157997,-1.916650831,0.822078261,0.362083591,1.530812340087640,1.534386241860980,0.720167656,0.761165218,1.341121687563020,0.670560844,0.761165218,0.57995647,36443.844662964089366,59007877.084119528532028,5,5
18993.650000000001455,76.859999999999999,NM,1.108E+11,Outlet Sauz Creek,1.108E+11,-0.270277824,-0.224369632,-0.321997636,-0.814895908,-0.33287626,-0.293599367,-0.898983103,-0.379772743,0.155903542,0.12600483,-0.300767824,0.473327339,0.244157616,-0.253824036,0.324380816,-0.213724334,0.265311341,0.002317159,0.472457337,0.628360879,0.314180439,0.472457337,0.155903542,55137.027058326253609,76810436.895563021302223,2,3
31461.130000000001019,127.320000000000007,NM,1.108E+11,Canon Biscante-Canadian River,1.108E+11,-0.329281738,-0.224369632,-0.321997636,-0.814895908,-0.33287626,-0.293599367,-0.898983103,-0.384867699,0.15454929,0.12600483,-0.300767824,-0.180103509,0.244157616,-0.253824036,0.324380816,-0.213724334,0.265311341,-0.037941944,0.456265775,0.610815066,0.305407533,0.456265775,0.15454929,78742.587196396532818,127225903.621606990695000,2,3
38106.040000000000873,154.210000000000008,NM,1.108E+11,Headwaters Gallinas Creek,1.108E+11,0.592908644,-0.224369632,-0.321997636,-0.814895908,-0.33287626,-0.293599367,-0.898983103,-0.305237058,0.175715313,0.12600483,-0.300767824,0.026771565,0.244157616,-0.253824036,0.324380816,-0.213724334,0.265311341,-0.025195982,0.461391996,0.637107308,0.318553654,0.461391996,0.175715313,66535.069654779654229,154086447.964279711246490,2,3
13568.950000000000728,54.910000000000004,NM,1.108E+11,Outlet Gallinas Creek,1.108E+11,0.303840893,-0.224369632,-0.321997636,-0.814895908,-0.33287626,-0.293599367,-0.898983103,-0.330197902,0.169080658,0.12600483,-0.300767824,0.062227672,0.244157616,-0.253824036,0.324380816,-0.213724334,0.265311341,-0.023011464,0.462270573,0.631351231,0.315675616,0.462270573,0.169080658,50885.240486204587796,54867908.026551529765129,2,3
14329.280000000000655,57.990000000000002,NM,1.108E+11,Arroyo Jarosa,1.108E+11,0.07631193,-0.224369632,-0.321997636,-0.814895908,-0.33287626,-0.293599367,-0.898983103,-0.349844905,0.163858436,0.12600483,-0.300767824,0.014655239,0.244157616,-0.253824036,0.324380816,-0.213724334,0.265311341,-0.025942491,0.461091762,0.624950197,0.312475099,0.461091762,0.163858436,62970.230233703754493,57942760.078935712575912,2,3
27796.500000000000000,112.490000000000009,NM,1.108E+11,Arroyo Chorro,1.108E+11,0.153557789,-0.224369632,-0.321997636,-0.814895908,-0.33287626,-0.293599367,-0.898983103,-0.343174767,0.165631375,0.12600483,-0.300767824,0.004865351,0.244157616,-0.253824036,0.324380816,-0.213724334,0.265311341,-0.026545665,0.460849175,0.62648055,0.313240275,0.460849175,0.165631375,54642.024757572529779,112399382.012062072753906,2,3
23549.650000000001455,95.299999999999997,NM,1.108E+11,Vermejo Creek,1.108E+11,-0.04431096,-0.224369632,-0.321997636,-0.814895908,-0.33287626,-0.293599367,-0.898983103,-0.360260626,0.161089911,0.12600483,-0.300767824,0.029906437,0.244157616,-0.253824036,0.324380816,-0.213724334,0.265311341,-0.025002836,0.461469676,0.622559587,0.311279793,0.461469676,0.161089911,55807.778345757513307,95228115.915408879518509,2,3
38005.169999999998254,153.800000000000011,NM,1.108E+11,Carrizo Creek,1.108E+11,-0.416504031,-0.224369632,-0.321997636,-0.814895908,-0.33287626,-0.293599367,-0.898983103,-0.392399297,0.152547373,0.12600483,-0.300767824,0.133034542,0.244157616,-0.253824036,0.324380816,-0.213724334,0.265311341,-0.01864892,0.464025118,0.616572491,0.308286246,0.464025118,0.152547373,76394.100469069977407,153686668.931516319513321,1,3
24222.110000000000582,98.019999999999996,NM,1.108E+11,Headwaters Arroyo Piedra Lumbre,1.108E+11,-0.083068626,-0.224369632,-0.321997636,-0.814895908,-0.33287626,-0.293599367,-0.898983103,-0.36360733,0.160200349,0.12600483,-0.300767824,0.085840241,0.244157616,-0.253824036,0.324380816,-0.213724334,0.265311341,-0.02155665,0.462855676,0.623056026,0.311528013,0.462855676,0.160200349,48638.893374708051851,97948791.959819868206978,2,3
21142.229999999999563,85.560000000000002,NM,1.108E+11,Outlet Arroyo Piedra Lumbre,1.108E+11,-0.220987083,-0.224369632,-0.321997636,-0.814895908,-0.33287626,-0.293599367,-0.898983103,-0.375516514,0.157034858,0.12600483,-0.300767824,0.087577649,0.244157616,-0.253824036,0.324380816,-0.213724334,0.265311341,-0.021449605,0.462898728,0.619933587,0.309966793,0.462898728,0.157034858,56129.660000351461349,85495838.662066116929054,2,3
12953.500000000000000,52.420000000000002,NM,1.108E+11,Canon Mestenito,1.108E+11,-0.287112896,-0.224369632,-0.321997636,-0.814895908,-0.33287626,-0.293599367,-0.898983103,-0.381226442,0.155517145,0.12600483,-0.300767824,0.224960706,0.244157616,-0.253824036,0.324380816,-0.213724334,0.265311341,-0.012985176,0.466302985,0.62182013,0.310910065,0.466302985,0.155517145,35446.302939677094400,52383862.980432063341141,2,3
15248.350000000000364,61.710000000000001,NM,1.108E+11,Canon Mesteno,1.108E+11,-0.299376201,-0.224369632,-0.321997636,-0.814895908,-0.33287626,-0.293599367,-0.898983103,-0.382285372,0.155235679,0.12600483,-0.300767824,0.233841497,0.244157616,-0.253824036,0.324380816,-0.213724334,0.265311341,-0.012438014,0.466523044,0.621758724,0.310879362,0.466523044,0.155235679,37657.300948594456713,61664766.380920067429543,2,3
17450.229999999999563,70.620000000000005,NM,1.108E+11,Canon Vercere-Canadian River,1.108E+11,-0.36377644,-0.224369632,-0.321997636,-0.814895908,-0.33287626,-0.293599367,-0.898983103,-0.387846298,0.153757571,0.12600483,-0.300767824,-1.0117207,0.244157616,-0.253824036,0.324380816,-0.213724334,0.265311341,-0.089179443,0.435658881,0.589416452,0.294708226,0.435658881,0.153757571,46625.407217580868746,70567400.092608794569969,2,3
19469.729999999999563,78.790000000000006,NM,1.108E+11,Canon de Cueva-Canadian River,1.108E+11,-0.427598387,-0.224369632,-0.321997636,-0.814895908,-0.33287626,-0.293599367,-0.898983103,-0.393357289,0.152292736,0.12600483,-0.300767824,-0.304075414,0.244157616,-0.253824036,0.324380816,-0.213724334,0.265311341,-0.045580086,0.453193838,0.605486574,0.302743287,0.453193838,0.152292736,42422.114594934493653,78735997.245640888810158,1,3
27164.350000000002183,109.930000000000007,NM,1.30201E+11,Canada del Abrevadero-Rio Tusas,1.30201E+11,0.949258423,-0.694322299,-0.374439185,-0.202746346,0.757506873,1.595268052810170,0.781792097,0.47424625,0.382903911,-0.572388519,0.286742863,0.391842839,-2.534839024,1.903996223416780,-0.483764455,1.335335030990230,1.084741913001590,0.593858294,0.710365631,1.093269542104970,0.546634771,0.710365631,0.382903911,55979.321230976398510,109865482.752400666475296,5,5
14500.829999999999927,58.680000000000000,NM,1.30201E+11,Canon de los Alamos-Rio Tusas,1.30201E+11,0.512129237,-0.694322299,-0.374439185,-0.202746346,0.757506873,1.595268052810170,0.781792097,0.436500381,0.372870965,-0.572388519,0.286742863,0.285213775,-2.534839024,1.903996223416780,-0.483764455,1.335335030990230,1.084741913001590,0.587288677,0.707723438,1.080594402442280,0.540297201,0.707723438,0.372870965,41707.822255220518855,58647954.591147504746914,5,5
19940.069999999999709,80.689999999999998,NM,1.30201E+11,Canada la Lemitas,1.30201E+11,0.163883387,-0.694322299,-0.374439185,-0.202746346,0.757506873,1.595268052810170,0.781792097,0.40642954,0.364878061,-0.572388519,0.286742863,0.441811057,-2.534839024,1.903996223416780,-0.483764455,1.335335030990230,1.084741913001590,0.59693693,0.711603809,1.076481869833720,0.538240935,0.711603809,0.364878061,46306.212017869627743,80644746.033625811338425,5,5
34797.930000000000291,140.819999999999993,NM,1.30202E+11,Headwaters Santa Fe River,1.30202E+11,1.022571141990780,0.016479192,1.456183025262790,0.878806667,0.757506873,-0.650084595,-0.048969577,0.418246655,0.368019079,-0.375692068,-0.562311807,-0.749789054,0.285408431,-0.055027023,0.728081507,1.190019233114970,0.201367227,0.083349833,0.50504737,0.873066449,0.436533225,0.50504737,0.368019079,98311.239206378741073,140732602.375131398439407,5,3
16417.110000000000582,66.439999999999998,NM,1.30202E+11,Arroyo Hondo,1.30202E+11,0.44997975,0.016479192,1.456183025262790,0.878806667,0.757506873,-0.650084595,-0.048969577,0.368803698,0.354877018,-0.375692068,-0.562311807,0.320355367,0.285408431,-0.055027023,0.728081507,1.190019233114970,0.201367227,0.149283443,0.531564803,0.886441822,0.443220911,0.531564803,0.354877018,74390.066184903873364,66397124.584496185183525,4,4
35673.779999999998836,144.370000000000005,NM,1.30202E+11,Arroyo Salado,1.30202E+11,0.543006734,0.016479192,1.456183025262790,0.878806667,0.757506873,-0.650084595,-0.048969577,0.376836527,0.357012165,-0.375692068,-0.562311807,0.300517074,0.285408431,-0.055027023,0.728081507,1.190019233114970,0.201367227,0.148061168,0.531073224,0.888085389,0.444042694,0.531073224,0.357012165,63637.027913057703699,144268088.522628515958786,5,4
17239.650000000001455,69.769999999999996,NM,1.30202E+11,Canada Estacada,1.30202E+11,0.158493326,0.016479192,1.456183025262790,0.878806667,0.757506873,-0.650084595,-0.048969577,0.343634002,0.348186851,-0.375692068,-0.562311807,0.241961119,0.285408431,-0.055027023,0.728081507,1.190019233114970,0.201367227,0.144453426,0.529622249,0.8778091,0.43890455,0.529622249,0.348186851,47451.229797360923840,69720325.746942624449730,4,4
24620.659999999999854,99.640000000000001,NM,1.30202E+11,San Cristobal Arroyo,1.30202E+11,0.153489336,0.016479192,1.456183025262790,0.878806667,0.757506873,-0.650084595,-0.048969577,0.34320191,0.348072,-0.375692068,-0.562311807,0.246010812,0.285408431,-0.055027023,0.728081507,1.190019233114970,0.201367227,0.144702935,0.529722597,0.877794597,0.438897299,0.529722597,0.348072,86300.461328073841287,99570412.668388620018959,4,4
38017.840000000003783,153.849999999999994,NM,1.30202E+11,Arroyo Colorado-Galisteo Creek,1.30202E+11,0.530074135,0.016479192,1.456183025262790,0.878806667,0.757506873,-0.650084595,-0.048969577,0.375719804,0.356715337,-0.375692068,-0.562311807,0.254023123,0.285408431,-0.055027023,0.728081507,1.190019233114970,0.201367227,0.145196589,0.529921137,0.886636473,0.443318237,0.529921137,0.356715337,97995.824472784064710,153752424.326036274433136,5,4
22758.560000000001310,92.100000000000009,NM,1.30202E+11,Gaviso Arroyo,1.30202E+11,0.008317632,0.016479192,1.456183025262790,0.878806667,0.757506873,-0.650084595,-0.048969577,0.330666412,0.344740033,-0.375692068,-0.562311807,0.286206664,0.285408431,-0.055027023,0.728081507,1.190019233114970,0.201367227,0.147179477,0.530718622,0.875458656,0.437729328,0.530718622,0.344740033,55572.395144698100921,92043528.659400910139084,4,4
37772.650000000001455,152.860000000000014,NM,1.30202E+11,Arroyo Jara,1.30202E+11,0.082557705,0.016479192,1.456183025262790,0.878806667,0.757506873,-0.650084595,-0.048969577,0.337077002,0.346443984,-0.375692068,-0.562311807,0.263085449,0.285408431,-0.055027023,0.728081507,1.190019233114970,0.201367227,0.145754936,0.530145695,0.876589679,0.438294839,0.530145695,0.346443984,91052.173287535624695,152761816.940111011266708,4,4
12150.710000000000946,49.170000000000002,NM,1.30202E+11,Arroyo de los Angeles-Galisteo Creek,1.30202E+11,-0.081080011,0.016479192,1.456183025262790,0.878806667,0.757506873,-0.650084595,-0.048969577,0.322946974,0.342688187,-0.375692068,-0.562311807,0.220255016,0.285408431,-0.055027023,0.728081507,1.190019233114970,0.201367227,0.143116072,0.529084386,0.871772574,0.435886287,0.529084386,0.342688187,37589.268941301976156,49141938.992022730410099,4,4
27330.840000000000146,110.600000000000009,NM,1.108E+11,Beaver Canyon-Canadian River,1.108E+11,-0.498586034,-0.224369632,-0.321997636,-0.814895908,-0.33287626,-0.293599367,-0.898983103,-0.399487034,0.150663435,0.12600483,-0.300767824,-0.298149403,0.244157616,-0.253824036,0.324380816,-0.213724334,0.265311341,-0.045214974,0.45334068,0.604004115,0.302002058,0.45334068,0.150663435,75603.848799756437074,110525635.338733822107315,1,3
26233.150000000001455,106.159999999999997,NM,1.108E+11,Cabra Canyon-Canadian River,1.108E+11,-0.572277648,-0.224369632,-0.321997636,-0.814895908,-0.33287626,-0.293599367,-0.898983103,-0.405850265,0.148972072,0.12600483,-0.300767824,-0.247362485,0.244157616,-0.253824036,0.324380816,-0.213724334,0.265311341,-0.042085896,0.454599145,0.603571217,0.301785609,0.454599145,0.148972072,78239.099608979799086,106085492.686123207211494,1,3
20606.909999999999854,83.390000000000001,NM,1.108E+11,Lagartija Creek,1.108E+11,-0.7630398,-0.224369632,-0.321997636,-0.814895908,-0.33287626,-0.293599367,-0.898983103,-0.422322473,0.144593718,0.12600483,-0.300767824,0.240605545,0.244157616,-0.253824036,0.324380816,-0.213724334,0.265311341,-0.012021268,0.466690653,0.611284371,0.305642186,0.466690653,0.144593718,48922.191625951432798,83331300.083097025752068,1,3
20153.639999999999418,81.560000000000002,NM,1.108E+11,Arroyo del Mesteno,1.108E+11,-0.909400377,-0.224369632,-0.321997636,-0.814895908,-0.33287626,-0.293599367,-0.898983103,-0.43496063,0.141234465,0.12600483,-0.300767824,0.262694953,0.244157616,-0.253824036,0.324380816,-0.213724334,0.265311341,-0.010660298,0.467238013,0.608472478,0.304236239,0.467238013,0.141234465,49059.140698340037488,81499245.657175987958908,1,3
18275.290000000000873,73.960000000000008,NM,1.108E+11,Headwaters Arroyo Alamocito,1.108E+11,-0.806237215,-0.224369632,-0.321997636,-0.814895908,-0.33287626,-0.293599367,-0.898983103,-0.426052547,0.143602256,0.12600483,-0.300767824,0.451361793,0.244157616,-0.253824036,0.324380816,-0.213724334,0.265311341,0.00096382,0.471913046,0.615515301,0.307757651,0.471913046,0.143602256,40892.417922744200041,73905416.175794288516045,1,3
14880.530000000000655,60.219999999999999,NM,1.108E+11,Outlet Arroyo Alamocito,1.108E+11,-1.064143852,-0.224369632,-0.321997636,-0.814895908,-0.33287626,-0.293599367,-0.898983103,-0.448322646,0.137682808,0.12600483,-0.300767824,0.588871215,0.244157616,-0.253824036,0.324380816,-0.213724334,0.265311341,0.009436034,0.475320433,0.613003241,0.306501621,0.475320433,0.137682808,34463.848199579311768,60177878.623245559632778,1,3
25106.619999999998981,101.600000000000009,NM,1.108E+11,Canon Negro-Canadian River,1.108E+11,-0.850268911,-0.224369632,-0.321997636,-0.814895908,-0.33287626,-0.293599367,-0.898983103,-0.42985466,0.142591644,0.12600483,-0.300767824,-0.700854331,0.244157616,-0.253824036,0.324380816,-0.213724334,0.265311341,-0.070026381,0.443361933,0.585953577,0.292976789,0.443361933,0.142591644,76493.866040024528047,101529270.027037918567657,1,3
22568.369999999998981,91.329999999999998,NM,1.108E+11,Wade Canyon-Canadian River,1.108E+11,-1.125211544,-0.224369632,-0.321997636,-0.814895908,-0.33287626,-0.293599367,-0.898983103,-0.453595808,0.136281188,0.12600483,-0.300767824,-0.324689776,0.244157616,-0.253824036,0.324380816,-0.213724334,0.265311341,-0.046850176,0.452683028,0.588964217,0.294482108,0.452683028,0.136281188,50171.123514628619887,91267470.997037082910538,1,3
29324.340000000000146,118.670000000000002,NM,1.108E+11,Perra Draw,1.108E+11,-1.082879811,-0.224369632,-0.321997636,-0.814895908,-0.33287626,-0.293599367,-0.898983103,-0.449940486,0.137252782,0.12600483,-0.300767824,0.998500795,0.244157616,-0.253824036,0.324380816,-0.213724334,0.265311341,0.034674083,0.485470769,0.622723551,0.311361776,0.485470769,0.137252782,68154.440374312674976,118592421.960492819547653,1,3
33956.239999999997963,137.420000000000016,NM,1.108E+11,Conchas Reservoir-Canadian River,1.108E+11,-1.198122325,-0.224369632,-0.321997636,-0.814895908,-0.33287626,-0.293599367,-0.898983103,-0.459891615,0.134607747,0.12600483,-0.300767824,-0.128457789,0.244157616,-0.253824036,0.324380816,-0.213724334,0.265311341,-0.034759954,0.45754552,0.592153268,0.296076634,0.45754552,0.134607747,91483.762402922162437,137322251.011156231164932,1,3
37291.620000000002619,150.909999999999997,NM,1.108E+11,Upper Coyote Creek,1.108E+11,1.799392645837900,0.964490687,0.30335106,-0.814895908,-0.33287626,0.462708047,0.056514917,0.43636304,0.372834459,0.079247855,-1.201530383,-2.515967645,-0.26363933,-0.787785865,0.482651278,-0.056859589,0.969990341,-0.297011025,0.352072374,0.724906833,0.362453417,0.352072374,0.372834459,55652.642469906088081,150795136.402672260999680,5,2
23190.220000000001164,93.850000000000009,NM,1.108E+11,La Canada del Carro,1.108E+11,1.175643706970820,0.964490687,0.30335106,-0.814895908,-0.33287626,0.462708047,0.056514917,0.382502656,0.358518236,0.079247855,-1.201530383,0.15574258,-0.26363933,-0.787785865,0.482651278,-0.056859589,0.969990341,-0.132401935,0.418275492,0.776793728,0.388396864,0.418275492,0.358518236,43695.696997551320237,93773985.240526214241982,5,3
26374.760000000002037,106.730000000000004,NM,1.108E+11,Middle Coyote Creek,1.108E+11,1.273660055068310,0.964490687,0.30335106,-0.814895908,-0.33287626,0.462708047,0.056514917,0.390966315,0.360767897,0.079247855,-1.201530383,-1.315680001,-0.26363933,-0.787785865,0.482651278,-0.056859589,0.969990341,-0.223059046,0.381814665,0.742582563,0.371291281,0.381814665,0.360767897,60497.646407660766272,106650797.520191624760628,5,2
28747.180000000000291,116.340000000000003,NM,1.108E+11,La Jara Creek,1.108E+11,0.899420663,0.964490687,0.30335106,-0.814895908,-0.33287626,0.462708047,0.056514917,0.358650946,0.352178392,0.079247855,-1.201530383,0.503786918,-0.26363933,-0.787785865,0.482651278,-0.056859589,0.969990341,-0.110958269,0.426899788,0.77907818,0.38953909,0.426899788,0.352178392,89196.827666042314377,116243393.954203367233276,4,3
29881.240000000001601,120.930000000000007,NM,1.108E+11,Lower Coyote Creek,1.108E+11,0.503412447,0.964490687,0.30335106,-0.814895908,-0.33287626,0.462708047,0.056514917,0.32445585,0.34308925,0.079247855,-1.201530383,-0.623132443,-0.26363933,-0.787785865,0.482651278,-0.056859589,0.969990341,-0.180389889,0.398975512,0.742064762,0.371032381,0.398975512,0.34308925,66102.579843828250887,120829372.712393686175346,4,2
16862.959999999999127,68.239999999999995,NM,1.108E+11,Rito San Jose,1.108E+11,1.535006439896600,0.964490687,0.30335106,-0.814895908,-0.33287626,0.462708047,0.056514917,0.413533434,0.366766293,0.079247855,-1.201530383,-1.795336061,-0.26363933,-0.787785865,0.482651278,-0.056859589,0.969990341,-0.252611558,0.369929122,0.736695416,0.368347708,0.369929122,0.366766293,42811.861243932115030,68190150.353869587182999,5,2
22087.409999999999854,89.379999999999995,NM,1.108E+11,Headwaters Manuelitas Creek,1.108E+11,1.258331501679830,0.964490687,0.30335106,-0.814895908,-0.33287626,0.462708047,0.056514917,0.389642703,0.360416078,0.079247855,-1.201530383,-3.340545959,-0.26363933,-0.787785865,0.482651278,-0.056859589,0.969990341,-0.347814845,0.331639897,0.692055975,0.346027988,0.331639897,0.360416078,66327.091917427562294,89316548.045221418142319,5,2
19525.010000000002037,79.010000000000005,NM,1.108E+11,Outlet Manuelitas Creek,1.108E+11,0.6672364,0.964490687,0.30335106,-0.814895908,-0.33287626,0.462708047,0.056514917,0.33860196,0.346849322,0.079247855,-1.201530383,-0.453108313,-0.26363933,-0.787785865,0.482651278,-0.056859589,0.969990341,-0.169914383,0.403188591,0.750037913,0.375018956,0.403188591,0.346849322,42480.393633994892298,78953186.026881903409958,4,2
25071.850000000002183,101.460000000000008,NM,1.108E+11,Deer Creek-Sapello River,1.108E+11,1.050817622615280,0.964490687,0.30335106,-0.814895908,-0.33287626,0.462708047,0.056514917,0.371723991,0.35565324,0.079247855,-1.201530383,-1.815147471,-0.26363933,-0.787785865,0.482651278,-0.056859589,0.969990341,-0.253832176,0.369438209,0.725091449,0.362545725,0.369438209,0.35565324,65217.445207522316196,101384215.357842803001404,4,2
31459.869999999998981,127.310000000000002,NM,1.108E+11,Sanguijuela Arroyo-Sapello River,1.108E+11,0.348194039,0.964490687,0.30335106,-0.814895908,-0.33287626,0.462708047,0.056514917,0.311052824,0.339526693,0.079247855,-1.201530383,-1.110139818,-0.26363933,-0.787785865,0.482651278,-0.056859589,0.969990341,-0.210395329,0.386907808,0.726434501,0.36321725,0.386907808,0.339526693,76480.465425012851483,127212795.620659783482552,4,2
14850.829999999999927,60.100000000000001,NM,1.108E+11,Phoenix Lake-Sapello River,1.108E+11,0.167086304,0.964490687,0.30335106,-0.814895908,-0.33287626,0.462708047,0.056514917,0.295414269,0.335369926,0.079247855,-1.201530383,-1.797324401,-0.26363933,-0.787785865,0.482651278,-0.056859589,0.969990341,-0.252734063,0.369879853,0.705249779,0.352624889,0.369879853,0.335369926,50302.087223995440581,60051098.238940507173538,4,2
12345.880000000001019,49.960000000000001,NM,1.108E+11,Luna Creek,1.108E+11,2.055058519396740,0.964490687,0.30335106,-0.814895908,-0.33287626,0.462708047,0.056514917,0.45843965,0.378702477,0.079247855,-1.201530383,-2.415331914,-0.26363933,-0.787785865,0.482651278,-0.056859589,0.969990341,-0.290810668,0.354566057,0.733268534,0.366634267,0.354566057,0.378702477,35753.015340197256592,49923315.044184364378452,5,2
21818.110000000000582,88.290000000000006,NM,1.108E+11,Quemado Canyon-Mora River,1.108E+11,1.855243798910910,0.964490687,0.30335106,-0.814895908,-0.33287626,0.462708047,0.056514917,0.441185757,0.37411635,0.079247855,-1.201530383,-1.542519881,-0.26363933,-0.787785865,0.482651278,-0.056859589,0.969990341,-0.237035078,0.376193731,0.750310081,0.37515504,0.376193731,0.37411635,66990.286042642037501,88226184.392727732658386,5,2
28147.869999999998981,113.909999999999997,NM,1.108E+11,Vigil Canyon-Mora River,1.108E+11,1.302572918828000,0.964490687,0.30335106,-0.814895908,-0.33287626,0.462708047,0.056514917,0.393462925,0.361431502,0.079247855,-1.201530383,-0.93222615,-0.26363933,-0.787785865,0.482651278,-0.056859589,0.969990341,-0.199433734,0.391316385,0.752747887,0.376373944,0.391316385,0.361431502,48618.222166185863898,113822641.746365249156952,5,2
15116.229999999999563,61.170000000000002,NM,1.108E+11,Rio la Casa,1.108E+11,2.299101740197330,0.964490687,0.30335106,-0.814895908,-0.33287626,0.462708047,0.056514917,0.479512651,0.384303733,0.079247855,-1.201530383,-3.637456753,-0.26363933,-0.787785865,0.482651278,-0.056859589,0.969990341,-0.366108077,0.324282655,0.708586388,0.354293194,0.324282655,0.384303733,44936.111268989327073,61127090.642288438975811,5,2
15092.100000000000364,61.079999999999998,NM,1.108E+11,Encinal Creek-Mora River,1.108E+11,1.250284127470750,0.964490687,0.30335106,-0.814895908,-0.33287626,0.462708047,0.056514917,0.388947816,0.360231375,0.079247855,-1.201530383,-1.405163674,-0.26363933,-0.787785865,0.482651278,-0.056859589,0.969990341,-0.228572304,0.379597322,0.739828698,0.369914349,0.379597322,0.360231375,47435.793167386167624,61028789.519076339900494,5,2
19713.470000000001164,79.780000000000001,NM,1.108E+11,Santiago Creek,1.108E+11,1.277567664599040,0.964490687,0.30335106,-0.814895908,-0.33287626,0.462708047,0.056514917,0.391303735,0.360857584,0.079247855,-1.201530383,-0.273565478,-0.26363933,-0.787785865,0.482651278,-0.056859589,0.969990341,-0.158852411,0.407637537,0.768495122,0.384247561,0.407637537,0.360857584,41293.157999887429469,79716451.079563573002815,5,3
20395.180000000000291,82.540000000000006,NM,1.108E+11,Rito Cebolla ,1.108E+11,0.724924963,0.964490687,0.30335106,-0.814895908,-0.33287626,0.462708047,0.056514917,0.343583336,0.348173384,0.079247855,-1.201530383,-0.052582704,-0.26363933,-0.787785865,0.482651278,-0.056859589,0.969990341,-0.145237247,0.413113337,0.76128672,0.38064336,0.413113337,0.348173384,58954.679993995458062,82472009.716403931379318,4,3
38784.029999999998836,156.950000000000017,NM,1.108E+11,Eagle Creek-Mora River,1.108E+11,0.590277848,0.964490687,0.30335106,-0.814895908,-0.33287626,0.462708047,0.056514917,0.33195663,0.345082977,0.079247855,-1.201530383,-1.416283422,-0.26363933,-0.787785865,0.482651278,-0.056859589,0.969990341,-0.229257412,0.379321783,0.724404759,0.36220238,0.379321783,0.345082977,90928.940576317661908,156830136.343360185623169,4,2
34205.370000000002619,138.420000000000016,NM,1.108E+11,Lake Forrest-Mora River,1.108E+11,0.281321286,0.964490687,0.30335106,-0.814895908,-0.33287626,0.462708047,0.056514917,0.305278398,0.337991836,0.079247855,-1.201530383,-0.854624903,-0.26363933,-0.787785865,0.482651278,-0.056859589,0.969990341,-0.194652575,0.39323929,0.731231126,0.365615563,0.39323929,0.337991836,67814.324348264504806,138313689.982734203338623,4,2
12171.479999999999563,49.259999999999998,NM,1.108E+11,Arroyo Needam,1.108E+11,0.388834362,0.964490687,0.30335106,-0.814895908,-0.33287626,0.462708047,0.056514917,0.314562094,0.340459466,0.079247855,-1.201530383,-0.136540735,-0.26363933,-0.787785865,0.482651278,-0.056859589,0.969990341,-0.150410059,0.411032915,0.751492381,0.37574619,0.411032915,0.340459466,33406.903229372226633,49216845.847669035196304,4,3
35460.620000000002619,143.500000000000000,NM,1.108E+11,Outlet Wolf Creek,1.108E+11,0.381615234,0.964490687,0.30335106,-0.814895908,-0.33287626,0.462708047,0.056514917,0.313938726,0.340293773,0.079247855,-1.201530383,0.028837044,-0.26363933,-0.787785865,0.482651278,-0.056859589,0.969990341,-0.140220824,0.415130861,0.755424634,0.377712317,0.415130861,0.340293773,97878.926110361440806,143389340.020049601793289,4,3
31524.479999999999563,127.579999999999998,NM,1.108E+11,Tipton Creek-Mora River,1.108E+11,0.171581543,0.964490687,0.30335106,-0.814895908,-0.33287626,0.462708047,0.056514917,0.295802431,0.3354731,0.079247855,-1.201530383,-0.427528555,-0.26363933,-0.787785865,0.482651278,-0.056859589,0.969990341,-0.168338366,0.40382244,0.73929554,0.36964777,0.40382244,0.3354731,70272.518853416564525,127473111.060764640569687,4,3
11283.290000000000873,45.660000000000004,NM,1.108E+11,Dog Creek,1.108E+11,0.266657628,0.964490687,0.30335106,-0.814895908,-0.33287626,0.462708047,0.056514917,0.304012199,0.337655277,0.079247855,-1.201530383,-0.117535134,-0.26363933,-0.787785865,0.482651278,-0.056859589,0.969990341,-0.149239089,0.411503861,0.749159138,0.374579569,0.411503861,0.337655277,36034.462548535404494,45625395.081020273268223,4,3
35383.669999999998254,143.189999999999998,NM,1.108E+11,Garza Canyon-Mora River,1.108E+11,0.011779547,0.964490687,0.30335106,-0.814895908,-0.33287626,0.462708047,0.056514917,0.282003615,0.331805341,0.079247855,-1.201530383,-1.24479591,-0.26363933,-0.787785865,0.482651278,-0.056859589,0.969990341,-0.218691744,0.383571124,0.715376465,0.357688232,0.383571124,0.331805341,86340.361001400873647,143079291.711289584636688,4,2
33987.970000000001164,137.539999999999992,NM,1.108E+11,Pedroso Creek,1.108E+11,0.067939489,0.964490687,0.30335106,-0.814895908,-0.33287626,0.462708047,0.056514917,0.286852995,0.333094318,0.079247855,-1.201530383,-0.098563922,-0.26363933,-0.787785865,0.482651278,-0.056859589,0.969990341,-0.148070237,0.411973954,0.745068272,0.372534136,0.411973954,0.333094318,66909.068650975561468,137435715.065046578645706,4,3
27642.830000000001746,111.870000000000005,NM,1.306E+11,Headwaters Cow Creek,1.306E+11,1.900245666475900,0.978821663,-0.518183152,-0.790994,0.757506873,-0.40709911,-0.203348243,-0.01734474,0.252237805,-0.543116725,-0.979415887,-1.530852338,0.387648226,-1.40791913,1.678427649016420,-1.031980795,0.135800116,-0.608396948,0.226837982,0.479075787,0.239537894,0.226837982,0.252237805,49813.190317882217641,111785151.053186744451523,4,1
17603.119999999998981,71.239999999999995,NM,1.306E+11,Bull Creek,1.306E+11,1.698975347148720,0.978821663,-0.518183152,-0.790994,0.757506873,-0.40709911,-0.203348243,-0.034724323,0.247618269,-0.543116725,-0.979415887,-0.096293777,0.387648226,-1.40791913,1.678427649016420,-1.031980795,0.135800116,-0.520011098,0.262385344,0.510003613,0.255001806,0.262385344,0.247618269,53402.848037686082534,71184537.909262865781784,4,1
14079.309999999999491,56.980000000000004,NM,1.306E+11,Apache Canyon,1.306E+11,0.951399742,0.978821663,-0.518183152,-0.790994,0.757506873,-0.40709911,-0.203348243,-0.099277073,0.230459988,-0.543116725,-0.979415887,0.331320591,0.387648226,-1.40791913,1.678427649016420,-1.031980795,0.135800116,-0.493664973,0.27298133,0.503441318,0.251720659,0.27298133,0.230459988,43656.384157902932202,56934522.716886430978775,3,2
22269.340000000000146,90.120000000000005,NM,1.306E+11,Outlet Cow Creek,1.306E+11,0.663272897,0.978821663,-0.518183152,-0.790994,0.757506873,-0.40709911,-0.203348243,-0.124156671,0.223846929,-0.543116725,-0.979415887,-0.588848522,0.387648226,-1.40791913,1.678427649016420,-1.031980795,0.135800116,-0.550358322,0.250180181,0.474027109,0.237013555,0.250180181,0.223846929,74456.438178355238051,90054778.550467669963837,3,1
14396.870000000000800,58.259999999999998,NM,1.306E+11,Panchuela Creek,1.306E+11,2.412950257436120,0.978821663,-0.518183152,-0.790994,0.757506873,-0.40709911,-0.203348243,0.026927025,0.26400535,-0.543116725,-0.979415887,-2.890359389,0.387648226,-1.40791913,1.678427649016420,-1.031980795,0.135800116,-0.692158733,0.193150344,0.457155694,0.228577847,0.193150344,0.26400535,37090.088441840998712,58221112.811399571597576,4,1
34419.860000000000582,139.289999999999992,NM,1.306E+11,Rio Mora,1.306E+11,2.424780076175500,0.978821663,-0.518183152,-0.790994,0.757506873,-0.40709911,-0.203348243,0.027948523,0.264276867,-0.543116725,-0.979415887,-3.743296095,0.387648226,-1.40791913,1.678427649016420,-1.031980795,0.135800116,-0.744709767,0.172015167,0.436292034,0.218146017,0.172015167,0.264276867,62568.498224030372512,139189785.342638224363327,4,1
37139.660000000003492,150.300000000000011,NM,1.306E+11,Winsor Creek-Pecos River,1.306E+11,2.414565812680210,0.978821663,-0.518183152,-0.790994,0.757506873,-0.40709911,-0.203348243,0.027066527,0.26404243,-0.543116725,-0.979415887,-3.276871072,0.387648226,-1.40791913,1.678427649016420,-1.031980795,0.135800116,-0.715972445,0.183572854,0.447615284,0.223807642,0.183572854,0.26404243,81079.333305426378502,150190529.342821270227432,4,1
29023.740000000001601,117.460000000000008,NM,1.306E+11,Indian Creek-Pecos River,1.306E+11,1.777006082532140,0.978821663,-0.518183152,-0.790994,0.757506873,-0.40709911,-0.203348243,-0.027986412,0.249409222,-0.543116725,-0.979415887,-1.97884732,0.387648226,-1.40791913,1.678427649016420,-1.031980795,0.135800116,-0.635998761,0.215736979,0.465146201,0.232573101,0.215736979,0.249409222,55775.928423372737598,117372096.566309511661530,4,1
27274.240000000001601,110.379999999999995,NM,1.306E+11,Dry Gulch-Pecos River,1.306E+11,1.400150416304050,0.978821663,-0.518183152,-0.790994,0.757506873,-0.40709911,-0.203348243,-0.060527695,0.240759669,-0.543116725,-0.979415887,-0.461618752,0.387648226,-1.40791913,1.678427649016420,-1.031980795,0.135800116,-0.542519457,0.253332846,0.494092514,0.247046257,0.253332846,0.240759669,53438.686512482439866,110298385.582525327801704,3,1
21431.490000000001601,86.730000000000004,NM,1.306E+11,Glorieta Creek,1.306E+11,0.849603814,0.978821663,-0.518183152,-0.790994,0.757506873,-0.40709911,-0.203348243,-0.108067097,0.228123578,-0.543116725,-0.979415887,0.301117943,0.387648226,-1.40791913,1.678427649016420,-1.031980795,0.135800116,-0.495525815,0.27223293,0.500356507,0.250178254,0.27223293,0.228123578,49825.305452724613133,86670476.546599373221397,3,2
20266.990000000001601,82.019999999999996,NM,1.306E+11,Alamitos Canyon-Pecos River,1.306E+11,0.76374812,0.978821663,-0.518183152,-0.790994,0.757506873,-0.40709911,-0.203348243,-0.115480689,0.226153026,-0.543116725,-0.979415887,-0.408404229,0.387648226,-1.40791913,1.678427649016420,-1.031980795,0.135800116,-0.53924081,0.254651465,0.480804491,0.240402245,0.254651465,0.226153026,49208.888711011488340,81959609.075159758329391,3,1
38396.260000000002037,155.379999999999995,NM,1.306E+11,Tortolita Canyon-Pecos River,1.306E+11,0.338336121,0.978821663,-0.518183152,-0.790994,0.757506873,-0.40709911,-0.203348243,-0.152214786,0.216389012,-0.543116725,-0.979415887,-0.564528424,0.387648226,-1.40791913,1.678427649016420,-1.031980795,0.135800116,-0.548859915,0.250782816,0.467171828,0.233585914,0.250782816,0.216389012,66582.492298004304757,155271728.890990048646927,3,1
19773.689999999998690,80.019999999999996,NM,1.306E+11,Cabo Lucero Creek-Tecolote Creek,1.306E+11,1.150980650302120,0.978821663,-0.518183152,-0.790994,0.757506873,-0.40709911,-0.203348243,-0.08204337,0.235040749,-0.543116725,-0.979415887,0.242133351,0.387648226,-1.40791913,1.678427649016420,-1.031980795,0.135800116,-0.499159967,0.270771333,0.505812081,0.252906041,0.270771333,0.235040749,39946.701979949764791,79960700.220341563224792,3,2
23386.040000000000873,94.640000000000001,NM,1.306E+11,Canon Mesteno-Tecolote Creek,1.306E+11,0.680393984,0.978821663,-0.518183152,-0.790994,0.757506873,-0.40709911,-0.203348243,-0.122678274,0.22423989,-0.543116725,-0.979415887,0.264366151,0.387648226,-1.40791913,1.678427649016420,-1.031980795,0.135800116,-0.497790162,0.271322246,0.495562136,0.247781068,0.271322246,0.22423989,55382.849406602399540,94567520.785514816641808,3,2
24221.150000000001455,98.019999999999996,NM,1.306E+11,Ojitos Frios Creek-Tecolote Creek,1.306E+11,0.350371895,0.978821663,-0.518183152,-0.790994,0.757506873,-0.40709911,-0.203348243,-0.151175503,0.216665256,-0.543116725,-0.979415887,0.266995539,0.387648226,-1.40791913,1.678427649016420,-1.031980795,0.135800116,-0.497628161,0.2713874,0.488052656,0.244026328,0.2713874,0.216665256,58616.615368920196488,97943763.539246439933777,3,2
28776.700000000000728,116.460000000000008,NM,1.306E+11,Arroyo la Manga-Tecolote Creek,1.306E+11,0.007146298,0.978821663,-0.518183152,-0.790994,0.757506873,-0.40709911,-0.203348243,-0.180812848,0.208787576,-0.543116725,-0.979415887,0.302820309,0.387648226,-1.40791913,1.678427649016420,-1.031980795,0.135800116,-0.495420929,0.272275113,0.481062689,0.240531345,0.272275113,0.208787576,64078.235699970689893,116363631.486711382865906,3,2
27562.459999999999127,111.540000000000006,NM,1.306E+11,Tres Hermanos Creek,1.306E+11,0.13392503,0.978821663,-0.518183152,-0.790994,0.757506873,-0.40709911,-0.203348243,-0.169865573,0.211697389,-0.543116725,-0.979415887,0.254188206,0.387648226,-1.40791913,1.678427649016420,-1.031980795,0.135800116,-0.498417244,0.271070044,0.482767433,0.241383716,0.271070044,0.211697389,73163.711484442072106,111454857.165288031101227,3,2
12152.430000000000291,49.180000000000000,NM,1.306E+11,Arroyo Leguino,1.306E+11,-0.341803046,0.978821663,-0.518183152,-0.790994,0.757506873,-0.40709911,-0.203348243,-0.210944436,0.200778525,-0.543116725,-0.979415887,0.240285266,0.387648226,-1.40791913,1.678427649016420,-1.031980795,0.135800116,-0.499273831,0.270725538,0.471504064,0.235752032,0.270725538,0.200778525,41566.226005737007654,49140428.097570814192295,2,2
26430.770000000000437,106.960000000000008,NM,1.306E+11,Canada Ancha-Tecolote Creek,1.306E+11,-0.410990289,0.978821663,-0.518183152,-0.790994,0.757506873,-0.40709911,-0.203348243,-0.216918717,0.199190547,-0.543116725,-0.979415887,0.226795168,0.387648226,-1.40791913,1.678427649016420,-1.031980795,0.135800116,-0.500104981,0.270391263,0.46958181,0.234790905,0.270391263,0.199190547,56999.446117595725809,106876581.763965412974358,2,2
28240.580000000001746,114.290000000000006,NM,1.306E+11,El Rito,1.306E+11,0.660544091,0.978821663,-0.518183152,-0.790994,0.757506873,-0.40709911,-0.203348243,-0.124392302,0.223784298,-0.543116725,-0.979415887,0.215991938,0.387648226,-1.40791913,1.678427649016420,-1.031980795,0.135800116,-0.500770588,0.270123567,0.493907864,0.246953932,0.270123567,0.223784298,62990.845110338159429,114199185.089173167943954,3,2
29087.020000000000437,117.710000000000008,NM,1.306E+11,Manzanarez Canyon-Pecos River,1.306E+11,0.044159352,0.978821663,-0.518183152,-0.790994,0.757506873,-0.40709911,-0.203348243,-0.177616791,0.209637096,-0.543116725,-0.979415887,-0.361760301,0.387648226,-1.40791913,1.678427649016420,-1.031980795,0.135800116,-0.53636699,0.255807269,0.465444365,0.232722182,0.255807269,0.209637096,64593.438604979804950,117621807.307754397392273,3,1
19524.549999999999272,79.010000000000005,NM,1.306E+11,Arroyo del Vegoso-Pecos River,1.306E+11,0.07010667,0.978821663,-0.518183152,-0.790994,0.757506873,-0.40709911,-0.203348243,-0.175376254,0.210232636,-0.543116725,-0.979415887,-0.235289743,0.387648226,-1.40791913,1.678427649016420,-1.031980795,0.135800116,-0.528574901,0.258941121,0.469173757,0.234586879,0.258941121,0.210232636,62860.811579086665006,78953426.754400953650475,3,1
12965.010000000000218,52.469999999999999,NM,1.306E+11,El Canon de Pena,1.306E+11,0.044119075,0.978821663,-0.518183152,-0.790994,0.757506873,-0.40709911,-0.203348243,-0.177620269,0.209636172,-0.543116725,-0.979415887,0.23251485,0.387648226,-1.40791913,1.678427649016420,-1.031980795,0.135800116,-0.499752581,0.270532993,0.480169165,0.240084582,0.270532993,0.209636172,35957.554910114355152,52426906.747403465211391,3,2
15509.159999999999854,62.759999999999998,NM,1.306E+11,Canon de la Presa-Pecos River,1.306E+11,-0.092918687,0.978821663,-0.518183152,-0.790994,0.757506873,-0.40709911,-0.203348243,-0.189453406,0.206490895,-0.543116725,-0.979415887,-1.295405909,0.387648226,-1.40791913,1.678427649016420,-1.031980795,0.135800116,-0.593890651,0.232672181,0.439163075,0.219581538,0.232672181,0.206490895,43099.418168363918085,62715124.343976952135563,3,1
23040.920000000001892,93.239999999999995,NM,1.306E+11,Canon de Caloso-Pecos River,1.306E+11,-0.331144867,0.978821663,-0.518183152,-0.790994,0.757506873,-0.40709911,-0.203348243,-0.210024108,0.201023151,-0.543116725,-0.979415887,-1.386777107,0.387648226,-1.40791913,1.678427649016420,-1.031980795,0.135800116,-0.599520202,0.230408066,0.431431217,0.215715609,0.230408066,0.201023151,65923.238919331794023,93170087.623428940773010,2,1
18042.400000000001455,73.019999999999996,NM,1.306E+11,Porvenir Canyon,1.306E+11,1.727069872005620,0.978821663,-0.518183152,-0.790994,0.757506873,-0.40709911,-0.203348243,-0.032298376,0.248263092,-0.543116725,-0.979415887,-2.532254108,0.387648226,-1.40791913,1.678427649016420,-1.031980795,0.135800116,-0.670095194,0.202023944,0.450287035,0.225143518,0.202023944,0.248263092,49846.865914498404891,72959793.839945465326309,4,1
16085.569999999999709,65.099999999999994,NM,1.306E+11,Canovas Canyon-Gallinas Creek,1.306E+11,1.740570787970610,0.978821663,-0.518183152,-0.790994,0.757506873,-0.40709911,-0.203348243,-0.03113258,0.248572963,-0.543116725,-0.979415887,-1.90644925,0.387648226,-1.40791913,1.678427649016420,-1.031980795,0.135800116,-0.63153818,0.217530952,0.466103916,0.233051958,0.217530952,0.248572963,48000.464254702739709,65047060.649095728993416,4,1
24684.619999999998981,99.900000000000006,"NM,OK",1.104E+11,Outlet Road Canyon,1.104E+11,-0.988702405,0.639234211,0.381778393,-0.77477556,0.757506873,-0.512429162,-0.110652855,-0.056089894,0.241939247,-0.611189568,1.990212942622990,0.751641524,0.210572948,1.178567112731240,-0.112197292,-0.80977813,-0.319775102,0.291588654,0.588797662,0.830736909,0.415368454,0.588797662,0.241939247,52368.464334030177270,91222847.848498418927193,3,4
29429.940000000002328,119.100000000000009,"NM,OK",1.104E+11,Outlet Carrizozo Creek,1.104E+11,-0.975019801,0.639234211,0.381778393,-0.77477556,0.757506873,-0.512429162,-0.110652855,-0.054908409,0.242253289,-0.611189568,1.990212942622990,0.674453302,0.210572948,1.178567112731240,-0.112197292,-0.80977813,-0.319775102,0.286832942,0.586884992,0.82913828,0.41456914,0.586884992,0.242253289,61508.305975252507778,117106782.103246286511421,3,4
33364.059999999997672,135.020000000000010,"NM,OK",1.104E+11,Bontz Arroyo-Cimarron River,1.104E+11,-1.073670758,0.639234211,0.381778393,-0.77477556,0.757506873,-0.512429162,-0.110652855,-0.063426866,0.239989062,-0.611189568,1.990212942622990,0.470397938,0.210572948,1.178567112731240,-0.112197292,-0.80977813,-0.319775102,0.274260708,0.581828642,0.821817704,0.410908852,0.581828642,0.239989062,49824.232159420818789,95801090.424161300063133,3,4
14855.940000000000509,60.120000000000005,NM,1.108E+11,Canon Escondido,1.108E+11,-0.092170381,0.964490687,0.30335106,-0.814895908,-0.33287626,0.462708047,0.056514917,0.273027594,0.329419492,0.079247855,-1.201530383,0.203354839,-0.26363933,-0.787785865,0.482651278,-0.056859589,0.969990341,-0.129468454,0.419455291,0.748874783,0.374437392,0.419455291,0.329419492,42787.457152877774206,60073108.376735322177410,4,3
29443.010000000002037,119.150000000000006,NM,1.108E+11,Canon Vegocito-Mora River,1.108E+11,-0.100036371,0.964490687,0.30335106,-0.814895908,-0.33287626,0.462708047,0.056514917,0.27234837,0.329238953,0.079247855,-1.201530383,-0.442695033,-0.26363933,-0.787785865,0.482651278,-0.056859589,0.969990341,-0.169272801,0.403446625,0.732685578,0.366342789,0.403446625,0.329238953,59258.569211468500725,119059549.700387388467789,4,3
21626.420000000001892,87.519999999999996,NM,1.108E+11,Tata Vique,1.108E+11,-0.382484629,0.964490687,0.30335106,-0.814895908,-0.33287626,0.462708047,0.056514917,0.247959116,0.322756229,0.079247855,-1.201530383,0.174192189,-0.26363933,-0.787785865,0.482651278,-0.056859589,0.969990341,-0.13126522,0.418732661,0.741488889,0.370744445,0.418732661,0.322756229,42755.392315808938292,87452936.917590200901031,4,3
25186.880000000001019,101.930000000000007,NM,1.108E+11,Canon Empiedrado-Mora River,1.108E+11,-0.35951117,0.964490687,0.30335106,-0.814895908,-0.33287626,0.462708047,0.056514917,0.249942862,0.323283513,0.079247855,-1.201530383,-0.674186509,-0.26363933,-0.787785865,0.482651278,-0.056859589,0.969990341,-0.183535426,0.397710427,0.72099394,0.36049697,0.397710427,0.323283513,65485.713698415020190,101851564.548746556043625,4,2
33663.889999999999418,136.229999999999990,NM,1.306E+11,Arroyo Pecos,1.306E+11,0.330375461,0.978821663,-0.518183152,-0.790994,0.757506873,-0.40709911,-0.203348243,-0.152902185,0.2162063,-0.543116725,-0.979415887,0.355694188,0.387648226,-1.40791913,1.678427649016420,-1.031980795,0.135800116,-0.49216327,0.273585291,0.489791591,0.244895795,0.273585291,0.2162063,93495.036610157330870,136125628.057960569858551,3,2
28963.190000000002328,117.210000000000008,NM,1.306E+11,Arroyo Hermanos-Gallinas Creek,1.306E+11,0.583937022,0.978821663,-0.518183152,-0.790994,0.757506873,-0.40709911,-0.203348243,-0.131007281,0.22202602,-0.543116725,-0.979415887,-0.481761404,0.387648226,-1.40791913,1.678427649016420,-1.031980795,0.135800116,-0.543760483,0.252833725,0.474859745,0.237429872,0.252833725,0.22202602,71695.409126478931285,117118552.774112179875374,3,1
35743.779999999998836,144.650000000000006,NM,1.306E+11,Vegosa Creek,1.306E+11,0.219117245,0.978821663,-0.518183152,-0.790994,0.757506873,-0.40709911,-0.203348243,-0.162509271,0.213652712,-0.543116725,-0.979415887,0.390862573,0.387648226,-1.40791913,1.678427649016420,-1.031980795,0.135800116,-0.48999648,0.274456739,0.488109452,0.244054726,0.274456739,0.213652712,68740.955950494913850,144534561.226357519626617,3,2
24929.220000000001164,100.890000000000001,NM,1.306E+11,Agua Olympia-Gallinas River,1.306E+11,0.078791686,0.978821663,-0.518183152,-0.790994,0.757506873,-0.40709911,-0.203348243,-0.174626308,0.210431974,-0.543116725,-0.979415887,-0.073378239,0.387648226,-1.40791913,1.678427649016420,-1.031980795,0.135800116,-0.518599229,0.262953175,0.473385149,0.236692575,0.262953175,0.210431974,65634.503305020174594,100805138.591122686862946,3,1
20929.360000000000582,84.700000000000003,NM,1.306E+11,Apache Canyon-Gallinas River,1.306E+11,-0.098437983,0.978821663,-0.518183152,-0.790994,0.757506873,-0.40709911,-0.203348243,-0.189929994,0.206364216,-0.543116725,-0.979415887,-0.050154125,0.387648226,-1.40791913,1.678427649016420,-1.031980795,0.135800116,-0.517168348,0.263528653,0.469892869,0.234946434,0.263528653,0.206364216,54704.126131509576226,84630650.211861148476601,3,1
36761.010000000002037,148.770000000000010,NM,1.306E+11,Indio Arroyo-Gallinas River,1.306E+11,-0.31569748,0.978821663,-0.518183152,-0.790994,0.757506873,-0.40709911,-0.203348243,-0.208690234,0.201377698,-0.543116725,-0.979415887,0.145490817,0.387648226,-1.40791913,1.678427649016420,-1.031980795,0.135800116,-0.505114295,0.268376598,0.469754296,0.234877148,0.268376598,0.201377698,61258.811349902513030,148647634.263080000877380,2,2
27682.850000000002183,112.030000000000001,NM,1.306E+11,Aguilar Creek,1.306E+11,-0.278532485,0.978821663,-0.518183152,-0.790994,0.757506873,-0.40709911,-0.203348243,-0.205481057,0.202230705,-0.543116725,-0.979415887,0.202255391,0.387648226,-1.40791913,1.678427649016420,-1.031980795,0.135800116,-0.501616923,0.269783185,0.47201389,0.236006945,0.269783185,0.202230705,57326.191495796017989,111939015.866720765829086,2,2
19060.189999999998690,77.129999999999995,NM,1.306E+11,Pamilla Creek-Gallinas River,1.306E+11,-0.633851085,0.978821663,-0.518183152,-0.790994,0.757506873,-0.40709911,-0.203348243,-0.236162626,0.194075468,-0.543116725,-0.979415887,-0.090349806,0.387648226,-1.40791913,1.678427649016420,-1.031980795,0.135800116,-0.519644879,0.262532632,0.456608099,0.22830405,0.262532632,0.194075468,56531.789231247450516,77072221.245453417301178,2,1
21436.090000000000146,86.750000000000000,NM,1.306E+11,Payne Ranch-Gallinas River,1.306E+11,-0.731090278,0.978821663,-0.518183152,-0.790994,0.757506873,-0.40709911,-0.203348243,-0.244559178,0.191843644,-0.543116725,-0.979415887,0.003940287,0.387648226,-1.40791913,1.678427649016420,-1.031980795,0.135800116,-0.513835489,0.264869074,0.456712718,0.228356359,0.264869074,0.191843644,58591.916811903218331,86679592.697168186306953,2,1
29769.760000000002037,120.469999999999999,NM,1.306E+11,Canada Gomez-Pecos River,1.306E+11,-0.514679686,0.978821663,-0.518183152,-0.790994,0.757506873,-0.40709911,-0.203348243,-0.22587224,0.196810678,-0.543116725,-0.979415887,-0.583001169,0.387648226,-1.40791913,1.678427649016420,-1.031980795,0.135800116,-0.549998056,0.250325074,0.447135752,0.223567876,0.250325074,0.196810678,63214.991897283995058,120378339.681362092494965,2,1
32998.190000000002328,133.539999999999992,NM,1.306E+11,Spring Creek,1.306E+11,-0.591885453,0.978821663,-0.518183152,-0.790994,0.757506873,-0.40709911,-0.203348243,-0.232538916,0.195038659,-0.543116725,-0.979415887,0.205460763,0.387648226,-1.40791913,1.678427649016420,-1.031980795,0.135800116,-0.501419434,0.269862611,0.46490127,0.232450635,0.269862611,0.195038659,54947.385959821091092,133432211.999915346503258,2,2
30520.520000000000437,123.510000000000005,NM,1.306E+11,Baker Lake-Pecos River,1.306E+11,-0.660209267,0.978821663,-0.518183152,-0.790994,0.757506873,-0.40709911,-0.203348243,-0.238438641,0.193470497,-0.543116725,-0.979415887,-0.861632818,0.387648226,-1.40791913,1.678427649016420,-1.031980795,0.135800116,-0.567165075,0.243420776,0.436891273,0.218445637,0.243420776,0.193470497,83632.768823000020348,123413470.617638856172562,2,1
12889.350000000000364,52.160000000000004,NM,1.306E+11,Red Lake,1.306E+11,-0.726423207,0.978821663,-0.518183152,-0.790994,0.757506873,-0.40709911,-0.203348243,-0.244156179,0.191950762,-0.543116725,-0.979415887,0.079067658,0.387648226,-1.40791913,1.678427649016420,-1.031980795,0.135800116,-0.509206751,0.266730678,0.45868144,0.22934072,0.266730678,0.191950762,38525.197027313093713,52120170.285515852272511,2,1
25555.770000000000437,103.420000000000002,NM,1.306E+11,Canada de Abajo-Pecos River,1.306E+11,-0.73344993,0.978821663,-0.518183152,-0.790994,0.757506873,-0.40709911,-0.203348243,-0.244762933,0.191789485,-0.543116725,-0.979415887,-0.205433938,0.387648226,-1.40791913,1.678427649016420,-1.031980795,0.135800116,-0.526735429,0.259680927,0.451470412,0.225735206,0.259680927,0.191789485,70133.772480947256554,103338356.250484183430672,2,1
10468.780000000000655,42.369999999999997,NM,1.306E+11,Creek Pasture Tank,1.306E+11,-0.910773788,0.978821663,-0.518183152,-0.790994,0.757506873,-0.40709911,-0.203348243,-0.260074752,0.187719565,-0.543116725,-0.979415887,0.102026741,0.387648226,-1.40791913,1.678427649016420,-1.031980795,0.135800116,-0.507792198,0.267299588,0.455019154,0.227509577,0.267299588,0.187719565,33285.035141576670867,42333012.405855752527714,2,2
17922.500000000000000,72.530000000000001,NM,1.306E+11,Outlet Esteros Creek,1.306E+11,-0.836532993,0.978821663,-0.518183152,-0.790994,0.757506873,-0.40709911,-0.203348243,-0.253664099,0.189423533,-0.543116725,-0.979415887,0.122600486,0.387648226,-1.40791913,1.678427649016420,-1.031980795,0.135800116,-0.506524611,0.267809391,0.457232924,0.228616462,0.267809391,0.189423533,44156.355006153127761,72473088.692384719848633,2,2
12139.639999999999418,49.130000000000003,NM,1.306E+11,Salitre Tank,1.306E+11,-0.928596852,0.978821663,-0.518183152,-0.790994,0.757506873,-0.40709911,-0.203348243,-0.261613764,0.187310492,-0.543116725,-0.979415887,0.08410027,0.387648226,-1.40791913,1.678427649016420,-1.031980795,0.135800116,-0.508896682,0.266855383,0.454165875,0.227082938,0.266855383,0.187310492,37977.846384166652570,49089610.467757135629654,2,1
26750.700000000000728,108.260000000000005,NM,1.306E+11,El Rito Creek,1.306E+11,-0.909418672,0.978821663,-0.518183152,-0.790994,0.757506873,-0.40709911,-0.203348243,-0.259957738,0.187750668,-0.543116725,-0.979415887,0.096113773,0.387648226,-1.40791913,1.678427649016420,-1.031980795,0.135800116,-0.508156507,0.267153069,0.454903737,0.227451869,0.267153069,0.187750668,64840.879529790800007,108173541.457404002547264,2,2
38876.099999999998545,157.330000000000013,NM,1.306E+11,Rattlesnake Canyon-Pecos River,1.306E+11,-0.885448251,0.978821663,-0.518183152,-0.790994,0.757506873,-0.40709911,-0.203348243,-0.257887905,0.188300835,-0.543116725,-0.979415887,-0.946821867,0.387648226,-1.40791913,1.678427649016420,-1.031980795,0.135800116,-0.572413733,0.24130985,0.429610685,0.214805343,0.24130985,0.188300835,81543.231406633174629,157202887.386385321617126,2,1
27524.690000000002328,111.390000000000001,NM,1.306E+11,Lake Sumner-Alamogordo Creek,1.306E+11,-1.168420159,0.978821663,-0.518183152,-0.790994,0.757506873,-0.40709911,-0.203348243,-0.282322377,0.181806091,-0.543116725,-0.979415887,0.381878831,0.387648226,-1.40791913,1.678427649016420,-1.031980795,0.135800116,-0.490549985,0.274234128,0.45604022,0.22802011,0.274234128,0.181806091,67374.333980720199179,111308926.193962872028351,2,2
26611.209999999999127,107.689999999999998,"NM,OK",1.11001E+11,Plunket Draw-Corrumpa Creek,1.11001E+11,-0.900681605,-0.47764432,-0.518183152,1.495714838062700,-0.33287626,2.037954230125510,-0.484240763,0.324143548,0.34300624,-0.842622697,1.791547621867850,0.725206932,0.260362692,1.013907464909010,-0.059161984,-0.606718042,-0.128285791,0.259930718,0.576065351,0.919071591,0.459535796,0.576065351,0.34300624,61467.951438600604888,107243578.955598518252373,4,4
20893.700000000000728,84.549999999999997,"NM,TX",1.108E+11,Martin Draw-Canadian River,1.10901E+11,-1.610251119,-0.043061515,-0.518183152,-0.612665596,-0.33287626,-0.726677962,-1.690434549,-0.729222102,0.063019035,-0.249947636,0.302139719,0.118426337,0.219168823,-0.498645493,0.249368573,-0.901198374,-0.708982084,-0.323712393,0.341333514,0.404352549,0.202176275,0.341333514,0.063019035,42923.526907732717518,70358107.251763075590134,1,2
40418.970000000001164,163.569999999999993,"NM,TX",1.10901E+11,Sanchez Springs-Canadian River,1.10901E+11,-1.521631612,-0.835461818,-0.518183152,0.866171782,0.757506873,-0.883285478,-2.175708013,-0.766053325,0.053229205,-0.956289842,-0.002947192,0.121865164,0.225831979,0.327784685,0.329593715,-0.563793972,-1.320725757,-0.343018599,0.33356887,0.386798075,0.193399037,0.33356887,0.053229205,60041.485512830760854,133733357.566970154643059,1,2
17241.090000000000146,69.769999999999996,"NM,TX",1.10901E+11,Town of Endee-Trujillo Creek,1.10901E+11,-1.526430487,-0.835461818,-0.518183152,0.866171782,0.757506873,-0.883285478,-2.175708013,-0.766467706,0.053119061,-0.956289842,-0.002947192,0.045298419,0.225831979,0.327784685,0.329593715,-0.563793972,-1.320725757,-0.34773602,0.331671599,0.384790661,0.19239533,0.331671599,0.053119061,41540.244807720162498,60093907.133904993534088,1,2
21298.840000000000146,86.189999999999998,"NM,TX",1.10901E+11,Entrania Creek-Monia Creek,1.10901E+11,-1.146776107,0.806948043,-0.518183152,1.261172734731270,0.757506873,1.328814150068220,-1.794561064,0.161127609,0.299676199,-0.52000275,1.256685870488980,0.552349712,0.233588,-0.424877873,0.324372953,-1.563470332,-0.40316896,-0.241919264,0.37422939,0.673905589,0.336952794,0.37422939,0.299676199,57763.917641632513551,73537147.437620043754578,4,2
20688.549999999999272,83.719999999999999,NM,1.108E+11,Canon Gato-La Cinta Creek,1.108E+11,-0.623810242,-0.043061515,-0.518183152,-0.612665596,-0.33287626,-0.726677962,-1.690434549,-0.644043465,0.085659728,-0.249947636,0.302139719,0.249834786,0.219168823,-0.498645493,0.249368573,-0.901198374,-0.708982084,-0.315616072,0.344589724,0.430249452,0.215124726,0.344589724,0.085659728,44548.742869417779730,83667178.805117368698120,1,2
38737.419999999998254,156.759999999999991,NM,1.108E+11,Mule Creek,1.108E+11,-0.653981562,-0.043061515,-0.518183152,-0.612665596,-0.33287626,-0.726677962,-1.690434549,-0.646648742,0.084967239,-0.249947636,0.302139719,0.37281502,0.219168823,-0.498645493,0.249368573,-0.901198374,-0.708982084,-0.308039028,0.347637089,0.432604328,0.216302164,0.347637089,0.084967239,70366.658607341349125,156670071.401883244514465,1,2
27898.729999999999563,112.900000000000006,NM,1.108E+11,Carpenter Canyon-La Cinta Creek,1.108E+11,-0.891591051,-0.043061515,-0.518183152,-0.612665596,-0.33287626,-0.726677962,-1.690434549,-0.667166193,0.07951365,-0.249947636,0.302139719,0.419263033,0.219168823,-0.498645493,0.249368573,-0.901198374,-0.708982084,-0.305177279,0.348788038,0.428301688,0.214150844,0.348788038,0.07951365,52980.584600378700998,112830179.614785626530647,1,2
21640.970000000001164,87.579999999999998,NM,1.108E+11,Tulosa Creek-La Cinta Creek,1.108E+11,-1.277698462,-0.043061515,-0.518183152,-0.612665596,-0.33287626,-0.726677962,-1.690434549,-0.700506359,0.070651751,-0.249947636,0.302139719,0.543280268,0.219168823,-0.498645493,0.249368573,-0.901198374,-0.708982084,-0.297536344,0.351861099,0.42251285,0.211256425,0.351861099,0.070651751,47651.782513872429263,87521638.390809372067451,1,2
20232.970000000001164,81.879999999999995,NM,1.108E+11,Polecat Canyon-Atarque Creek,1.108E+11,-1.047085615,-0.043061515,-0.518183152,-0.612665596,-0.33287626,-0.726677962,-1.690434549,-0.680593065,0.075944754,-0.249947636,0.302139719,0.656024009,0.219168823,-0.498645493,0.249368573,-0.901198374,-0.708982084,-0.29058999,0.35465481,0.430599564,0.215299782,0.35465481,0.075944754,43524.879791676779860,81834407.192181929945946,1,2
15654.229999999999563,63.350000000000001,NM,1.108E+11,Road Canyon,1.108E+11,-1.082699967,-0.043061515,-0.518183152,-0.612665596,-0.33287626,-0.726677962,-1.690434549,-0.683668345,0.075127337,-0.249947636,0.302139719,0.284304053,0.219168823,-0.498645493,0.249368573,-0.901198374,-0.708982084,-0.313492355,0.345443848,0.420571185,0.210285593,0.345443848,0.075127337,40356.482941969363310,63315307.710928440093994,1,2
31841.900000000001455,128.860000000000014,NM,1.108E+11,Rattlesnake Creek-Atarque Creek,1.108E+11,-1.278968741,-0.043061515,-0.518183152,-0.612665596,-0.33287626,-0.726677962,-1.690434549,-0.700616047,0.070622596,-0.249947636,0.302139719,0.309282395,0.219168823,-0.498645493,0.249368573,-0.901198374,-0.708982084,-0.311953393,0.346062794,0.41668539,0.208342695,0.346062794,0.070622596,64890.403880437923362,128792514.765125513076782,1,2
20456.119999999998981,82.780000000000001,NM,1.108E+11,San Lorenzo Cemetery-Canadian River,1.108E+11,-1.331752386,-0.043061515,-0.518183152,-0.612665596,-0.33287626,-0.726677962,-1.690434549,-0.705173887,0.069411111,-0.249947636,0.302139719,-0.797438443,0.219168823,-0.498645493,0.249368573,-0.901198374,-0.708982084,-0.380140544,0.318639023,0.388050133,0.194025067,0.318639023,0.069411111,52172.216744927944092,82729905.151887565851212,1,2
15459.760000000000218,62.560000000000002,NM,1.108E+11,Chical Creek,1.108E+11,-1.161795241,-0.043061515,-0.518183152,-0.612665596,-0.33287626,-0.726677962,-1.690434549,-0.690498179,0.07331195,-0.249947636,0.302139719,0.252046844,0.219168823,-0.498645493,0.249368573,-0.901198374,-0.708982084,-0.315479783,0.344644537,0.417956487,0.208978244,0.344644537,0.07331195,52392.715958278000471,62526041.635930299758911,1,2
29029.060000000001310,117.480000000000004,NM,1.108E+11,Watrous Creek-Canadian River,1.108E+11,-1.275167814,-0.043061515,-0.518183152,-0.612665596,-0.33287626,-0.726677962,-1.690434549,-0.700287839,0.070709834,-0.249947636,0.302139719,-0.142569906,0.219168823,-0.498645493,0.249368573,-0.901198374,-0.708982084,-0.339792863,0.334866209,0.405576043,0.202788022,0.334866209,0.070709834,67448.674755501953769,117407474.649821311235428,1,2
36596.220000000001164,148.099999999999994,NM,1.108E+11,Carpenter Creek-Canadian River,1.108E+11,-1.34458498,-0.043061515,-0.518183152,-0.612665596,-0.33287626,-0.726677962,-1.690434549,-0.706281974,0.069116578,-0.249947636,0.302139719,-0.118719671,0.219168823,-0.498645493,0.249368573,-0.901198374,-0.708982084,-0.338323405,0.335457201,0.404573779,0.20228689,0.335457201,0.069116578,78959.563802872318774,148018020.696358591318130,1,2
46781.950000000004366,189.319999999999993,NM,1.108E+11,Bluewater Creek-Pajarito Creek,1.108E+11,-1.281398177,-0.043061515,-0.518183152,-0.612665596,-0.33287626,-0.726677962,-1.690434549,-0.700825828,0.070566835,-0.249947636,0.302139719,0.479212287,0.219168823,-0.498645493,0.249368573,-0.901198374,-0.708982084,-0.301483693,0.350273539,0.420840374,0.210420187,0.350273539,0.070566835,95762.439366460850579,189222818.318407922983170,1,2
34811.129999999997381,140.879999999999995,NM,1.108E+11,Outlet Pajarito Creek,1.108E+11,-1.417613263,-0.043061515,-0.518183152,-0.612665596,-0.33287626,-0.726677962,-1.690434549,-0.712587927,0.06744044,-0.249947636,0.302139719,1.514124056855710,0.219168823,-0.498645493,0.249368573,-0.901198374,-0.708982084,-0.237720833,0.375917932,0.443358372,0.221679186,0.375917932,0.06744044,72516.280185207870090,140810682.506045877933502,1,2
24472.290000000000873,99.040000000000006,NM,1.108E+11,110800060701-Canadian River,1.108E+11,-1.439793716,-0.043061515,-0.518183152,-0.612665596,-0.33287626,-0.726677962,-1.690434549,-0.714503197,0.066931357,-0.249947636,0.302139719,-0.311432132,0.219168823,-0.498645493,0.249368573,-0.901198374,-0.708982084,-0.350196782,0.330681921,0.397613277,0.198806639,0.330681921,0.066931357,44876.120965899179282,98987549.955464407801628,1,2
30777.850000000002183,124.549999999999997,NM,1.108E+11,Outlet Carros Creek,1.108E+11,-1.367841041,-0.043061515,-0.518183152,-0.612665596,-0.33287626,-0.726677962,-1.690434549,-0.708290122,0.068582807,-0.249947636,0.302139719,0.439775191,0.219168823,-0.498645493,0.249368573,-0.901198374,-0.708982084,-0.303913486,0.349296315,0.417879122,0.208939561,0.349296315,0.068582807,86085.205778773917700,124496243.469987764954567,1,2
14612.930000000000291,59.140000000000001,NM,1.108E+11,Romero Draw,1.108E+11,-1.443601647,-0.043061515,-0.518183152,-0.612665596,-0.33287626,-0.726677962,-1.690434549,-0.71483201,0.066843957,-0.249947636,0.302139719,0.805039499,0.219168823,-0.498645493,0.249368573,-0.901198374,-0.708982084,-0.281408866,0.35834731,0.425191268,0.212595634,0.35834731,0.066843957,35069.289676270032942,59112572.317992046475410,1,2
28750.770000000000437,116.350000000000009,NM,1.108E+11,Cow Springs Draw-Canadian River,1.108E+11,-1.462967302,-0.043061515,-0.518183152,-0.612665596,-0.33287626,-0.726677962,-1.690434549,-0.716504224,0.066399479,-0.249947636,0.302139719,-0.453766743,0.219168823,-0.498645493,0.249368573,-0.901198374,-0.708982084,-0.358966285,0.327154968,0.393554447,0.196777224,0.327154968,0.066399479,59753.472609317301249,116301903.531724438071251,1,2
21433.090000000000146,86.739999999999995,NM,1.306E+11,Puerto Creek,1.306E+11,-0.926705445,0.978821663,-0.518183152,-0.790994,0.757506873,-0.40709911,-0.203348243,-0.261450442,0.187353904,-0.543116725,-0.979415887,0.274286703,0.387648226,-1.40791913,1.678427649016420,-1.031980795,0.135800116,-0.497178938,0.27156807,0.458921974,0.229460987,0.27156807,0.187353904,46723.480184268024459,86669124.931005775928497,2,2
25317.409999999999854,102.460000000000008,NM,1.306E+11,Swan Lake-Pecos River,1.306E+11,-1.011608487,0.978821663,-0.518183152,-0.790994,0.757506873,-0.40709911,-0.203348243,-0.268781774,0.185405217,-0.543116725,-0.979415887,-0.88264055,0.387648226,-1.40791913,1.678427649016420,-1.031980795,0.135800116,-0.568459401,0.242900219,0.428305436,0.214152718,0.242900219,0.185405217,64982.167005239156424,102376825.810638770461082,2,1
30468.760000000002037,123.299999999999997,NM,1.306E+11,Outlet Arroyo San Juan de Dios,1.306E+11,-1.084172039,0.978821663,-0.518183152,-0.790994,0.757506873,-0.40709911,-0.203348243,-0.275047597,0.183739746,-0.543116725,-0.979415887,0.274648517,0.387648226,-1.40791913,1.678427649016420,-1.031980795,0.135800116,-0.497156646,0.271577036,0.455316782,0.227658391,0.271577036,0.183739746,61127.686193488843855,123210617.234001427888870,2,2
35429.430000000000291,143.379999999999995,NM,1.306E+11,Ojo Negro Creek-Pecos River,1.306E+11,-1.057924815,0.978821663,-0.518183152,-0.790994,0.757506873,-0.40709911,-0.203348243,-0.272781164,0.18434217,-0.543116725,-0.979415887,-0.715737007,0.387648226,-1.40791913,1.678427649016420,-1.031980795,0.135800116,-0.55817616,0.247035972,0.431378142,0.215689071,0.247035972,0.18434217,62735.353486233994772,143268599.223998457193375,2,1
27031.470000000001164,109.390000000000001,NM,1.306E+11,Lake Sumner-Pecos River,1.306E+11,-1.191708204,0.978821663,-0.518183152,-0.790994,0.757506873,-0.40709911,-0.203348243,-0.284333287,0.181271587,-0.543116725,-0.979415887,-1.308484992,0.387648226,-1.40791913,1.678427649016420,-1.031980795,0.135800116,-0.594696478,0.23234809,0.413619677,0.206809838,0.23234809,0.181271587,61892.296369705458346,109311865.944716930389404,2,1
27910.020000000000437,112.950000000000003,NM,1.306E+11,Arroyo El Ojito-Pintada Arroyo,1.306E+11,-0.676791385,-0.332352814,-0.518183152,-0.814895908,-1.423259393,-0.583292923,-0.984354169,-0.643642334,0.08576635,-0.615313647,-0.580813477,0.090135688,0.262493641,-1.226369713,1.544642999071160,-0.835198128,-0.479717823,-0.517437687,0.263420329,0.349186679,0.174593339,0.263420329,0.08576635,50532.797692384374386,112857664.631730481982231,1,1
28596.650000000001455,115.730000000000004,NM,1.306E+11,Pintada Arroyo-Rio Agua Negra,1.306E+11,-0.85847827,-0.332352814,-0.518183152,-0.814895908,-1.423259393,-0.583292923,-0.984354169,-0.659330899,0.081596291,-0.615313647,-0.580813477,0.124239798,0.262493641,-1.226369713,1.544642999071160,-0.835198128,-0.479717823,-0.515336469,0.264265405,0.345861695,0.172930848,0.264265405,0.081596291,85045.050519926488050,115635380.257776290178299,1,1
28838.229999999999563,116.700000000000003,NM,1.306E+11,Lower Salado Creek,1.306E+11,-1.122534367,-0.164740309,-0.518183152,-0.695294414,0.757506873,-0.823131072,-0.796194255,-0.582319816,0.102066028,-0.966998958,-0.366207333,0.217017718,0.233063009,-1.135372106,0.64743022,-0.759543371,-0.844797499,-0.629546207,0.218332092,0.320398119,0.16019906,0.218332092,0.102066028,59917.945974409813061,116616558.532167375087738,1,1
26406.709999999999127,106.859999999999999,NM,1.306E+11,Fish Pond,1.306E+11,-1.159926676,-0.164740309,-0.518183152,-0.695294414,0.757506873,-0.823131072,-0.796194255,-0.585548622,0.101207803,-0.966998958,-0.366207333,0.358589214,0.233063009,-1.135372106,0.64743022,-0.759543371,-0.844797499,-0.620823721,0.221840135,0.323047938,0.161523969,0.221840135,0.101207803,54903.310724598275556,106790042.267151087522507,1,1
26447.380000000001019,107.030000000000001,NM,1.306E+11,Arroyo de Anil,1.306E+11,-1.07813947,-0.164740309,-0.518183152,-0.695294414,0.757506873,-0.823131072,-0.796194255,-0.578486341,0.103084975,-0.966998958,-0.366207333,0.366795069,0.233063009,-1.135372106,0.64743022,-0.759543371,-0.844797499,-0.620318143,0.22204347,0.325128445,0.162564222,0.22204347,0.103084975,87196.906982909829821,106956415.185028746724129,1,1
16468.619999999998981,66.650000000000006,"NM,TX",1.10901E+11,110901030206-Perico Creek,1.10901E+11,-0.922599378,-0.412018692,-0.518183152,2.926343800938720,-0.33287626,1.470045433386160,-1.412734535,0.142604841,0.294752801,-0.740723713,2.254375596051190,0.857726011,0.250343584,0.774956094,0.190875086,-1.0414281,-0.772320686,0.138065885,0.527053283,0.821806084,0.410903042,0.527053283,0.294752801,47470.868899277076707,64473331.109874829649925,4,3
41004.840000000003783,165.939999999999998,"NM,TX",1.11201E+11,111201010307-Frio Draw,1.11201E+11,-1.202162143,-0.83667115,-0.518183152,3.287197944723930,-1.423259393,-0.883285478,-2.822550495,-0.808307825,0.041997854,-1.431024572,-0.656631546,-0.303902582,0.209473593,-0.714482977,-0.470880099,-0.342102649,-0.631224316,-0.661996701,0.205281027,0.247278881,0.12363944,0.205281027,0.041997854,48805.571768432426325,127818579.720519989728928,1,1
14152.819999999999709,57.270000000000003,NM,1.108E+11,Watson Island-Ute Reservoir,1.108E+11,-1.509419373,-0.043061515,-0.518183152,-0.612665596,-0.33287626,-0.726677962,-1.690434549,-0.720515335,0.065333315,-0.249947636,0.302139719,-0.000730483,0.219168823,-0.498645493,0.249368573,-0.901198374,-0.708982084,-0.331053869,0.338380891,0.403714207,0.201857103,0.338380891,0.065333315,34179.884758111671545,57253559.370514489710331,1,2
32050.260000000002037,129.699999999999989,NM,1.108E+11,Hudson Lake-Ute Reservoir,1.108E+11,-1.427532207,-0.043061515,-0.518183152,-0.612665596,-0.33287626,-0.726677962,-1.690434549,-0.713444422,0.067212782,-0.249947636,0.302139719,0.961264367,0.219168823,-0.498645493,0.249368573,-0.901198374,-0.708982084,-0.271783558,0.362218454,0.429431235,0.214715618,0.362218454,0.067212782,73371.491111242226907,129655642.830300152301788,1,2
25798.500000000000000,104.400000000000006,NM,1.108E+11,Town of Logan-Canadian River,1.108E+11,-1.544284539,-0.043061515,-0.518183152,-0.612665596,-0.33287626,-0.726677962,-1.690434549,-0.723525923,0.064533094,-0.249947636,0.302139719,-0.722412849,0.219168823,-0.498645493,0.249368573,-0.901198374,-0.708982084,-0.375518076,0.320498105,0.385031199,0.192515599,0.320498105,0.064533094,66186.600615225455840,104375709.837303042411804,1,2
23130.439999999998690,93.609999999999999,NM,1.108E+11,East Side Tank-Canadian River,1.108E+11,-1.565236684,-0.043061515,-0.518183152,-0.612665596,-0.33287626,-0.726677962,-1.690434549,-0.72533513,0.064052202,-0.249947636,0.302139719,-0.214142379,0.219168823,-0.498645493,0.249368573,-0.901198374,-0.708982084,-0.344202577,0.333092693,0.397144895,0.198572448,0.333092693,0.064052202,71150.690104437439004,93590096.091289088129997,1,2
30408.909999999999854,123.060000000000002,NM,1.108E+11,Rana Arroyo,1.108E+11,-1.522219332,-0.043061515,-0.518183152,-0.612665596,-0.33287626,-0.726677962,-1.690434549,-0.721620604,0.065039532,-0.249947636,0.302139719,0.315703719,0.219168823,-0.498645493,0.249368573,-0.901198374,-0.708982084,-0.311557763,0.34622191,0.411261442,0.205630721,0.34622191,0.065039532,64034.200242882208840,123045076.343607902526855,1,2
21600.840000000000146,87.420000000000002,NM,1.108E+11,110800060908-Canadian River,1.108E+11,-1.595521674,-0.043061515,-0.518183152,-0.612665596,-0.33287626,-0.726677962,-1.690434549,-0.727950222,0.063357104,-0.249947636,0.302139719,-0.369481648,0.219168823,-0.498645493,0.249368573,-0.901198374,-0.708982084,-0.353773322,0.329243494,0.392600598,0.196300299,0.329243494,0.063357104,50045.027263604519248,87406263.921897530555725,1,2
28300.900000000001455,114.530000000000001,NM,1.108E+11,Joe Cabin Arroyo-Holkeo Creek,1.108E+11,0.198794098,-0.289516014,-0.47907031,-0.697932683,0.757506873,0.306617553,-1.574949965,-0.212411288,0.200388633,-0.323089038,0.707442486,-0.07204074,0.233687936,-0.316060388,0.238781652,-0.545241988,0.040793703,-0.077929474,0.440183436,0.640572069,0.320286034,0.440183436,0.200388633,55276.979486608950538,114453884.039277568459511,2,3
15794.200000000000728,63.920000000000002,NM,1.108E+11,Lawrence Arroyo-Holkeo Creek,1.108E+11,0.029753065,-0.289516014,-0.47907031,-0.697932683,0.757506873,0.306617553,-1.574949965,-0.22700789,0.19650882,-0.323089038,0.707442486,0.524824031,0.233687936,-0.316060388,0.238781652,-0.545241988,0.040793703,-0.041155514,0.45497333,0.651482149,0.325741075,0.45497333,0.19650882,39343.650412523194973,63876321.779013283550739,2,3
36648.090000000003783,148.310000000000002,NM,1.108E+11,Headwaters Palo Blanco Creek,1.108E+11,0.295896113,-0.289516014,-0.47907031,-0.697932683,0.757506873,0.306617553,-1.574949965,-0.204026581,0.202617308,-0.323089038,0.707442486,-0.780970246,0.233687936,-0.316060388,0.238781652,-0.545241988,0.040793703,-0.121607954,0.422616657,0.625233965,0.312616983,0.422616657,0.202617308,72060.765227101801429,148217225.889748066663742,3,3
10638.170000000000073,43.050000000000004,NM,1.108E+11,Outlet Palo Blanco Creek,1.108E+11,-0.048395287,-0.289516014,-0.47907031,-0.697932683,0.757506873,0.306617553,-1.574949965,-0.233755958,0.194715166,-0.323089038,0.707442486,0.218928726,0.233687936,-0.316060388,0.238781652,-0.545241988,0.040793703,-0.060002299,0.447393457,0.642108623,0.321054312,0.447393457,0.194715166,37320.710061287711142,43024923.591110453009605,2,3
26198.490000000001601,106.019999999999996,NM,1.108E+11,Turley Well,1.108E+11,-0.050176662,-0.289516014,-0.47907031,-0.697932683,0.757506873,0.306617553,-1.574949965,-0.233909778,0.19467428,-0.323089038,0.707442486,0.610358997,0.233687936,-0.316060388,0.238781652,-0.545241988,0.040793703,-0.035885544,0.457092826,0.651767107,0.325883553,0.457092826,0.19467428,74181.812577912030974,105961180.714363217353821,2,3
27780.150000000001455,112.420000000000002,NM,1.108E+11,Outlet Sand Arroyo,1.108E+11,-0.190797257,-0.289516014,-0.47907031,-0.697932683,0.757506873,0.306617553,-1.574949965,-0.246052291,0.19144677,-0.323089038,0.707442486,0.538098242,0.233687936,-0.316060388,0.238781652,-0.545241988,0.040793703,-0.040337665,0.455302255,0.646749026,0.323374513,0.455302255,0.19144677,77758.011543846412678,112352852.899281650781631,2,3
25556.220000000001164,103.420000000000002,NM,1.108E+11,Holkeo Creek-Ute Creek,1.108E+11,-0.17743136,-0.289516014,-0.47907031,-0.697932683,0.757506873,0.306617553,-1.574949965,-0.244898153,0.191753543,-0.323089038,0.707442486,0.285716793,0.233687936,-0.316060388,0.238781652,-0.545241988,0.040793703,-0.05588736,0.449048419,0.640801962,0.320400981,0.449048419,0.191753543,69760.714996911570779,103361047.024596676230431,2,3
32264.500000000000000,130.569999999999993,NM,1.108E+11,Divine Lake,1.108E+11,-0.170159505,-0.289516014,-0.47907031,-0.697932683,0.757506873,0.306617553,-1.574949965,-0.244270232,0.191920446,-0.323089038,0.707442486,0.425117651,0.233687936,-0.316060388,0.238781652,-0.545241988,0.040793703,-0.047298611,0.452502675,0.644423121,0.32221156,0.452502675,0.191920446,74123.258070992858848,130488867.210157498717308,2,3
21277.150000000001455,86.109999999999999,NM,1.108E+11,Gladstone Cemetery-Ute Creek,1.108E+11,-0.295408075,-0.289516014,-0.47907031,-0.697932683,0.757506873,0.306617553,-1.574949965,-0.255085379,0.189045753,-0.323089038,0.707442486,0.266682476,0.233687936,-0.316060388,0.238781652,-0.545241988,0.040793703,-0.0570601,0.448576762,0.637622515,0.318811257,0.448576762,0.189045753,57409.620809619140346,86056390.022805035114288,2,3
19938.240000000001601,80.689999999999998,NM,1.108E+11,Aragon Hill-Ute Creek,1.108E+11,-0.4643321,-0.289516014,-0.47907031,-0.697932683,0.757506873,0.306617553,-1.574949965,-0.269671877,0.185168626,-0.323089038,0.707442486,0.159782559,0.233687936,-0.316060388,0.238781652,-0.545241988,0.040793703,-0.063646405,0.445927856,0.631096482,0.315548241,0.445927856,0.185168626,45124.228633510538202,80643841.398439526557922,2,3
38052.389999999999418,153.990000000000009,NM,1.108E+11,Ute Creek Mesa-Ute Creek,1.108E+11,-0.702331338,-0.289516014,-0.47907031,-0.697932683,0.757506873,0.306617553,-1.574949965,-0.290222983,0.179706091,-0.323089038,0.707442486,0.197048268,0.233687936,-0.316060388,0.238781652,-0.545241988,0.040793703,-0.061350395,0.446851274,0.626557365,0.313278683,0.446851274,0.179706091,89495.890830073971301,153915739.509750813245773,2,3
17850.540000000000873,72.239999999999995,NM,1.108E+11,Outlet Del Muerto Creek,1.108E+11,-0.985836128,-0.289516014,-0.47907031,-0.697932683,0.757506873,0.306617553,-1.574949965,-0.314703468,0.173199117,-0.323089038,0.707442486,0.261982225,0.233687936,-0.316060388,0.238781652,-0.545241988,0.040793703,-0.057349692,0.448460293,0.62165941,0.310829705,0.448460293,0.173199117,48251.790415543051495,72209940.669968068599701,2,3
30453.220000000001164,123.240000000000009,NM,1.108E+11,Bueyeros Creek,1.108E+11,-0.848518704,-0.289516014,-0.47907031,-0.697932683,0.757506873,0.306617553,-1.574949965,-0.302846183,0.176350813,-0.323089038,0.707442486,0.269613276,0.233687936,-0.316060388,0.238781652,-0.545241988,0.040793703,-0.056879528,0.448649385,0.625000198,0.312500099,0.448649385,0.176350813,63922.780117503236397,123183503.631752431392670,2,3
22348.170000000001892,90.439999999999998,NM,1.108E+11,Asperos Canyon-Ute Creek,1.108E+11,-0.968197708,-0.289516014,-0.47907031,-0.697932683,0.757506873,0.306617553,-1.574949965,-0.3131804,0.173603952,-0.323089038,0.707442486,0.183397023,0.233687936,-0.316060388,0.238781652,-0.545241988,0.040793703,-0.062191474,0.446513006,0.620116958,0.310058479,0.446513006,0.173603952,67483.941896899501444,90397723.004354864358902,2,3
32364.229999999999563,130.969999999999999,NM,1.108E+11,Black Hills-Ute Creek,1.108E+11,-1.073426722,-0.289516014,-0.47907031,-0.697932683,0.757506873,0.306617553,-1.574949965,-0.322266869,0.171188746,-0.323089038,0.707442486,0.205226534,0.233687936,-0.316060388,0.238781652,-0.545241988,0.040793703,-0.060846516,0.447053926,0.618242673,0.309121336,0.447053926,0.171188746,55410.410197386627260,130919908.633671164512634,2,3
30137.020000000000437,121.960000000000008,NM,1.306E+11,Lower Truchas Creek,1.306E+11,-1.2360131,-0.164740309,-0.518183152,-0.695294414,0.757506873,-0.823131072,-0.796194255,-0.592118643,0.099461475,-0.966998958,-0.366207333,0.401336161,0.233063009,-1.135372106,0.64743022,-0.759543371,-0.844797499,-0.618190001,0.222899374,0.322360849,0.161180425,0.222899374,0.099461475,59498.899229470676801,121880092.833588346838951,1,1
14703.809999999999491,59.500000000000000,NM,1.306E+11,Guadalupe Arroyo-Pecos River,1.306E+11,-1.220901354,-0.164740309,-0.518183152,-0.695294414,0.757506873,-0.823131072,-0.796194255,-0.590813752,0.099808318,-0.966998958,-0.366207333,-0.420154467,0.233063009,-1.135372106,0.64743022,-0.759543371,-0.844797499,-0.668803583,0.202543409,0.302351727,0.151175863,0.202543409,0.099808318,46485.807719408730918,59460577.863314278423786,1,1
29950.659999999999854,121.210000000000008,NM,1.306E+11,Windmill Draw-Pecos River,1.306E+11,-1.269411899,-0.164740309,-0.518183152,-0.695294414,0.757506873,-0.823131072,-0.796194255,-0.595002611,0.098694909,-0.966998958,-0.366207333,-0.065641151,0.233063009,-1.135372106,0.64743022,-0.759543371,-0.844797499,-0.646961351,0.211328002,0.310022911,0.155011455,0.211328002,0.098694909,46514.911952880451281,121119533.935428753495216,1,1
36263.760000000002037,146.750000000000000,NM,1.306E+11,Town of Fort Sumner-Pecos River,1.306E+11,-1.335468304,-0.164740309,-0.518183152,-0.695294414,0.757506873,-0.823131072,-0.796194255,-0.600706546,0.097178789,-0.966998958,-0.366207333,-0.126556344,0.233063009,-1.135372106,0.64743022,-0.759543371,-0.844797499,-0.650714451,0.209818566,0.306997355,0.153498677,0.209818566,0.097178789,80207.133133539566188,146653780.173915117979050,1,1
37948.489999999997963,153.569999999999993,NM,1.108E+11,Arroyo de La Cejita,1.108E+11,-1.020539007,-0.289516014,-0.47907031,-0.697932683,0.757506873,0.306617553,-1.574949965,-0.317700043,0.17240262,-0.323089038,0.707442486,0.239468036,0.233687936,-0.316060388,0.238781652,-0.545241988,0.040793703,-0.058736833,0.447902407,0.620305027,0.310152513,0.447902407,0.17240262,60959.631910002404766,153516166.937234580516815,2,3
13370.569999999999709,54.109999999999999,NM,1.108E+11,Indian Bathtub-Ute Creek,1.108E+11,-1.173104703,-0.289516014,-0.47907031,-0.697932683,0.757506873,0.306617553,-1.574949965,-0.330874008,0.168900947,-0.323089038,0.707442486,0.231802107,0.233687936,-0.316060388,0.238781652,-0.545241988,0.040793703,-0.059209145,0.44771245,0.616613398,0.308306699,0.44771245,0.168900947,42392.375949764696998,54085183.589080162346363,2,3
18118.720000000001164,73.320000000000007,NM,1.108E+11,Alamosa Creek-Ute Creek,1.108E+11,-1.436524326,-0.289516014,-0.47907031,-0.697932683,0.757506873,0.306617553,-1.574949965,-0.353620151,0.162854966,-0.323089038,0.707442486,0.760829588,0.233687936,-0.316060388,0.238781652,-0.545241988,0.040793703,-0.026614768,0.460821383,0.623676349,0.311838175,0.460821383,0.162854966,48946.024106110031425,73295941.267045497894287,2,3
31874.959999999999127,128.990000000000009,NM,1.108E+11,Ute Reservoir-Ute Creek,1.108E+11,-1.437972911,-0.289516014,-0.47907031,-0.697932683,0.757506873,0.306617553,-1.574949965,-0.353745235,0.162821718,-0.323089038,0.707442486,0.674985795,0.233687936,-0.316060388,0.238781652,-0.545241988,0.040793703,-0.031903765,0.458694233,0.621515952,0.310757976,0.458694233,0.162821718,76994.305302999637206,128951414.006081461906433,2,3
25762.639999999999418,104.260000000000005,NM,1.108E+11,Charco Creek,1.108E+11,-0.953506077,-0.767612987,-0.518183152,-0.556068586,0.757506873,-0.270842387,-2.860762823,-0.666208788,0.07976813,-0.504981015,-1.441281971,0.256738381,0.211268235,-0.57446185,0.127088533,-0.721484036,-0.60666561,-0.563671049,0.244826017,0.324594147,0.162297074,0.244826017,0.07976813,58068.658196256095835,104195797.246011316776276,1,1
25403.900000000001455,102.810000000000002,NM,1.108E+11,Newhome Cemetery-Plaza Larga Creek,1.108E+11,-1.366216488,-0.767612987,-0.518183152,-0.556068586,0.757506873,-0.270842387,-2.860762823,-0.701846109,0.070295642,-0.504981015,-1.441281971,1.789670391021800,0.211268235,-0.57446185,0.127088533,-0.721484036,-0.60666561,-0.469224226,0.282811004,0.353106646,0.176553323,0.282811004,0.070295642,63915.932984757469967,102762071.738582894206047,1,2
19390.479999999999563,78.469999999999999,NM,1.108E+11,Alamosito Creek-Plaza Larga Creek,1.108E+11,-1.443155487,-0.767612987,-0.518183152,-0.556068586,0.757506873,-0.270842387,-2.860762823,-0.70848975,0.068529746,-0.504981015,-1.441281971,3.001179479030320,0.211268235,-0.57446185,0.127088533,-0.721484036,-0.60666561,-0.394580874,0.312831356,0.381361101,0.190680551,0.312831356,0.068529746,46326.116593736180221,78441023.472796127200127,1,2
27593.020000000000437,111.670000000000002,NM,1.108E+11,Upper Revuelto Creek,1.108E+11,-1.324353298,-0.767612987,-0.518183152,-0.556068586,0.757506873,-0.270842387,-2.860762823,-0.698231245,0.071256482,-0.504981015,-1.441281971,0.426104514,0.211268235,-0.57446185,0.127088533,-0.721484036,-0.60666561,-0.553236083,0.249022792,0.320279273,0.160139637,0.249022792,0.071256482,67390.625232933089137,111631192.751389324665070,1,1
30303.659999999999854,122.629999999999995,NM,1.108E+11,Wooten Ranch,1.108E+11,-1.416562645,-0.767612987,-0.518183152,-0.556068586,0.757506873,-0.270842387,-2.860762823,-0.706193473,0.069140102,-0.504981015,-1.441281971,0.409762868,0.211268235,-0.57446185,0.127088533,-0.721484036,-0.60666561,-0.554242923,0.248617857,0.317757959,0.15887898,0.248617857,0.069140102,55248.932221363589633,122602350.528992891311646,1,1
28742.420000000001892,116.320000000000007,NM,1.108E+11,Middle Revuelto Creek,1.108E+11,-1.458624507,-0.767612987,-0.518183152,-0.556068586,0.757506873,-0.270842387,-2.860762823,-0.709825492,0.068174702,-0.504981015,-1.441281971,1.147589089046330,0.211268235,-0.57446185,0.127088533,-0.721484036,-0.60666561,-0.508784062,0.266900677,0.335075379,0.16753769,0.266900677,0.068174702,62033.461185627129453,116280519.661837562918663,1,1
25500.000000000000000,103.189999999999998,NM,1.108E+11,Lower Revuelto Creek,1.108E+11,-1.511667228,-0.767612987,-0.518183152,-0.556068586,0.757506873,-0.270842387,-2.860762823,-0.714405702,0.066957271,-0.504981015,-1.441281971,0.487853729,0.211268235,-0.57446185,0.127088533,-0.721484036,-0.60666561,-0.549431598,0.250552894,0.317510165,0.158755083,0.250552894,0.066957271,56321.725505172456906,103165241.483033046126366,1,1
31213.010000000002037,126.310000000000002,NM,1.10901E+11,Outlet San Jon Creek,1.10901E+11,-1.339652855,-0.835461818,-0.518183152,0.866171782,0.757506873,-0.883285478,-2.175708013,-0.750339558,0.057405963,-0.956289842,-0.002947192,0.296697171,0.225831979,0.327784685,0.329593715,-0.563793972,-1.320725757,-0.33224687,0.337901085,0.395307048,0.197653524,0.337901085,0.057405963,94025.133059450439760,126292358.297208979725838,1,2
27592.490000000001601,111.659999999999997,NM,1.10901E+11,Upper Pinabetes Creek,1.10901E+11,-0.484650355,0.806948043,-0.518183152,1.261172734731270,0.757506873,1.328814150068220,-1.794561064,0.21830181,0.314873243,-0.52000275,1.256685870488980,0.330913635,0.233588,-0.424877873,0.324372953,-1.563470332,-0.40316896,-0.255562357,0.368742359,0.683615602,0.341807801,0.368742359,0.314873243,50610.517297952457739,111617329.364661559462547,4,2
33102.849999999998545,133.960000000000008,NM,1.10901E+11,Leon Creek,1.10901E+11,-0.707630127,0.806948043,-0.518183152,1.261172734731270,0.757506873,1.328814150068220,-1.794561064,0.199047627,0.309755434,-0.52000275,1.256685870488980,0.422367639,0.233588,-0.424877873,0.324372953,-1.563470332,-0.40316896,-0.249927704,0.371008525,0.680763959,0.340381979,0.371008525,0.309755434,63419.396892953664064,133920299.015706002712250,4,2
30088.569999999999709,121.760000000000005,NM,1.10901E+11,Middle Pinabetes Creek,1.10901E+11,-0.765368413,0.806948043,-0.518183152,1.261172734731270,0.757506873,1.328814150068220,-1.794561064,0.194061958,0.30843023,-0.52000275,1.256685870488980,0.358411615,0.233588,-0.424877873,0.324372953,-1.563470332,-0.40316896,-0.253868155,0.369423739,0.677853969,0.338926985,0.369423739,0.30843023,62919.546421381579421,121725203.992693826556206,4,2
37526.200000000004366,151.860000000000014,NM,1.10901E+11,Lower Pinabetes Creek,1.10901E+11,-0.931122861,0.806948043,-0.518183152,1.261172734731270,0.757506873,1.328814150068220,-1.794561064,0.17974915,0.304625851,-0.52000275,1.256685870488980,0.543194275,0.233588,-0.424877873,0.324372953,-1.563470332,-0.40316896,-0.242483348,0.374002525,0.678628375,0.339314188,0.374002525,0.304625851,73145.126220268371981,151830975.135493814945221,4,2
25688.950000000000728,103.960000000000008,NM,1.10901E+11,Mesita Creek,1.10901E+11,-0.73815255,0.806948043,-0.518183152,1.261172734731270,0.757506873,1.328814150068220,-1.794561064,0.196412033,0.309054886,-0.52000275,1.256685870488980,0.368362365,0.233588,-0.424877873,0.324372953,-1.563470332,-0.40316896,-0.253255071,0.369670312,0.678725198,0.339362599,0.369670312,0.309054886,48171.319266975617211,103920634.700380727648735,4,2
26058.360000000000582,105.450000000000003,NM,1.10901E+11,Church Creek-Tramperos Creek,1.10901E+11,-0.80433718,0.806948043,-0.518183152,1.261172734731270,0.757506873,1.328814150068220,-1.794561064,0.190697026,0.307535823,-0.52000275,1.256685870488980,0.229902944,0.233588,-0.424877873,0.324372953,-1.563470332,-0.40316896,-0.261785816,0.366239384,0.673775207,0.336887603,0.366239384,0.307535823,55254.163271249257377,105412640.250843897461891,4,2
17801.020000000000437,72.040000000000006,NM,1.10901E+11,Pedernal Creek,1.10901E+11,-0.88702189,0.806948043,-0.518183152,1.261172734731270,0.757506873,1.328814150068220,-1.794561064,0.183557245,0.305638052,-0.52000275,1.256685870488980,0.545901504,0.233588,-0.424877873,0.324372953,-1.563470332,-0.40316896,-0.24231655,0.374069608,0.67970766,0.33985383,0.374069608,0.305638052,38660.617330657267303,72015683.098684996366501,4,2
18643.000000000000000,75.450000000000003,NM,1.10901E+11,Los Gatos Canyon-Tramperos Creek,1.10901E+11,-0.896977397,0.806948043,-0.518183152,1.261172734731270,0.757506873,1.328814150068220,-1.794561064,0.182697593,0.305409554,-0.52000275,1.256685870488980,0.404370396,0.233588,-0.424877873,0.324372953,-1.563470332,-0.40316896,-0.251036548,0.370562566,0.67597212,0.33798606,0.370562566,0.305409554,44250.765672925335821,75422381.096639603376389,4,2
31045.729999999999563,125.640000000000001,NM,1.10901E+11,Shaw Breaks-Tramperos Creek,1.10901E+11,-0.970290677,0.806948043,-0.518183152,1.261172734731270,0.757506873,1.328814150068220,-1.794561064,0.176367031,0.303726875,-0.52000275,1.256685870488980,0.586353182,0.233588,-0.424877873,0.324372953,-1.563470332,-0.40316896,-0.239824246,0.375071973,0.678798847,0.339399424,0.375071973,0.303726875,51778.238034818699816,125607690.008876398205757,4,2
24735.860000000000582,100.100000000000009,NM,1.10901E+11,110901020305-Tramperos Creek,1.10901E+11,-1.112497955,0.806948043,-0.518183152,1.261172734731270,0.757506873,1.328814150068220,-1.794561064,0.164087509,0.300462947,-0.52000275,1.256685870488980,0.492752981,0.233588,-0.424877873,0.324372953,-1.563470332,-0.40316896,-0.245591131,0.372752625,0.673215572,0.336607786,0.372752625,0.300462947,61079.512991201816476,100089971.703355655074120,4,2
28415.959999999999127,115.000000000000000,NM,1.10901E+11,Black Canyon,1.10901E+11,-0.382873171,-0.412018692,-0.518183152,2.926343800938720,-0.33287626,1.470045433386160,-1.412734535,0.189209907,0.307140543,-0.740723713,2.254375596051190,0.59693798,0.250343584,0.774956094,0.190875086,-1.0414281,-0.772320686,0.121998244,0.520591137,0.82773168,0.41386584,0.520591137,0.307140543,55560.199107802625804,114954033.965937227010727,4,3
24203.670000000001892,97.950000000000003,NM,1.10901E+11,Headwaters Perico Creek,1.10901E+11,-0.41130057,-0.412018692,-0.518183152,2.926343800938720,-0.33287626,1.470045433386160,-1.412734535,0.186755217,0.30648808,-0.740723713,2.254375596051190,0.624560091,0.250343584,0.774956094,0.190875086,-1.0414281,-0.772320686,0.123700094,0.521275594,0.827763674,0.413881837,0.521275594,0.30648808,56316.491082478365570,97912072.660810947418213,4,3
18613.229999999999563,75.329999999999998,NM,1.10901E+11,110901030203-Perico Creek,1.10901E+11,-0.620795554,-0.412018692,-0.518183152,2.926343800938720,-0.33287626,1.470045433386160,-1.412734535,0.168665438,0.301679772,-0.740723713,2.254375596051190,0.591946905,0.250343584,0.774956094,0.190875086,-1.0414281,-0.772320686,0.121690734,0.520467462,0.822147234,0.411073617,0.520467462,0.301679772,41661.291822194849374,75304256.277273386716843,4,3
21471.400000000001455,86.890000000000001,NM,1.10901E+11,Mays Ranch-Perico Creek,1.10901E+11,-0.767127113,-0.412018692,-0.518183152,2.926343800938720,-0.33287626,1.470045433386160,-1.412734535,0.156029787,0.298321185,-0.740723713,2.254375596051190,0.895214844,0.250343584,0.774956094,0.190875086,-1.0414281,-0.772320686,0.140375642,0.52798223,0.826303415,0.413151707,0.52798223,0.298321185,45403.940544682460313,86874195.796739906072617,4,3
24281.850000000002183,98.269999999999996,NM,1.10901E+11,Upper Sand Draw,1.10901E+11,-0.672070911,-0.412018692,-0.518183152,2.926343800938720,-0.33287626,1.470045433386160,-1.412734535,0.164237839,0.300502905,-0.740723713,2.254375596051190,0.619295716,0.250343584,0.774956094,0.190875086,-1.0414281,-0.772320686,0.123375746,0.521145146,0.821648051,0.410824026,0.521145146,0.300502905,55138.767273830671911,98238048.909209758043289,4,3
31376.529999999998836,126.980000000000004,NM,1.10901E+11,Middle Sand Draw,1.10901E+11,-0.867453107,-0.412018692,-0.518183152,2.926343800938720,-0.33287626,1.470045433386160,-1.412734535,0.147366692,0.296018513,-0.740723713,2.254375596051190,0.889914236,0.250343584,0.774956094,0.190875086,-1.0414281,-0.772320686,0.140049062,0.527850884,0.823869397,0.411934699,0.527850884,0.296018513,55004.864102251332952,126954993.257979407906532,4,3
29920.100000000002183,121.079999999999998,NM,1.10901E+11,Carrizo Creek,1.10901E+11,0.335691984,-0.730678519,0.03981339,1.242569406595220,0.757506873,-0.883285478,-1.267605534,-0.31916728,0.172012625,-0.421989178,1.745146205579270,-0.811418844,0.210558852,-0.300304999,-0.196313398,-0.599293834,-0.205317458,-0.080419956,0.439181805,0.61119443,0.305597215,0.439181805,0.172012625,84815.040365094711888,121008665.218197926878929,2,3
25921.900000000001455,104.900000000000006,NM,1.10901E+11,Cedar Hills-Carrizo Creek,1.10901E+11,-0.822342773,-0.730678519,0.03981339,1.242569406595220,0.757506873,-0.883285478,-1.267605534,-0.419162956,0.145433526,-0.421989178,1.745146205579270,0.468762749,0.210558852,-0.300304999,-0.196313398,-0.599293834,-0.205317458,-0.001545561,0.470903813,0.616337339,0.308168669,0.470903813,0.145433526,56757.092651650906191,104879514.863226681947708,1,3
18760.850000000002183,75.920000000000002,NM,1.11001E+11,Hackberry Canyon-Corrumpa Creek,1.11001E+11,-0.256990605,-0.47764432,-0.518183152,1.495714838062700,-0.33287626,2.037954230125510,-0.484240763,0.379725918,0.357780172,-0.842622697,1.791547621867850,0.619077682,0.260362692,1.013907464909010,-0.059161984,-0.606718042,-0.128285791,0.253391896,0.573435543,0.931215714,0.465607857,0.573435543,0.357780172,47537.583923948433949,75890417.715051740407944,5,4
22531.860000000000582,91.180000000000007,NM,1.11001E+11,Turkey Canyon-Corrumpa Creek,1.11001E+11,-0.44826124,-0.47764432,-0.518183152,1.495714838062700,-0.33287626,2.037954230125510,-0.484240763,0.363209802,0.353390147,-0.842622697,1.791547621867850,0.73248471,0.260362692,1.013907464909010,-0.059161984,-0.606718042,-0.128285791,0.260379116,0.57624569,0.929635837,0.464817918,0.57624569,0.353390147,49589.692899242450949,91150638.654932454228401,4,4
19985.220000000001164,80.879999999999995,NM,1.11001E+11,111001010106-Corrumpa Creek,1.11001E+11,-0.571299111,-0.47764432,-0.518183152,1.495714838062700,-0.33287626,2.037954230125510,-0.484240763,0.352585548,0.350566194,-0.842622697,1.791547621867850,0.655050867,0.260362692,1.013907464909010,-0.059161984,-0.606718042,-0.128285791,0.255608271,0.574326933,0.924893127,0.462446564,0.574326933,0.350566194,47203.333061590994475,80852868.933802112936974,4,4
27955.170000000001892,113.129999999999995,NM,1.11001E+11,1.11001E+11,1.11001E+11,-0.524674432,-0.47764432,-0.518183152,1.495714838062700,-0.33287626,2.037954230125510,-0.484240763,0.356611564,0.351636319,-0.842622697,1.791547621867850,0.567300777,0.260362692,1.013907464909010,-0.059161984,-0.606718042,-0.128285791,0.250201823,0.572152547,0.923788866,0.461894433,0.572152547,0.351636319,55117.926269153162139,113100069.910518258810043,4,4
21142.100000000002183,85.560000000000002,NM,1.11001E+11,Clayton Lake-Seneca Creek,1.11001E+11,-0.557367772,-0.47764432,-0.518183152,1.495714838062700,-0.33287626,2.037954230125510,-0.484240763,0.353788512,0.350885945,-0.842622697,1.791547621867850,0.768443501,0.260362692,1.013907464909010,-0.059161984,-0.606718042,-0.128285791,0.262594605,0.577136723,0.928022668,0.464011334,0.577136723,0.350885945,69118.136402556847315,85534682.854340344667435,4,4
31173.010000000002037,126.150000000000006,NM,1.11001E+11,Alamos Creek,1.11001E+11,-0.579074691,-0.47764432,-0.518183152,1.495714838062700,-0.33287626,2.037954230125510,-0.484240763,0.351914131,0.35038773,-0.842622697,1.791547621867850,0.665576051,0.260362692,1.013907464909010,-0.059161984,-0.606718042,-0.128285791,0.256256748,0.57458774,0.924975469,0.462487735,0.57458774,0.35038773,81469.626336389468634,126119168.333784744143486,4,4
20851.619999999998981,84.379999999999995,NM,1.11001E+11,Murphy Lake-Seneca Creek,1.11001E+11,-0.781845527,-0.47764432,-0.518183152,1.495714838062700,-0.33287626,2.037954230125510,-0.484240763,0.334404979,0.345733754,-0.842622697,1.791547621867850,0.696365718,0.260362692,1.013907464909010,-0.059161984,-0.606718042,-0.128285791,0.258153757,0.575350686,0.92108444,0.46054222,0.575350686,0.345733754,56906.382255168464326,84370454.036192342638969,4,4
18375.260000000002037,74.359999999999999,NM,1.11001E+11,Sand Creek,1.11001E+11,-0.340554981,-0.47764432,-0.518183152,1.495714838062700,-0.33287626,2.037954230125510,-0.484240763,0.372510179,0.35586221,-0.842622697,1.791547621867850,0.825973158,0.260362692,1.013907464909010,-0.059161984,-0.606718042,-0.128285791,0.266139115,0.578562268,0.934424479,0.467212239,0.578562268,0.35586221,52334.493450147092517,74332760.769642472267151,5,4
31337.350000000002183,126.820000000000007,NM,1.11001E+11,Headwaters Rafael Creek,1.11001E+11,-0.279480837,-0.47764432,-0.518183152,1.495714838062700,-0.33287626,2.037954230125510,-0.484240763,0.377783899,0.357263978,-0.842622697,1.791547621867850,0.873291152,0.260362692,1.013907464909010,-0.059161984,-0.606718042,-0.128285791,0.269054466,0.579734775,0.936998753,0.468499377,0.579734775,0.357263978,56501.166027572391613,126764534.792144358158112,5,4
14520.090000000000146,58.759999999999998,NM,1.11001E+11,Outlet Rafael Creek,1.11001E+11,-0.544329137,-0.47764432,-0.518183152,1.495714838062700,-0.33287626,2.037954230125510,-0.484240763,0.354914391,0.351185206,-0.842622697,1.791547621867850,0.760153893,0.260362692,1.013907464909010,-0.059161984,-0.606718042,-0.128285791,0.262083866,0.576931313,0.928116519,0.46405826,0.576931313,0.351185206,46138.889588771235140,58742366.526596993207932,4,4
10304.180000000000291,41.700000000000003,NM,1.11001E+11,Alamosita Creek,1.11001E+11,-0.608377577,-0.47764432,-0.518183152,1.495714838062700,-0.33287626,2.037954230125510,-0.484240763,0.349383843,0.349715173,-0.842622697,1.791547621867850,0.792370583,0.260362692,1.013907464909010,-0.059161984,-0.606718042,-0.128285791,0.264068797,0.57772962,0.927444793,0.463722396,0.57772962,0.349715173,33665.436420622980222,41688521.931179106235504,4,4
29482.190000000002328,119.310000000000002,NM,1.11001E+11,Lookout Hill-Corrumpa Creek,1.11001E+11,-0.714929421,-0.47764432,-0.518183152,1.495714838062700,-0.33287626,2.037954230125510,-0.484240763,0.340183149,0.347269605,-0.842622697,1.791547621867850,0.758964857,0.260362692,1.013907464909010,-0.059161984,-0.606718042,-0.128285791,0.262010608,0.576901849,0.924171455,0.462085727,0.576901849,0.347269605,59445.681916324349004,119285146.090755164623260,4,4
13317.700000000000728,53.890000000000001,NM,1.305E+11,Coyote Canyon,1.305E+11,-0.859276194,0.827622933,-0.102945038,1.470057714406400,0.757506873,-0.871935342,1.289342453390620,-0.026798116,0.249725074,0.025583788,-0.99651939,-0.019766781,0.384232296,-0.81882567,-1.344452487,-1.393338268,-0.775844859,-0.709452595,0.186195032,0.435920107,0.217960053,0.186195032,0.249725074,62640.002433047528029,53863132.373160220682621,4,1
21650.850000000002183,87.620000000000005,NM,1.305E+11,Lower Tularosa Creek,1.305E+11,-1.057990175,0.827622933,-0.102945038,1.470057714406400,0.757506873,-0.871935342,1.289342453390620,-0.043956961,0.245164211,0.025583788,-0.99651939,-0.010070619,0.384232296,-0.81882567,-1.344452487,-1.393338268,-0.775844859,-0.708855197,0.186435297,0.431599507,0.215799754,0.186435297,0.245164211,81085.653925589591381,87568222.202424660325050,4,1
16994.659999999999854,68.780000000000001,NM,1.305E+11,Sabinata Flat Arroyo,1.305E+11,-0.9835392,0.827622933,-0.102945038,1.470057714406400,0.757506873,-0.871935342,1.289342453390620,-0.037528159,0.246873002,0.025583788,-0.99651939,0.062843381,0.384232296,-0.81882567,-1.344452487,-1.393338268,-0.775844859,-0.704362828,0.188242055,0.435115057,0.217557528,0.188242055,0.246873002,82346.020950989448465,68735394.293839752674103,4,1
28040.229999999999563,113.469999999999999,NM,1.305E+11,Lost River,1.305E+11,-1.26839502,0.827622933,-0.102945038,1.470057714406400,0.757506873,-0.871935342,1.289342453390620,-0.062125306,0.24033502,0.025583788,-0.99651939,0.025099884,0.384232296,-0.81882567,-1.344452487,-1.393338268,-0.775844859,-0.706688276,0.187306797,0.427641817,0.213820908,0.187306797,0.24033502,71325.879791935323738,113411080.670360758900642,3,1
40568.139999999999418,164.170000000000016,NM,1.30202E+11,Pino Draw,1.30202E+11,-0.622242706,-0.323537845,-0.299882144,1.934667084987930,0.757506873,-0.377257972,0.188365533,-0.131996461,0.221763093,-0.191406104,-0.070333357,0.126762927,0.297064554,-0.035465375,-0.825229563,-0.008736652,-0.937062652,-0.236329103,0.376477663,0.598240756,0.299120378,0.376477663,0.221763093,65710.324253620041418,164134348.052470952272415,3,2
16639.150000000001455,67.340000000000003,NM,1.30202E+11,Maes Arroyo-Rio Grande,1.30202E+11,-0.847328387,-0.323537845,-0.299882144,1.934667084987930,0.757506873,-0.377257972,0.188365533,-0.151432488,0.216596949,-0.191406104,-0.070333357,-0.065945664,0.297064554,-0.035465375,-0.825229563,-0.008736652,-0.937062652,-0.248202241,0.371702478,0.588299427,0.294149714,0.371702478,0.216596949,59578.026311371540942,67326169.785660967230797,3,2
17146.290000000000873,69.390000000000001,NM,1.30202E+11,Pascual Arroyo-Rio Grande,1.30202E+11,-0.884725996,-0.323537845,-0.299882144,1.934667084987930,0.757506873,-0.377257972,0.188365533,-0.154661751,0.215738603,-0.191406104,-0.070333357,0.133131873,0.297064554,-0.035465375,-0.825229563,-0.008736652,-0.937062652,-0.2359367,0.376635481,0.592374084,0.296187042,0.376635481,0.215738603,41394.719560751589597,69379370.543143957853317,3,2
14246.579999999999927,57.649999999999999,NM,1.30202E+11,Palo Duro Canyon-Rio Grande,1.30202E+11,-0.658284206,-0.323537845,-0.299882144,1.934667084987930,0.757506873,-0.377257972,0.188365533,-0.135108625,0.220935872,-0.191406104,-0.070333357,0.103459042,0.297064554,-0.035465375,-0.825229563,-0.008736652,-0.937062652,-0.237764899,0.375900209,0.596836081,0.298418041,0.375900209,0.220935872,79232.412863944060518,57643954.151942826807499,3,2
22224.549999999999272,89.939999999999998,NM,1.30202E+11,Bernardo Arroyo-Rio Grande,1.30202E+11,-0.893089203,-0.323537845,-0.299882144,1.934667084987930,0.757506873,-0.377257972,0.188365533,-0.15538391,0.215546651,-0.191406104,-0.070333357,0.259250709,0.297064554,-0.035465375,-0.825229563,-0.008736652,-0.937062652,-0.228166281,0.379760618,0.595307269,0.297653635,0.379760618,0.215546651,67250.161475479762885,89931192.673976778984070,3,2
23811.049999999999272,96.359999999999999,NM,1.30202E+11,Sierra Ladrones-Rio Puerco,1.30202E+11,-0.624027624,-0.089704982,-0.409817791,0.725073674,1.847890006417870,0.013010724,-0.217071908,-0.059751375,0.240966016,-0.105709059,-0.112153801,0.560368674,0.34316139,0.558230473,-1.92797861,1.073114626062410,-0.634833629,0.065106742,0.497710293,0.73867631,0.369338155,0.497710293,0.240966016,72125.511184595743543,96358528.861219495534897,3,3
27544.680000000000291,111.469999999999999,NM,1.30202E+11,Tres Hermanos Peaks-Rio Salado,1.30202E+11,0.140601774,-0.386042447,-0.518183152,0.269286274,-0.33287626,-0.778141145,-0.080375969,-0.430479239,0.14242563,1.046319430106780,0.185543421,0.22163756,0.244223086,0.369736962,-0.889751297,-0.030300343,-0.44216347,0.158681049,0.535344369,0.677769999,0.338884999,0.535344369,0.14242563,94435.311641907086596,111530585.331609115004539,1,4
16754.180000000000291,67.799999999999997,NM,1.30202E+11,Richard Spring-Rio Salado,1.30202E+11,-0.131614474,-0.386042447,-0.518183152,0.269286274,-0.33287626,-0.778141145,-0.080375969,-0.453984965,0.136177749,1.046319430106780,0.185543421,0.180824382,0.244223086,0.369736962,-0.889751297,-0.030300343,-0.44216347,0.156166472,0.534333047,0.670510796,0.335255398,0.534333047,0.136177749,68120.889062081303564,67830301.959908753633499,1,4
37001.000000000000000,149.740000000000009,NM,1.30202E+11,Canon del Alamito-Rio Salado,1.30202E+11,-0.157613739,-0.386042447,-0.518183152,0.269286274,-0.33287626,-0.778141145,-0.080375969,-0.456229987,0.135581017,1.046319430106780,0.185543421,0.289536009,0.244223086,0.369736962,-0.889751297,-0.030300343,-0.44216347,0.1628644,0.537026845,0.672607862,0.336303931,0.537026845,0.135581017,79682.656100118154427,149782291.832985192537308,1,4
34148.150000000001455,138.189999999999998,NM,1.30202E+11,Baca Canyon-Rio Salado,1.30202E+11,-0.174343336,-0.386042447,-0.518183152,0.269286274,-0.33287626,-0.778141145,-0.080375969,-0.457674579,0.135197041,1.046319430106780,0.185543421,0.286105385,0.244223086,0.369736962,-0.889751297,-0.030300343,-0.44216347,0.162653033,0.536941837,0.672138878,0.336069439,0.536941837,0.135197041,70257.479868131806143,138221767.585373282432556,1,4
17280.170000000001892,69.930000000000007,NM,1.30202E+11,Carbon Springs-Rio Salado,1.30202E+11,-0.335830957,-0.386042447,-0.518183152,0.269286274,-0.33287626,-0.778141145,-0.080375969,-0.471618948,0.131490593,1.046319430106780,0.185543421,0.128500217,0.244223086,0.369736962,-0.889751297,-0.030300343,-0.44216347,0.152942682,0.53303649,0.664527083,0.332263542,0.53303649,0.131490593,67205.760993603049428,69942215.483870476484299,1,4
34096.489999999997963,137.979999999999990,NM,1.30202E+11,Canada Popotosa-Rio Salado,1.30202E+11,-0.487632985,-0.386042447,-0.518183152,0.269286274,-0.33287626,-0.778141145,-0.080375969,-0.484726971,0.128006448,1.046319430106780,0.185543421,0.151620923,0.244223086,0.369736962,-0.889751297,-0.030300343,-0.44216347,0.154367192,0.533609405,0.661615853,0.330807927,0.533609405,0.128006448,59116.226197130286891,137992789.278879195451736,1,4
22178.830000000001746,89.750000000000000,NM,1.30202E+11,Arroyo Tio Lino-Rio Salado,1.30202E+11,-0.800788721,-0.386042447,-0.518183152,0.269286274,-0.33287626,-0.778141145,-0.080375969,-0.5117678,0.120818929,1.046319430106780,0.185543421,0.222021256,0.244223086,0.369736962,-0.889751297,-0.030300343,-0.44216347,0.158704689,0.535353877,0.656172805,0.328086403,0.535353877,0.120818929,61363.893322713076486,89753410.293106362223625,1,4
31670.139999999999418,128.159999999999997,NM,1.306E+11,Vaughn Ranch-Pecos River,1.306E+11,-1.367965009,-0.164740309,-0.518183152,-0.695294414,0.757506873,-0.823131072,-0.796194255,-0.603512619,0.096432928,-0.966998958,-0.366207333,-0.231175012,0.233063009,-1.135372106,0.64743022,-0.759543371,-0.844797499,-0.657160204,0.207226188,0.303659116,0.151829558,0.207226188,0.096432928,75067.177823322839686,128079382.940722808241844,1,1
23895.900000000001455,96.700000000000003,NM,1.306E+11,Pennington Well-Pecos River,1.306E+11,-1.418781708,-0.164740309,-0.518183152,-0.695294414,0.757506873,-0.823131072,-0.796194255,-0.607900614,0.095266588,-0.966998958,-0.366207333,-0.759315528,0.233063009,-1.135372106,0.64743022,-0.759543371,-0.844797499,-0.689699934,0.194139234,0.289405822,0.144702911,0.194139234,0.095266588,58684.349245284196513,96638127.128128200769424,1,1
15779.960000000000946,63.859999999999999,NM,1.306E+11,Outlet Taiban Creek,1.306E+11,-1.408233244,-0.83194302,-0.518183152,1.996214841165590,0.757506873,-0.869071022,-2.701437035,-0.746438214,0.05844295,-1.314996823,-1.705005808,0.24652749,0.219679815,-1.177290675,0.40284146,-0.176420673,-0.51290234,-0.741702509,0.173224638,0.231667588,0.115833794,0.173224638,0.05844295,42651.641681227934896,63818193.674519456923008,1,1
33328.050000000002910,134.870000000000005,"CO,NM",1.301E+11,Lola Creek-Rio de los Pinos,1.301E+11,1.681916108994480,-0.83667115,2.601376614164990,-0.814895908,-2.513642526,6.106606190074830,3.042489298014620,2.746933670495890,0.986989869,-0.586660517,-0.004042568,5.291777571840810,-5.729338357,3.204025156749460,0.28806409,2.906429118610580,1.441011618378130,1.314012433315820,1.000000000000000,1.986989868603340,0.993494934,1.000000000000000,0.986989869,65512.310987601384113,133774839.250004932284355,5,5
40403.559999999997672,163.509999999999991,"CO,NM",1.301E+11,Canada de los Ranchos-Rio San Antonio,1.301E+11,1.653111940468340,-0.83667115,2.601376614164990,-0.814895908,-2.513642526,6.106606190074830,3.042489298014620,2.744446446097910,0.986328758,-0.586660517,-0.004042568,3.275367981165400,-5.729338357,3.204025156749460,0.28806409,2.906429118610580,1.441011618378130,1.189777647584270,0.950034775,1.936363533013490,0.968181767,0.950034775,0.986328758,82782.261146269855089,163340616.830685704946518,5,5
29548.260000000002037,119.579999999999998,NM,1.305E+11,Milbourn Draw,1.305E+11,0.232900021,0.080962104,-0.518183152,-0.814895908,-1.423259393,-0.837641641,-0.257844834,-0.523234321,0.117771099,0.058854002,0.377117759,0.283608715,0.339587034,-0.635012236,-0.173229142,-0.129576287,-0.088453846,-0.088865896,0.435784984,0.553556083,0.276778041,0.435784984,0.117771099,58605.240745949951815,119518879.122046783566475,1,3
11317.610000000000582,45.800000000000004,NM,1.30201E+11,Arroyo de la Plaza Larga,1.30201E+11,0.465516451,0.153004765,3.160849657975070,0.52194796,0.757506873,0.25742834,1.243407160137290,1.273413584082520,0.595324572,0.197910208,0.68889681,0.474902959,-1.916650831,0.822078261,0.362083591,1.530812340087640,1.534386241860980,0.733706557,0.766610345,1.361934916650690,0.680967458,0.766610345,0.595324572,57280.919571368540346,45777661.576896525919437,5,5
31515.110000000000582,127.540000000000006,NM,1.30201E+11,Arroyo de los Chavez-Rio Grande,1.30201E+11,-0.224102833,0.153004765,3.160849657975070,0.52194796,0.757506873,0.25742834,1.243407160137290,1.213865331311710,0.579496498,0.197910208,0.68889681,0.128615423,-1.916650831,0.822078261,0.362083591,1.530812340087640,1.534386241860980,0.71237113,0.758029581,1.337526079316860,0.66876304,0.758029581,0.579496498,91724.569018757276353,127464167.964205548167229,5,5
31520.030000000002474,127.560000000000002,NM,1.30201E+11,Santa Clara Creek,1.30201E+11,1.107768558396440,0.153004765,3.160849657975070,0.52194796,0.757506873,0.25742834,1.243407160137290,1.328871706764830,0.610065479,0.197910208,0.68889681,-0.823723839,-1.916650831,0.822078261,0.362083591,1.530812340087640,1.534386241860980,0.653695718,0.734431277,1.344496755797750,0.672248378,0.734431277,0.610065479,85557.930009828865877,127498563.416788503527641,5,5
31984.530000000002474,129.439999999999998,NM,1.30201E+11,Black Mesa Arroyo-Rio Grande,1.30201E+11,-0.248767456,0.153004765,3.160849657975070,0.52194796,0.757506873,0.25742834,1.243407160137290,1.211735554433200,0.578930398,0.197910208,0.68889681,0.396062052,-1.916650831,0.822078261,0.362083591,1.530812340087640,1.534386241860980,0.72884902,0.764656722,1.343587120505270,0.67179356,0.764656722,0.578930398,86185.993917888510623,129361827.546905413269997,5,5
27347.760000000002037,110.670000000000002,NM,1.30201E+11,Arroyo Alamo-Rio Grande,1.30202E+11,0.037229631,0.153004765,3.160849657975070,0.52194796,0.757506873,0.25742834,1.243407160137290,1.236431248514540,0.585494575,0.197910208,0.68889681,0.46865514,-1.916650831,0.822078261,0.362083591,1.530812340087640,1.534386241860980,0.733321617,0.766455528,1.351950103463260,0.675975052,0.766455528,0.585494575,74738.274684163261554,110615166.554330661892891,5,5
39874.379999999997381,161.370000000000005,NM,1.30201E+11,Outlet El Rito,1.30201E+11,0.277619638,-0.694322299,-0.374439185,-0.202746346,0.757506873,1.595268052810170,0.781792097,0.416250604,0.367488524,-0.572388519,0.286742863,-0.181228582,-2.534839024,1.903996223416780,-0.483764455,1.335335030990230,1.084741913001590,0.558550287,0.696165321,1.063653844677480,0.531826922,0.696165321,0.367488524,73165.144838500447804,161282571.654822498559952,5,5
32470.049999999999272,131.400000000000006,NM,1.30201E+11,Canada Biscara-Rio Tusas,1.30201E+11,1.877130954890420,-0.694322299,-0.374439185,-0.202746346,0.757506873,1.595268052810170,0.781792097,0.554367542,0.404200349,-0.572388519,0.286742863,-0.145279958,-2.534839024,1.903996223416780,-0.483764455,1.335335030990230,1.084741913001590,0.560765149,0.697056103,1.101256451642670,0.550628226,0.697056103,0.404200349,58351.946550262386154,131332556.382357269525528,5,5
38316.230000000003201,155.060000000000002,NM,1.30201E+11,Canada del Aqua-Rio Tusas,1.30201E+11,1.443899095667750,-0.694322299,-0.374439185,-0.202746346,0.757506873,1.595268052810170,0.781792097,0.516958205,0.394256854,-0.572388519,0.286742863,0.273592463,-2.534839024,1.903996223416780,-0.483764455,1.335335030990230,1.084741913001590,0.586572666,0.70743547,1.101692323814890,0.550846162,0.70743547,0.394256854,63951.535271359069156,154972142.323682725429535,5,5
34878.389999999999418,141.150000000000006,NM,1.30201E+11,Canada Alamosa-Rio Vallecitos,1.30201E+11,1.588405375176590,-0.694322299,-0.374439185,-0.202746346,0.757506873,1.595268052810170,0.781792097,0.529436244,0.397573548,-0.572388519,0.286742863,-1.227957661,-2.534839024,1.903996223416780,-0.483764455,1.335335030990230,1.084741913001590,0.49405934,0.670228103,1.067801651409930,0.533900826,0.670228103,0.397573548,67164.997311148516019,141075183.111972957849503,5,4
30449.450000000000728,123.219999999999999,NM,1.30201E+11,Canada del Agua-Rio Vallecitos,1.30201E+11,1.216066919021730,-0.694322299,-0.374439185,-0.202746346,0.757506873,1.595268052810170,0.781792097,0.49728502,0.389027673,-0.572388519,0.286742863,0.169244665,-2.534839024,1.903996223416780,-0.483764455,1.335335030990230,1.084741913001590,0.580143602,0.704849804,1.093877476536820,0.546938738,0.704849804,0.389027673,62274.958184057148173,123159026.361039832234383,5,5
25426.440000000002328,102.900000000000006,NM,1.30201E+11,Canada del Rancho-Rio Vallecitos,1.30201E+11,0.816084672,-0.694322299,-0.374439185,-0.202746346,0.757506873,1.595268052810170,0.781792097,0.462746769,0.37984732,-0.572388519,0.286742863,-0.169753733,-2.534839024,1.903996223416780,-0.483764455,1.335335030990230,1.084741913001590,0.559257274,0.69644966,1.076296979501000,0.53814849,0.69644966,0.37984732,61826.100625899278384,102840271.990084230899811,5,5
17633.709999999999127,71.359999999999999,NM,1.30201E+11,Upper Rio Ojo Caliente,1.30201E+11,0.404820041,-0.694322299,-0.374439185,-0.202746346,0.757506873,1.595268052810170,0.781792097,0.42723429,0.370408015,-0.572388519,0.286742863,0.099529908,-2.534839024,1.903996223416780,-0.483764455,1.335335030990230,1.084741913001590,0.575848345,0.703122321,1.073530335538080,0.536765168,0.703122321,0.370408015,45572.963940659712534,71320942.753622114658356,5,5
30027.110000000000582,121.519999999999996,NM,1.30201E+11,Middle Rio Ojo Caliente,1.30201E+11,0.137380259,-0.694322299,-0.374439185,-0.202746346,0.757506873,1.595268052810170,0.781792097,0.404141009,0.364269764,-0.572388519,0.286742863,0.114695111,-2.534839024,1.903996223416780,-0.483764455,1.335335030990230,1.084741913001590,0.576782702,0.703498104,1.067767867346060,0.533883934,0.703498104,0.364269764,70593.345764524594415,121443811.754939988255501,5,5
22628.360000000000582,91.570000000000007,NM,1.30201E+11,Lower Rio Ojo Caliente,1.30201E+11,-0.106538024,-0.694322299,-0.374439185,-0.202746346,0.757506873,1.595268052810170,0.781792097,0.383078797,0.358671375,-0.572388519,0.286742863,-0.191776145,-2.534839024,1.903996223416780,-0.483764455,1.335335030990230,1.084741913001590,0.557900431,0.69590396,1.054575334852830,0.527287667,0.69590396,0.358671375,63980.631699753037537,91521593.721249043941498,5,5
26374.959999999999127,106.740000000000009,NM,1.30201E+11,Arroyo del Palacio-Rio Chama,1.30201E+11,-0.047306728,-0.694322299,-0.374439185,-0.202746346,0.757506873,1.595268052810170,0.781792097,0.388193387,0.360030846,-0.572388519,0.286742863,0.1424149,-2.534839024,1.903996223416780,-0.483764455,1.335335030990230,1.084741913001590,0.57849057,0.704184981,1.064215827011820,0.532107914,0.704184981,0.360030846,62220.051255263402709,106680444.306787982583046,5,5
21599.869999999998981,87.409999999999997,NM,1.30201E+11,Arroyo de la Presa-Rio Chama,1.30201E+11,-0.123834428,-0.694322299,-0.374439185,-0.202746346,0.757506873,1.595268052810170,0.781792097,0.381585262,0.35827439,-0.572388519,0.286742863,-0.145957281,-2.534839024,1.903996223416780,-0.483764455,1.335335030990230,1.084741913001590,0.560723418,0.697039319,1.055313709041930,0.527656855,0.697039319,0.35827439,52611.147618577051617,87364704.531586632132530,5,5
31280.380000000001019,126.590000000000003,NM,1.30202E+11,Arroyo Calabasas,1.30202E+11,0.185610452,0.016479192,1.456183025262790,0.878806667,0.757506873,-0.650084595,-0.048969577,0.345975551,0.348809241,-0.375692068,-0.562311807,0.478559792,0.285408431,-0.055027023,0.728081507,1.190019233114970,0.201367227,0.159030715,0.535484999,0.884294239,0.44214712,0.535484999,0.348809241,63808.961423123990244,126515320.177810847759247,4,4
11447.889999999999418,46.329999999999998,NM,1.30202E+11,Cienega Creek,1.30202E+11,-0.032768157,0.016479192,1.456183025262790,0.878806667,0.757506873,-0.650084595,-0.048969577,0.327118676,0.343797036,-0.375692068,-0.562311807,0.374518901,0.285408431,-0.055027023,0.728081507,1.190019233114970,0.201367227,0.15262056,0.532906938,0.876703974,0.438351987,0.532906938,0.343797036,50205.470232289779233,46301502.264865502715111,4,4
19476.040000000000873,78.820000000000007,NM,1.30202E+11,Alamo Creek,1.30202E+11,-0.048277027,0.016479192,1.456183025262790,0.878806667,0.757506873,-0.650084595,-0.048969577,0.325779494,0.343441078,-0.375692068,-0.562311807,0.395070413,0.285408431,-0.055027023,0.728081507,1.190019233114970,0.201367227,0.153886777,0.53341619,0.876857269,0.438428634,0.53341619,0.343441078,56249.935110768557934,78772117.908399745821953,4,4
33782.680000000000291,136.710000000000008,NM,1.30202E+11,Outlet Santa Fe River,1.30202E+11,-0.212548786,0.016479192,1.456183025262790,0.878806667,0.757506873,-0.650084595,-0.048969577,0.311594716,0.339670729,-0.375692068,-0.562311807,0.310371161,0.285408431,-0.055027023,0.728081507,1.190019233114970,0.201367227,0.148668297,0.531317402,0.870988131,0.435494065,0.531317402,0.339670729,68464.026534270131378,136644788.088423132896423,4,4
28523.240000000001601,115.430000000000007,NM,1.30202E+11,Canada de Buey-Rio Grande,1.30202E+11,0.210331375,0.016479192,1.456183025262790,0.878806667,0.757506873,-0.650084595,-0.048969577,0.34811019,0.349376633,-0.375692068,-0.562311807,0.212824679,0.285408431,-0.055027023,0.728081507,1.190019233114970,0.201367227,0.142658275,0.528900268,0.878276901,0.43913845,0.528900268,0.349376633,80906.678412323322846,115372488.627729371190071,4,3
26448.069999999999709,107.030000000000001,NM,1.30202E+11,San Marcos Arroyo,1.30202E+11,0.210806346,0.016479192,1.456183025262790,0.878806667,0.757506873,-0.650084595,-0.048969577,0.348151203,0.349387534,-0.375692068,-0.562311807,0.290894299,0.285408431,-0.055027023,0.728081507,1.190019233114970,0.201367227,0.147468291,0.530834779,0.880222313,0.440111156,0.530834779,0.349387534,92034.283513245332870,106965919.989477515220642,4,4
39507.309999999997672,159.879999999999995,NM,1.30202E+11,Arroyo Viejo-Galisteo Creek,1.30202E+11,-0.104953719,0.016479192,1.456183025262790,0.878806667,0.757506873,-0.650084595,-0.048969577,0.320885492,0.34214024,-0.375692068,-0.562311807,0.320021436,0.285408431,-0.055027023,0.728081507,1.190019233114970,0.201367227,0.149262869,0.531556529,0.873696769,0.436848385,0.531556529,0.34214024,85686.012433624448022,159790416.389341771602631,4,4
,,,,,,,,,,,,,,,,,,,,,,,,,,,0.203709931,0.147460544,,,,
